{
  "about": {
    "projectName": "Demo-BlackbirdDemo",
    "team": "QE",
    "releaseVersion": "1.0",
    "executionOS": "Windows 10 10.0",
    "environment": "QA",
    "userName": "vparthas"
  },
  "name": "run_1645524802305",
  "startDateTime": {
    "dateTime": {
      "date": {
        "year": 2022,
        "month": 2,
        "day": 22
      },
      "time": {
        "hour": 10,
        "minute": 13,
        "second": 23,
        "nano": 299000000
      }
    },
    "offset": {
      "totalSeconds": 0
    },
    "zone": {
      "totalSeconds": 0
    }
  },
  "endDateTime": {
    "dateTime": {
      "date": {
        "year": 2022,
        "month": 2,
        "day": 22
      },
      "time": {
        "hour": 10,
        "minute": 14,
        "second": 57,
        "nano": 746000000
      }
    },
    "offset": {
      "totalSeconds": 0
    },
    "zone": {
      "totalSeconds": 0
    }
  },
  "duration": "00h:01m:34s",
  "statusEnum": "PASSED",
  "status": "PASSED",
  "testSuites": [
    {
      "name": "Default suite",
      "startDateTime": {
        "dateTime": {
          "date": {
            "year": 2022,
            "month": 2,
            "day": 22
          },
          "time": {
            "hour": 10,
            "minute": 13,
            "second": 23,
            "nano": 728000000
          }
        },
        "offset": {
          "totalSeconds": 0
        },
        "zone": {
          "totalSeconds": 0
        }
      },
      "endDateTime": {
        "dateTime": {
          "date": {
            "year": 2022,
            "month": 2,
            "day": 22
          },
          "time": {
            "hour": 10,
            "minute": 14,
            "second": 56,
            "nano": 253000000
          }
        },
        "offset": {
          "totalSeconds": 0
        },
        "zone": {
          "totalSeconds": 0
        }
      },
      "duration": "00h:01m:32s",
      "statusEnum": "PASSED",
      "status": "PASSED",
      "tests": []
    },
    {
      "name": "Gatekeeper Test Cases",
      "startDateTime": {
        "dateTime": {
          "date": {
            "year": 2022,
            "month": 2,
            "day": 22
          },
          "time": {
            "hour": 10,
            "minute": 14,
            "second": 56,
            "nano": 254000000
          }
        },
        "offset": {
          "totalSeconds": 0
        },
        "zone": {
          "totalSeconds": 0
        }
      },
      "endDateTime": {
        "dateTime": {
          "date": {
            "year": 2022,
            "month": 2,
            "day": 22
          },
          "time": {
            "hour": 10,
            "minute": 14,
            "second": 56,
            "nano": 389000000
          }
        },
        "offset": {
          "totalSeconds": 0
        },
        "zone": {
          "totalSeconds": 0
        }
      },
      "duration": "00h:00m:00s",
      "statusEnum": "PASSED",
      "status": "PASSED",
      "tests": []
    },
    {
      "name": "Sanity Test Cases for AXA",
      "startDateTime": {
        "dateTime": {
          "date": {
            "year": 2022,
            "month": 2,
            "day": 22
          },
          "time": {
            "hour": 10,
            "minute": 14,
            "second": 56,
            "nano": 389000000
          }
        },
        "offset": {
          "totalSeconds": 0
        },
        "zone": {
          "totalSeconds": 0
        }
      },
      "endDateTime": {
        "dateTime": {
          "date": {
            "year": 2022,
            "month": 2,
            "day": 22
          },
          "time": {
            "hour": 10,
            "minute": 14,
            "second": 56,
            "nano": 391000000
          }
        },
        "offset": {
          "totalSeconds": 0
        },
        "zone": {
          "totalSeconds": 0
        }
      },
      "duration": "00h:00m:00s",
      "statusEnum": "PASSED",
      "status": "PASSED",
      "tests": []
    },
    {
      "name": "Dashboard Gatekeeper Test Cases",
      "startDateTime": {
        "dateTime": {
          "date": {
            "year": 2022,
            "month": 2,
            "day": 22
          },
          "time": {
            "hour": 10,
            "minute": 14,
            "second": 56,
            "nano": 391000000
          }
        },
        "offset": {
          "totalSeconds": 0
        },
        "zone": {
          "totalSeconds": 0
        }
      },
      "endDateTime": {
        "dateTime": {
          "date": {
            "year": 2022,
            "month": 2,
            "day": 22
          },
          "time": {
            "hour": 10,
            "minute": 14,
            "second": 56,
            "nano": 449000000
          }
        },
        "offset": {
          "totalSeconds": 0
        },
        "zone": {
          "totalSeconds": 0
        }
      },
      "duration": "00h:00m:00s",
      "statusEnum": "PASSED",
      "status": "PASSED",
      "tests": []
    },
    {
      "name": "Gatekeeper Test Cases",
      "startDateTime": {
        "dateTime": {
          "date": {
            "year": 2022,
            "month": 2,
            "day": 22
          },
          "time": {
            "hour": 10,
            "minute": 14,
            "second": 56,
            "nano": 449000000
          }
        },
        "offset": {
          "totalSeconds": 0
        },
        "zone": {
          "totalSeconds": 0
        }
      },
      "endDateTime": {
        "dateTime": {
          "date": {
            "year": 2022,
            "month": 2,
            "day": 22
          },
          "time": {
            "hour": 10,
            "minute": 14,
            "second": 56,
            "nano": 468000000
          }
        },
        "offset": {
          "totalSeconds": 0
        },
        "zone": {
          "totalSeconds": 0
        }
      },
      "duration": "00h:00m:00s",
      "statusEnum": "PASSED",
      "status": "PASSED",
      "tests": []
    },
    {
      "name": "User Story Test Cases for CAG Application",
      "startDateTime": {
        "dateTime": {
          "date": {
            "year": 2022,
            "month": 2,
            "day": 22
          },
          "time": {
            "hour": 10,
            "minute": 14,
            "second": 56,
            "nano": 468000000
          }
        },
        "offset": {
          "totalSeconds": 0
        },
        "zone": {
          "totalSeconds": 0
        }
      },
      "endDateTime": {
        "dateTime": {
          "date": {
            "year": 2022,
            "month": 2,
            "day": 22
          },
          "time": {
            "hour": 10,
            "minute": 14,
            "second": 56,
            "nano": 481000000
          }
        },
        "offset": {
          "totalSeconds": 0
        },
        "zone": {
          "totalSeconds": 0
        }
      },
      "duration": "00h:00m:00s",
      "statusEnum": "PASSED",
      "status": "PASSED",
      "tests": []
    },
    {
      "name": "Sanity Test Cases for QA Pull",
      "startDateTime": {
        "dateTime": {
          "date": {
            "year": 2022,
            "month": 2,
            "day": 22
          },
          "time": {
            "hour": 10,
            "minute": 14,
            "second": 56,
            "nano": 482000000
          }
        },
        "offset": {
          "totalSeconds": 0
        },
        "zone": {
          "totalSeconds": 0
        }
      },
      "endDateTime": {
        "dateTime": {
          "date": {
            "year": 2022,
            "month": 2,
            "day": 22
          },
          "time": {
            "hour": 10,
            "minute": 14,
            "second": 56,
            "nano": 686000000
          }
        },
        "offset": {
          "totalSeconds": 0
        },
        "zone": {
          "totalSeconds": 0
        }
      },
      "duration": "00h:00m:00s",
      "statusEnum": "PASSED",
      "status": "PASSED",
      "tests": [
        {
          "name": "Balances and Investmentssection Validation",
          "startDateTime": {
            "dateTime": {
              "date": {
                "year": 2022,
                "month": 2,
                "day": 22
              },
              "time": {
                "hour": 10,
                "minute": 14,
                "second": 56,
                "nano": 570000000
              }
            },
            "offset": {
              "totalSeconds": 0
            },
            "zone": {
              "totalSeconds": 0
            }
          },
          "endDateTime": {
            "dateTime": {
              "date": {
                "year": 2022,
                "month": 2,
                "day": 22
              },
              "time": {
                "hour": 10,
                "minute": 14,
                "second": 56,
                "nano": 585000000
              }
            },
            "offset": {
              "totalSeconds": 0
            },
            "zone": {
              "totalSeconds": 0
            }
          },
          "duration": "00h:00m:00s",
          "statusEnum": "PASSED",
          "status": "PASSED",
          "testMethods": [
            {
              "id": "BEFOREHook_1645524896572_1",
              "testMethodId": "BEFOREHook_1645524896572_1",
              "name": "BEFOREHook",
              "configuration": true,
              "methodType": "TestMethod",
              "startDateTime": {
                "dateTime": {
                  "date": {
                    "year": 2022,
                    "month": 2,
                    "day": 22
                  },
                  "time": {
                    "hour": 10,
                    "minute": 14,
                    "second": 56,
                    "nano": 572000000
                  }
                },
                "offset": {
                  "totalSeconds": 0
                },
                "zone": {
                  "totalSeconds": 0
                }
              },
              "endDateTime": {
                "dateTime": {
                  "date": {
                    "year": 2022,
                    "month": 2,
                    "day": 22
                  },
                  "time": {
                    "hour": 10,
                    "minute": 14,
                    "second": 56,
                    "nano": 573000000
                  }
                },
                "offset": {
                  "totalSeconds": 0
                },
                "zone": {
                  "totalSeconds": 0
                }
              },
              "duration": "00h:00m:00s",
              "statusEnum": "PASSED",
              "status": "PASSED",
              "testClass": "io.cucumber.core.runner.HookTestStep",
              "test": "Balances and Investmentssection Validation",
              "parameters": [],
              "suite": "Sanity Test Cases for QA Pull",
              "logOutput": [],
              "resourceMetaDataList": [],
              "userInterfaces": [],
              "webservices": []
            },
            {
              "id": "I login into ClientWorks application_1645524896575_1",
              "testMethodId": "I login into ClientWorks application_1645524896575_1",
              "name": "I login into ClientWorks application",
              "description": "Given ",
              "configuration": false,
              "methodType": "Step",
              "startDateTime": {
                "dateTime": {
                  "date": {
                    "year": 2022,
                    "month": 2,
                    "day": 22
                  },
                  "time": {
                    "hour": 10,
                    "minute": 14,
                    "second": 56,
                    "nano": 575000000
                  }
                },
                "offset": {
                  "totalSeconds": 0
                },
                "zone": {
                  "totalSeconds": 0
                }
              },
              "endDateTime": {
                "dateTime": {
                  "date": {
                    "year": 2022,
                    "month": 2,
                    "day": 22
                  },
                  "time": {
                    "hour": 10,
                    "minute": 14,
                    "second": 56,
                    "nano": 575000000
                  }
                },
                "offset": {
                  "totalSeconds": 0
                },
                "zone": {
                  "totalSeconds": 0
                }
              },
              "duration": "00h:00m:00s",
              "statusEnum": "PASSED",
              "status": "PASSED",
              "testClass": "io.cucumber.core.runner.PickleStepTestStep",
              "test": "Balances and Investmentssection Validation",
              "parameters": [],
              "suite": "Sanity Test Cases for QA Pull",
              "logOutput": [],
              "resourceMetaDataList": [],
              "userInterfaces": [],
              "webservices": []
            },
            {
              "id": "I should view Client Management Page is displayed_1645524896575_1",
              "testMethodId": "I should view Client Management Page is displayed_1645524896575_1",
              "name": "I should view Client Management Page is displayed",
              "description": "Then ",
              "configuration": false,
              "methodType": "Step",
              "startDateTime": {
                "dateTime": {
                  "date": {
                    "year": 2022,
                    "month": 2,
                    "day": 22
                  },
                  "time": {
                    "hour": 10,
                    "minute": 14,
                    "second": 56,
                    "nano": 575000000
                  }
                },
                "offset": {
                  "totalSeconds": 0
                },
                "zone": {
                  "totalSeconds": 0
                }
              },
              "endDateTime": {
                "dateTime": {
                  "date": {
                    "year": 2022,
                    "month": 2,
                    "day": 22
                  },
                  "time": {
                    "hour": 10,
                    "minute": 14,
                    "second": 56,
                    "nano": 576000000
                  }
                },
                "offset": {
                  "totalSeconds": 0
                },
                "zone": {
                  "totalSeconds": 0
                }
              },
              "duration": "00h:00m:00s",
              "statusEnum": "PASSED",
              "status": "PASSED",
              "testClass": "io.cucumber.core.runner.PickleStepTestStep",
              "test": "Balances and Investmentssection Validation",
              "parameters": [],
              "suite": "Sanity Test Cases for QA Pull",
              "logOutput": [],
              "resourceMetaDataList": [],
              "userInterfaces": [],
              "webservices": []
            },
            {
              "id": "I should navigate into Groups tab_1645524896576_1",
              "testMethodId": "I should navigate into Groups tab_1645524896576_1",
              "name": "I should navigate into Groups tab",
              "description": "And ",
              "configuration": false,
              "methodType": "Step",
              "startDateTime": {
                "dateTime": {
                  "date": {
                    "year": 2022,
                    "month": 2,
                    "day": 22
                  },
                  "time": {
                    "hour": 10,
                    "minute": 14,
                    "second": 56,
                    "nano": 576000000
                  }
                },
                "offset": {
                  "totalSeconds": 0
                },
                "zone": {
                  "totalSeconds": 0
                }
              },
              "endDateTime": {
                "dateTime": {
                  "date": {
                    "year": 2022,
                    "month": 2,
                    "day": 22
                  },
                  "time": {
                    "hour": 10,
                    "minute": 14,
                    "second": 56,
                    "nano": 576000000
                  }
                },
                "offset": {
                  "totalSeconds": 0
                },
                "zone": {
                  "totalSeconds": 0
                }
              },
              "duration": "00h:00m:00s",
              "statusEnum": "PASSED",
              "status": "PASSED",
              "testClass": "io.cucumber.core.runner.PickleStepTestStep",
              "test": "Balances and Investmentssection Validation",
              "parameters": [],
              "suite": "Sanity Test Cases for QA Pull",
              "logOutput": [],
              "resourceMetaDataList": [],
              "userInterfaces": [],
              "webservices": []
            },
            {
              "id": "I enter Groupname_1645524896577_1",
              "testMethodId": "I enter Groupname_1645524896577_1",
              "name": "I enter Groupname",
              "description": "When ",
              "configuration": false,
              "methodType": "Step",
              "startDateTime": {
                "dateTime": {
                  "date": {
                    "year": 2022,
                    "month": 2,
                    "day": 22
                  },
                  "time": {
                    "hour": 10,
                    "minute": 14,
                    "second": 56,
                    "nano": 577000000
                  }
                },
                "offset": {
                  "totalSeconds": 0
                },
                "zone": {
                  "totalSeconds": 0
                }
              },
              "endDateTime": {
                "dateTime": {
                  "date": {
                    "year": 2022,
                    "month": 2,
                    "day": 22
                  },
                  "time": {
                    "hour": 10,
                    "minute": 14,
                    "second": 56,
                    "nano": 577000000
                  }
                },
                "offset": {
                  "totalSeconds": 0
                },
                "zone": {
                  "totalSeconds": 0
                }
              },
              "duration": "00h:00m:00s",
              "statusEnum": "PASSED",
              "status": "PASSED",
              "testClass": "io.cucumber.core.runner.PickleStepTestStep",
              "test": "Balances and Investmentssection Validation",
              "parameters": [],
              "suite": "Sanity Test Cases for QA Pull",
              "logOutput": [],
              "resourceMetaDataList": [],
              "userInterfaces": [],
              "webservices": []
            },
            {
              "id": "I click on search button_1645524896577_1",
              "testMethodId": "I click on search button_1645524896577_1",
              "name": "I click on search button",
              "description": "Then ",
              "configuration": false,
              "methodType": "Step",
              "startDateTime": {
                "dateTime": {
                  "date": {
                    "year": 2022,
                    "month": 2,
                    "day": 22
                  },
                  "time": {
                    "hour": 10,
                    "minute": 14,
                    "second": 56,
                    "nano": 577000000
                  }
                },
                "offset": {
                  "totalSeconds": 0
                },
                "zone": {
                  "totalSeconds": 0
                }
              },
              "endDateTime": {
                "dateTime": {
                  "date": {
                    "year": 2022,
                    "month": 2,
                    "day": 22
                  },
                  "time": {
                    "hour": 10,
                    "minute": 14,
                    "second": 56,
                    "nano": 578000000
                  }
                },
                "offset": {
                  "totalSeconds": 0
                },
                "zone": {
                  "totalSeconds": 0
                }
              },
              "duration": "00h:00m:00s",
              "statusEnum": "PASSED",
              "status": "PASSED",
              "testClass": "io.cucumber.core.runner.PickleStepTestStep",
              "test": "Balances and Investmentssection Validation",
              "parameters": [],
              "suite": "Sanity Test Cases for QA Pull",
              "logOutput": [],
              "resourceMetaDataList": [],
              "userInterfaces": [],
              "webservices": []
            },
            {
              "id": "I click on a hyperlinked Household Group name_1645524896578_1",
              "testMethodId": "I click on a hyperlinked Household Group name_1645524896578_1",
              "name": "I click on a hyperlinked Household Group name",
              "description": "When ",
              "configuration": false,
              "methodType": "Step",
              "startDateTime": {
                "dateTime": {
                  "date": {
                    "year": 2022,
                    "month": 2,
                    "day": 22
                  },
                  "time": {
                    "hour": 10,
                    "minute": 14,
                    "second": 56,
                    "nano": 578000000
                  }
                },
                "offset": {
                  "totalSeconds": 0
                },
                "zone": {
                  "totalSeconds": 0
                }
              },
              "endDateTime": {
                "dateTime": {
                  "date": {
                    "year": 2022,
                    "month": 2,
                    "day": 22
                  },
                  "time": {
                    "hour": 10,
                    "minute": 14,
                    "second": 56,
                    "nano": 578000000
                  }
                },
                "offset": {
                  "totalSeconds": 0
                },
                "zone": {
                  "totalSeconds": 0
                }
              },
              "duration": "00h:00m:00s",
              "statusEnum": "PASSED",
              "status": "PASSED",
              "testClass": "io.cucumber.core.runner.PickleStepTestStep",
              "test": "Balances and Investmentssection Validation",
              "parameters": [],
              "suite": "Sanity Test Cases for QA Pull",
              "logOutput": [],
              "resourceMetaDataList": [],
              "userInterfaces": [],
              "webservices": []
            },
            {
              "id": "I need to see following values_1645524896579_1",
              "testMethodId": "I need to see following values_1645524896579_1",
              "name": "I need to see following values",
              "description": "Then ",
              "configuration": false,
              "methodType": "Step",
              "startDateTime": {
                "dateTime": {
                  "date": {
                    "year": 2022,
                    "month": 2,
                    "day": 22
                  },
                  "time": {
                    "hour": 10,
                    "minute": 14,
                    "second": 56,
                    "nano": 579000000
                  }
                },
                "offset": {
                  "totalSeconds": 0
                },
                "zone": {
                  "totalSeconds": 0
                }
              },
              "endDateTime": {
                "dateTime": {
                  "date": {
                    "year": 2022,
                    "month": 2,
                    "day": 22
                  },
                  "time": {
                    "hour": 10,
                    "minute": 14,
                    "second": 56,
                    "nano": 579000000
                  }
                },
                "offset": {
                  "totalSeconds": 0
                },
                "zone": {
                  "totalSeconds": 0
                }
              },
              "duration": "00h:00m:00s",
              "statusEnum": "PASSED",
              "status": "PASSED",
              "testClass": "io.cucumber.core.runner.PickleStepTestStep",
              "test": "Balances and Investmentssection Validation",
              "parameters": [],
              "suite": "Sanity Test Cases for QA Pull",
              "logOutput": [],
              "resourceMetaDataList": [],
              "userInterfaces": [],
              "webservices": []
            },
            {
              "id": "AFTERHook_1645524896580_1",
              "testMethodId": "AFTERHook_1645524896580_1",
              "name": "AFTERHook",
              "configuration": true,
              "methodType": "TestMethod",
              "startDateTime": {
                "dateTime": {
                  "date": {
                    "year": 2022,
                    "month": 2,
                    "day": 22
                  },
                  "time": {
                    "hour": 10,
                    "minute": 14,
                    "second": 56,
                    "nano": 580000000
                  }
                },
                "offset": {
                  "totalSeconds": 0
                },
                "zone": {
                  "totalSeconds": 0
                }
              },
              "endDateTime": {
                "dateTime": {
                  "date": {
                    "year": 2022,
                    "month": 2,
                    "day": 22
                  },
                  "time": {
                    "hour": 10,
                    "minute": 14,
                    "second": 56,
                    "nano": 580000000
                  }
                },
                "offset": {
                  "totalSeconds": 0
                },
                "zone": {
                  "totalSeconds": 0
                }
              },
              "duration": "00h:00m:00s",
              "statusEnum": "PASSED",
              "status": "PASSED",
              "testClass": "io.cucumber.core.runner.HookTestStep",
              "test": "Balances and Investmentssection Validation",
              "parameters": [],
              "suite": "Sanity Test Cases for QA Pull",
              "logOutput": [],
              "resourceMetaDataList": [],
              "userInterfaces": [],
              "webservices": []
            }
          ]
        }
      ]
    }
  ],
  "testMethodList": [
    {
      "id": "BEFOREHook_1645524896572_1",
      "testMethodId": "BEFOREHook_1645524896572_1",
      "name": "BEFOREHook",
      "configuration": true,
      "methodType": "TestMethod",
      "startDateTime": {
        "dateTime": {
          "date": {
            "year": 2022,
            "month": 2,
            "day": 22
          },
          "time": {
            "hour": 10,
            "minute": 14,
            "second": 56,
            "nano": 572000000
          }
        },
        "offset": {
          "totalSeconds": 0
        },
        "zone": {
          "totalSeconds": 0
        }
      },
      "endDateTime": {
        "dateTime": {
          "date": {
            "year": 2022,
            "month": 2,
            "day": 22
          },
          "time": {
            "hour": 10,
            "minute": 14,
            "second": 56,
            "nano": 573000000
          }
        },
        "offset": {
          "totalSeconds": 0
        },
        "zone": {
          "totalSeconds": 0
        }
      },
      "duration": "00h:00m:00s",
      "statusEnum": "PASSED",
      "status": "PASSED",
      "testClass": "io.cucumber.core.runner.HookTestStep",
      "test": "Balances and Investmentssection Validation",
      "parameters": [],
      "suite": "Sanity Test Cases for QA Pull",
      "logOutput": [],
      "resourceMetaDataList": [],
      "userInterfaces": [],
      "webservices": []
    },
    {
      "id": "I login into ClientWorks application_1645524896575_1",
      "testMethodId": "I login into ClientWorks application_1645524896575_1",
      "name": "I login into ClientWorks application",
      "description": "Given ",
      "configuration": false,
      "methodType": "Step",
      "startDateTime": {
        "dateTime": {
          "date": {
            "year": 2022,
            "month": 2,
            "day": 22
          },
          "time": {
            "hour": 10,
            "minute": 14,
            "second": 56,
            "nano": 575000000
          }
        },
        "offset": {
          "totalSeconds": 0
        },
        "zone": {
          "totalSeconds": 0
        }
      },
      "endDateTime": {
        "dateTime": {
          "date": {
            "year": 2022,
            "month": 2,
            "day": 22
          },
          "time": {
            "hour": 10,
            "minute": 14,
            "second": 56,
            "nano": 575000000
          }
        },
        "offset": {
          "totalSeconds": 0
        },
        "zone": {
          "totalSeconds": 0
        }
      },
      "duration": "00h:00m:00s",
      "statusEnum": "PASSED",
      "status": "PASSED",
      "testClass": "io.cucumber.core.runner.PickleStepTestStep",
      "test": "Balances and Investmentssection Validation",
      "parameters": [],
      "suite": "Sanity Test Cases for QA Pull",
      "logOutput": [],
      "resourceMetaDataList": [],
      "userInterfaces": [],
      "webservices": []
    },
    {
      "id": "I should view Client Management Page is displayed_1645524896575_1",
      "testMethodId": "I should view Client Management Page is displayed_1645524896575_1",
      "name": "I should view Client Management Page is displayed",
      "description": "Then ",
      "configuration": false,
      "methodType": "Step",
      "startDateTime": {
        "dateTime": {
          "date": {
            "year": 2022,
            "month": 2,
            "day": 22
          },
          "time": {
            "hour": 10,
            "minute": 14,
            "second": 56,
            "nano": 575000000
          }
        },
        "offset": {
          "totalSeconds": 0
        },
        "zone": {
          "totalSeconds": 0
        }
      },
      "endDateTime": {
        "dateTime": {
          "date": {
            "year": 2022,
            "month": 2,
            "day": 22
          },
          "time": {
            "hour": 10,
            "minute": 14,
            "second": 56,
            "nano": 576000000
          }
        },
        "offset": {
          "totalSeconds": 0
        },
        "zone": {
          "totalSeconds": 0
        }
      },
      "duration": "00h:00m:00s",
      "statusEnum": "PASSED",
      "status": "PASSED",
      "testClass": "io.cucumber.core.runner.PickleStepTestStep",
      "test": "Balances and Investmentssection Validation",
      "parameters": [],
      "suite": "Sanity Test Cases for QA Pull",
      "logOutput": [],
      "resourceMetaDataList": [],
      "userInterfaces": [],
      "webservices": []
    },
    {
      "id": "I should navigate into Groups tab_1645524896576_1",
      "testMethodId": "I should navigate into Groups tab_1645524896576_1",
      "name": "I should navigate into Groups tab",
      "description": "And ",
      "configuration": false,
      "methodType": "Step",
      "startDateTime": {
        "dateTime": {
          "date": {
            "year": 2022,
            "month": 2,
            "day": 22
          },
          "time": {
            "hour": 10,
            "minute": 14,
            "second": 56,
            "nano": 576000000
          }
        },
        "offset": {
          "totalSeconds": 0
        },
        "zone": {
          "totalSeconds": 0
        }
      },
      "endDateTime": {
        "dateTime": {
          "date": {
            "year": 2022,
            "month": 2,
            "day": 22
          },
          "time": {
            "hour": 10,
            "minute": 14,
            "second": 56,
            "nano": 576000000
          }
        },
        "offset": {
          "totalSeconds": 0
        },
        "zone": {
          "totalSeconds": 0
        }
      },
      "duration": "00h:00m:00s",
      "statusEnum": "PASSED",
      "status": "PASSED",
      "testClass": "io.cucumber.core.runner.PickleStepTestStep",
      "test": "Balances and Investmentssection Validation",
      "parameters": [],
      "suite": "Sanity Test Cases for QA Pull",
      "logOutput": [],
      "resourceMetaDataList": [],
      "userInterfaces": [],
      "webservices": []
    },
    {
      "id": "I enter Groupname_1645524896577_1",
      "testMethodId": "I enter Groupname_1645524896577_1",
      "name": "I enter Groupname",
      "description": "When ",
      "configuration": false,
      "methodType": "Step",
      "startDateTime": {
        "dateTime": {
          "date": {
            "year": 2022,
            "month": 2,
            "day": 22
          },
          "time": {
            "hour": 10,
            "minute": 14,
            "second": 56,
            "nano": 577000000
          }
        },
        "offset": {
          "totalSeconds": 0
        },
        "zone": {
          "totalSeconds": 0
        }
      },
      "endDateTime": {
        "dateTime": {
          "date": {
            "year": 2022,
            "month": 2,
            "day": 22
          },
          "time": {
            "hour": 10,
            "minute": 14,
            "second": 56,
            "nano": 577000000
          }
        },
        "offset": {
          "totalSeconds": 0
        },
        "zone": {
          "totalSeconds": 0
        }
      },
      "duration": "00h:00m:00s",
      "statusEnum": "PASSED",
      "status": "PASSED",
      "testClass": "io.cucumber.core.runner.PickleStepTestStep",
      "test": "Balances and Investmentssection Validation",
      "parameters": [],
      "suite": "Sanity Test Cases for QA Pull",
      "logOutput": [],
      "resourceMetaDataList": [],
      "userInterfaces": [],
      "webservices": []
    },
    {
      "id": "I click on search button_1645524896577_1",
      "testMethodId": "I click on search button_1645524896577_1",
      "name": "I click on search button",
      "description": "Then ",
      "configuration": false,
      "methodType": "Step",
      "startDateTime": {
        "dateTime": {
          "date": {
            "year": 2022,
            "month": 2,
            "day": 22
          },
          "time": {
            "hour": 10,
            "minute": 14,
            "second": 56,
            "nano": 577000000
          }
        },
        "offset": {
          "totalSeconds": 0
        },
        "zone": {
          "totalSeconds": 0
        }
      },
      "endDateTime": {
        "dateTime": {
          "date": {
            "year": 2022,
            "month": 2,
            "day": 22
          },
          "time": {
            "hour": 10,
            "minute": 14,
            "second": 56,
            "nano": 578000000
          }
        },
        "offset": {
          "totalSeconds": 0
        },
        "zone": {
          "totalSeconds": 0
        }
      },
      "duration": "00h:00m:00s",
      "statusEnum": "PASSED",
      "status": "PASSED",
      "testClass": "io.cucumber.core.runner.PickleStepTestStep",
      "test": "Balances and Investmentssection Validation",
      "parameters": [],
      "suite": "Sanity Test Cases for QA Pull",
      "logOutput": [],
      "resourceMetaDataList": [],
      "userInterfaces": [],
      "webservices": []
    },
    {
      "id": "I click on a hyperlinked Household Group name_1645524896578_1",
      "testMethodId": "I click on a hyperlinked Household Group name_1645524896578_1",
      "name": "I click on a hyperlinked Household Group name",
      "description": "When ",
      "configuration": false,
      "methodType": "Step",
      "startDateTime": {
        "dateTime": {
          "date": {
            "year": 2022,
            "month": 2,
            "day": 22
          },
          "time": {
            "hour": 10,
            "minute": 14,
            "second": 56,
            "nano": 578000000
          }
        },
        "offset": {
          "totalSeconds": 0
        },
        "zone": {
          "totalSeconds": 0
        }
      },
      "endDateTime": {
        "dateTime": {
          "date": {
            "year": 2022,
            "month": 2,
            "day": 22
          },
          "time": {
            "hour": 10,
            "minute": 14,
            "second": 56,
            "nano": 578000000
          }
        },
        "offset": {
          "totalSeconds": 0
        },
        "zone": {
          "totalSeconds": 0
        }
      },
      "duration": "00h:00m:00s",
      "statusEnum": "PASSED",
      "status": "PASSED",
      "testClass": "io.cucumber.core.runner.PickleStepTestStep",
      "test": "Balances and Investmentssection Validation",
      "parameters": [],
      "suite": "Sanity Test Cases for QA Pull",
      "logOutput": [],
      "resourceMetaDataList": [],
      "userInterfaces": [],
      "webservices": []
    },
    {
      "id": "I need to see following values_1645524896579_1",
      "testMethodId": "I need to see following values_1645524896579_1",
      "name": "I need to see following values",
      "description": "Then ",
      "configuration": false,
      "methodType": "Step",
      "startDateTime": {
        "dateTime": {
          "date": {
            "year": 2022,
            "month": 2,
            "day": 22
          },
          "time": {
            "hour": 10,
            "minute": 14,
            "second": 56,
            "nano": 579000000
          }
        },
        "offset": {
          "totalSeconds": 0
        },
        "zone": {
          "totalSeconds": 0
        }
      },
      "endDateTime": {
        "dateTime": {
          "date": {
            "year": 2022,
            "month": 2,
            "day": 22
          },
          "time": {
            "hour": 10,
            "minute": 14,
            "second": 56,
            "nano": 579000000
          }
        },
        "offset": {
          "totalSeconds": 0
        },
        "zone": {
          "totalSeconds": 0
        }
      },
      "duration": "00h:00m:00s",
      "statusEnum": "PASSED",
      "status": "PASSED",
      "testClass": "io.cucumber.core.runner.PickleStepTestStep",
      "test": "Balances and Investmentssection Validation",
      "parameters": [],
      "suite": "Sanity Test Cases for QA Pull",
      "logOutput": [],
      "resourceMetaDataList": [],
      "userInterfaces": [],
      "webservices": []
    },
    {
      "id": "AFTERHook_1645524896580_1",
      "testMethodId": "AFTERHook_1645524896580_1",
      "name": "AFTERHook",
      "configuration": true,
      "methodType": "TestMethod",
      "startDateTime": {
        "dateTime": {
          "date": {
            "year": 2022,
            "month": 2,
            "day": 22
          },
          "time": {
            "hour": 10,
            "minute": 14,
            "second": 56,
            "nano": 580000000
          }
        },
        "offset": {
          "totalSeconds": 0
        },
        "zone": {
          "totalSeconds": 0
        }
      },
      "endDateTime": {
        "dateTime": {
          "date": {
            "year": 2022,
            "month": 2,
            "day": 22
          },
          "time": {
            "hour": 10,
            "minute": 14,
            "second": 56,
            "nano": 580000000
          }
        },
        "offset": {
          "totalSeconds": 0
        },
        "zone": {
          "totalSeconds": 0
        }
      },
      "duration": "00h:00m:00s",
      "statusEnum": "PASSED",
      "status": "PASSED",
      "testClass": "io.cucumber.core.runner.HookTestStep",
      "test": "Balances and Investmentssection Validation",
      "parameters": [],
      "suite": "Sanity Test Cases for QA Pull",
      "logOutput": [],
      "resourceMetaDataList": [],
      "userInterfaces": [],
      "webservices": []
    },
    {
      "id": "BEFOREHook_1645524896572_1",
      "testMethodId": "BEFOREHook_1645524896572_1",
      "name": "BEFOREHook",
      "configuration": true,
      "methodType": "TestMethod",
      "startDateTime": {
        "dateTime": {
          "date": {
            "year": 2022,
            "month": 2,
            "day": 22
          },
          "time": {
            "hour": 10,
            "minute": 14,
            "second": 56,
            "nano": 572000000
          }
        },
        "offset": {
          "totalSeconds": 0
        },
        "zone": {
          "totalSeconds": 0
        }
      },
      "endDateTime": {
        "dateTime": {
          "date": {
            "year": 2022,
            "month": 2,
            "day": 22
          },
          "time": {
            "hour": 10,
            "minute": 14,
            "second": 56,
            "nano": 573000000
          }
        },
        "offset": {
          "totalSeconds": 0
        },
        "zone": {
          "totalSeconds": 0
        }
      },
      "duration": "00h:00m:00s",
      "statusEnum": "PASSED",
      "status": "PASSED",
      "testClass": "io.cucumber.core.runner.HookTestStep",
      "test": "Balances and Investmentssection Validation",
      "parameters": [],
      "suite": "Sanity Test Cases for QA Pull",
      "logOutput": [],
      "resourceMetaDataList": [],
      "userInterfaces": [],
      "webservices": []
    },
    {
      "id": "I login into ClientWorks application_1645524896575_1",
      "testMethodId": "I login into ClientWorks application_1645524896575_1",
      "name": "I login into ClientWorks application",
      "description": "Given ",
      "configuration": false,
      "methodType": "Step",
      "startDateTime": {
        "dateTime": {
          "date": {
            "year": 2022,
            "month": 2,
            "day": 22
          },
          "time": {
            "hour": 10,
            "minute": 14,
            "second": 56,
            "nano": 575000000
          }
        },
        "offset": {
          "totalSeconds": 0
        },
        "zone": {
          "totalSeconds": 0
        }
      },
      "endDateTime": {
        "dateTime": {
          "date": {
            "year": 2022,
            "month": 2,
            "day": 22
          },
          "time": {
            "hour": 10,
            "minute": 14,
            "second": 56,
            "nano": 575000000
          }
        },
        "offset": {
          "totalSeconds": 0
        },
        "zone": {
          "totalSeconds": 0
        }
      },
      "duration": "00h:00m:00s",
      "statusEnum": "PASSED",
      "status": "PASSED",
      "testClass": "io.cucumber.core.runner.PickleStepTestStep",
      "test": "Balances and Investmentssection Validation",
      "parameters": [],
      "suite": "Sanity Test Cases for QA Pull",
      "logOutput": [],
      "resourceMetaDataList": [],
      "userInterfaces": [],
      "webservices": []
    },
    {
      "id": "I should view Client Management Page is displayed_1645524896575_1",
      "testMethodId": "I should view Client Management Page is displayed_1645524896575_1",
      "name": "I should view Client Management Page is displayed",
      "description": "Then ",
      "configuration": false,
      "methodType": "Step",
      "startDateTime": {
        "dateTime": {
          "date": {
            "year": 2022,
            "month": 2,
            "day": 22
          },
          "time": {
            "hour": 10,
            "minute": 14,
            "second": 56,
            "nano": 575000000
          }
        },
        "offset": {
          "totalSeconds": 0
        },
        "zone": {
          "totalSeconds": 0
        }
      },
      "endDateTime": {
        "dateTime": {
          "date": {
            "year": 2022,
            "month": 2,
            "day": 22
          },
          "time": {
            "hour": 10,
            "minute": 14,
            "second": 56,
            "nano": 576000000
          }
        },
        "offset": {
          "totalSeconds": 0
        },
        "zone": {
          "totalSeconds": 0
        }
      },
      "duration": "00h:00m:00s",
      "statusEnum": "PASSED",
      "status": "PASSED",
      "testClass": "io.cucumber.core.runner.PickleStepTestStep",
      "test": "Balances and Investmentssection Validation",
      "parameters": [],
      "suite": "Sanity Test Cases for QA Pull",
      "logOutput": [],
      "resourceMetaDataList": [],
      "userInterfaces": [],
      "webservices": []
    },
    {
      "id": "I should navigate into Groups tab_1645524896576_1",
      "testMethodId": "I should navigate into Groups tab_1645524896576_1",
      "name": "I should navigate into Groups tab",
      "description": "And ",
      "configuration": false,
      "methodType": "Step",
      "startDateTime": {
        "dateTime": {
          "date": {
            "year": 2022,
            "month": 2,
            "day": 22
          },
          "time": {
            "hour": 10,
            "minute": 14,
            "second": 56,
            "nano": 576000000
          }
        },
        "offset": {
          "totalSeconds": 0
        },
        "zone": {
          "totalSeconds": 0
        }
      },
      "endDateTime": {
        "dateTime": {
          "date": {
            "year": 2022,
            "month": 2,
            "day": 22
          },
          "time": {
            "hour": 10,
            "minute": 14,
            "second": 56,
            "nano": 576000000
          }
        },
        "offset": {
          "totalSeconds": 0
        },
        "zone": {
          "totalSeconds": 0
        }
      },
      "duration": "00h:00m:00s",
      "statusEnum": "PASSED",
      "status": "PASSED",
      "testClass": "io.cucumber.core.runner.PickleStepTestStep",
      "test": "Balances and Investmentssection Validation",
      "parameters": [],
      "suite": "Sanity Test Cases for QA Pull",
      "logOutput": [],
      "resourceMetaDataList": [],
      "userInterfaces": [],
      "webservices": []
    },
    {
      "id": "I enter Groupname_1645524896577_1",
      "testMethodId": "I enter Groupname_1645524896577_1",
      "name": "I enter Groupname",
      "description": "When ",
      "configuration": false,
      "methodType": "Step",
      "startDateTime": {
        "dateTime": {
          "date": {
            "year": 2022,
            "month": 2,
            "day": 22
          },
          "time": {
            "hour": 10,
            "minute": 14,
            "second": 56,
            "nano": 577000000
          }
        },
        "offset": {
          "totalSeconds": 0
        },
        "zone": {
          "totalSeconds": 0
        }
      },
      "endDateTime": {
        "dateTime": {
          "date": {
            "year": 2022,
            "month": 2,
            "day": 22
          },
          "time": {
            "hour": 10,
            "minute": 14,
            "second": 56,
            "nano": 577000000
          }
        },
        "offset": {
          "totalSeconds": 0
        },
        "zone": {
          "totalSeconds": 0
        }
      },
      "duration": "00h:00m:00s",
      "statusEnum": "PASSED",
      "status": "PASSED",
      "testClass": "io.cucumber.core.runner.PickleStepTestStep",
      "test": "Balances and Investmentssection Validation",
      "parameters": [],
      "suite": "Sanity Test Cases for QA Pull",
      "logOutput": [],
      "resourceMetaDataList": [],
      "userInterfaces": [],
      "webservices": []
    },
    {
      "id": "I click on search button_1645524896577_1",
      "testMethodId": "I click on search button_1645524896577_1",
      "name": "I click on search button",
      "description": "Then ",
      "configuration": false,
      "methodType": "Step",
      "startDateTime": {
        "dateTime": {
          "date": {
            "year": 2022,
            "month": 2,
            "day": 22
          },
          "time": {
            "hour": 10,
            "minute": 14,
            "second": 56,
            "nano": 577000000
          }
        },
        "offset": {
          "totalSeconds": 0
        },
        "zone": {
          "totalSeconds": 0
        }
      },
      "endDateTime": {
        "dateTime": {
          "date": {
            "year": 2022,
            "month": 2,
            "day": 22
          },
          "time": {
            "hour": 10,
            "minute": 14,
            "second": 56,
            "nano": 578000000
          }
        },
        "offset": {
          "totalSeconds": 0
        },
        "zone": {
          "totalSeconds": 0
        }
      },
      "duration": "00h:00m:00s",
      "statusEnum": "PASSED",
      "status": "PASSED",
      "testClass": "io.cucumber.core.runner.PickleStepTestStep",
      "test": "Balances and Investmentssection Validation",
      "parameters": [],
      "suite": "Sanity Test Cases for QA Pull",
      "logOutput": [],
      "resourceMetaDataList": [],
      "userInterfaces": [],
      "webservices": []
    },
    {
      "id": "I click on a hyperlinked Household Group name_1645524896578_1",
      "testMethodId": "I click on a hyperlinked Household Group name_1645524896578_1",
      "name": "I click on a hyperlinked Household Group name",
      "description": "When ",
      "configuration": false,
      "methodType": "Step",
      "startDateTime": {
        "dateTime": {
          "date": {
            "year": 2022,
            "month": 2,
            "day": 22
          },
          "time": {
            "hour": 10,
            "minute": 14,
            "second": 56,
            "nano": 578000000
          }
        },
        "offset": {
          "totalSeconds": 0
        },
        "zone": {
          "totalSeconds": 0
        }
      },
      "endDateTime": {
        "dateTime": {
          "date": {
            "year": 2022,
            "month": 2,
            "day": 22
          },
          "time": {
            "hour": 10,
            "minute": 14,
            "second": 56,
            "nano": 578000000
          }
        },
        "offset": {
          "totalSeconds": 0
        },
        "zone": {
          "totalSeconds": 0
        }
      },
      "duration": "00h:00m:00s",
      "statusEnum": "PASSED",
      "status": "PASSED",
      "testClass": "io.cucumber.core.runner.PickleStepTestStep",
      "test": "Balances and Investmentssection Validation",
      "parameters": [],
      "suite": "Sanity Test Cases for QA Pull",
      "logOutput": [],
      "resourceMetaDataList": [],
      "userInterfaces": [],
      "webservices": []
    },
    {
      "id": "I need to see following values_1645524896579_1",
      "testMethodId": "I need to see following values_1645524896579_1",
      "name": "I need to see following values",
      "description": "Then ",
      "configuration": false,
      "methodType": "Step",
      "startDateTime": {
        "dateTime": {
          "date": {
            "year": 2022,
            "month": 2,
            "day": 22
          },
          "time": {
            "hour": 10,
            "minute": 14,
            "second": 56,
            "nano": 579000000
          }
        },
        "offset": {
          "totalSeconds": 0
        },
        "zone": {
          "totalSeconds": 0
        }
      },
      "endDateTime": {
        "dateTime": {
          "date": {
            "year": 2022,
            "month": 2,
            "day": 22
          },
          "time": {
            "hour": 10,
            "minute": 14,
            "second": 56,
            "nano": 579000000
          }
        },
        "offset": {
          "totalSeconds": 0
        },
        "zone": {
          "totalSeconds": 0
        }
      },
      "duration": "00h:00m:00s",
      "statusEnum": "PASSED",
      "status": "PASSED",
      "testClass": "io.cucumber.core.runner.PickleStepTestStep",
      "test": "Balances and Investmentssection Validation",
      "parameters": [],
      "suite": "Sanity Test Cases for QA Pull",
      "logOutput": [],
      "resourceMetaDataList": [],
      "userInterfaces": [],
      "webservices": []
    },
    {
      "id": "AFTERHook_1645524896580_1",
      "testMethodId": "AFTERHook_1645524896580_1",
      "name": "AFTERHook",
      "configuration": true,
      "methodType": "TestMethod",
      "startDateTime": {
        "dateTime": {
          "date": {
            "year": 2022,
            "month": 2,
            "day": 22
          },
          "time": {
            "hour": 10,
            "minute": 14,
            "second": 56,
            "nano": 580000000
          }
        },
        "offset": {
          "totalSeconds": 0
        },
        "zone": {
          "totalSeconds": 0
        }
      },
      "endDateTime": {
        "dateTime": {
          "date": {
            "year": 2022,
            "month": 2,
            "day": 22
          },
          "time": {
            "hour": 10,
            "minute": 14,
            "second": 56,
            "nano": 580000000
          }
        },
        "offset": {
          "totalSeconds": 0
        },
        "zone": {
          "totalSeconds": 0
        }
      },
      "duration": "00h:00m:00s",
      "statusEnum": "PASSED",
      "status": "PASSED",
      "testClass": "io.cucumber.core.runner.HookTestStep",
      "test": "Balances and Investmentssection Validation",
      "parameters": [],
      "suite": "Sanity Test Cases for QA Pull",
      "logOutput": [],
      "resourceMetaDataList": [],
      "userInterfaces": [],
      "webservices": []
    }
  ],
  "bugListMap": {}
}