{
  "about": {
    "projectName": "Demo-BlackbirdDemo",
    "team": "QE",
    "releaseVersion": "1.0",
    "executionOS": "Windows 10 10.0",
    "environment": "QA",
    "userName": "vparthas"
  },
  "name": "run_1645182960549",
  "startDateTime": {
    "dateTime": {
      "date": {
        "year": 2022,
        "month": 2,
        "day": 18
      },
      "time": {
        "hour": 11,
        "minute": 16,
        "second": 1,
        "nano": 463000000
      }
    },
    "offset": {
      "totalSeconds": 0
    },
    "zone": {
      "totalSeconds": 0
    }
  },
  "endDateTime": {
    "dateTime": {
      "date": {
        "year": 2022,
        "month": 2,
        "day": 18
      },
      "time": {
        "hour": 11,
        "minute": 17,
        "second": 26,
        "nano": 147000000
      }
    },
    "offset": {
      "totalSeconds": 0
    },
    "zone": {
      "totalSeconds": 0
    }
  },
  "duration": "00h:01m:24s",
  "statusEnum": "PASSED",
  "status": "PASSED",
  "testSuites": [
    {
      "name": "Default suite",
      "startDateTime": {
        "dateTime": {
          "date": {
            "year": 2022,
            "month": 2,
            "day": 18
          },
          "time": {
            "hour": 11,
            "minute": 16,
            "second": 1,
            "nano": 901000000
          }
        },
        "offset": {
          "totalSeconds": 0
        },
        "zone": {
          "totalSeconds": 0
        }
      },
      "endDateTime": {
        "dateTime": {
          "date": {
            "year": 2022,
            "month": 2,
            "day": 18
          },
          "time": {
            "hour": 11,
            "minute": 17,
            "second": 24,
            "nano": 201000000
          }
        },
        "offset": {
          "totalSeconds": 0
        },
        "zone": {
          "totalSeconds": 0
        }
      },
      "duration": "00h:01m:22s",
      "statusEnum": "PASSED",
      "status": "PASSED",
      "tests": []
    },
    {
      "name": "Gatekeeper Test Cases",
      "startDateTime": {
        "dateTime": {
          "date": {
            "year": 2022,
            "month": 2,
            "day": 18
          },
          "time": {
            "hour": 11,
            "minute": 17,
            "second": 24,
            "nano": 202000000
          }
        },
        "offset": {
          "totalSeconds": 0
        },
        "zone": {
          "totalSeconds": 0
        }
      },
      "endDateTime": {
        "dateTime": {
          "date": {
            "year": 2022,
            "month": 2,
            "day": 18
          },
          "time": {
            "hour": 11,
            "minute": 17,
            "second": 24,
            "nano": 288000000
          }
        },
        "offset": {
          "totalSeconds": 0
        },
        "zone": {
          "totalSeconds": 0
        }
      },
      "duration": "00h:00m:00s",
      "statusEnum": "PASSED",
      "status": "PASSED",
      "tests": []
    },
    {
      "name": "Sanity Test Cases for AXA",
      "startDateTime": {
        "dateTime": {
          "date": {
            "year": 2022,
            "month": 2,
            "day": 18
          },
          "time": {
            "hour": 11,
            "minute": 17,
            "second": 24,
            "nano": 288000000
          }
        },
        "offset": {
          "totalSeconds": 0
        },
        "zone": {
          "totalSeconds": 0
        }
      },
      "endDateTime": {
        "dateTime": {
          "date": {
            "year": 2022,
            "month": 2,
            "day": 18
          },
          "time": {
            "hour": 11,
            "minute": 17,
            "second": 24,
            "nano": 289000000
          }
        },
        "offset": {
          "totalSeconds": 0
        },
        "zone": {
          "totalSeconds": 0
        }
      },
      "duration": "00h:00m:00s",
      "statusEnum": "PASSED",
      "status": "PASSED",
      "tests": []
    },
    {
      "name": "Dashboard Gatekeeper Test Cases",
      "startDateTime": {
        "dateTime": {
          "date": {
            "year": 2022,
            "month": 2,
            "day": 18
          },
          "time": {
            "hour": 11,
            "minute": 17,
            "second": 24,
            "nano": 290000000
          }
        },
        "offset": {
          "totalSeconds": 0
        },
        "zone": {
          "totalSeconds": 0
        }
      },
      "endDateTime": {
        "dateTime": {
          "date": {
            "year": 2022,
            "month": 2,
            "day": 18
          },
          "time": {
            "hour": 11,
            "minute": 17,
            "second": 24,
            "nano": 340000000
          }
        },
        "offset": {
          "totalSeconds": 0
        },
        "zone": {
          "totalSeconds": 0
        }
      },
      "duration": "00h:00m:00s",
      "statusEnum": "PASSED",
      "status": "PASSED",
      "tests": []
    },
    {
      "name": "Gatekeeper Test Cases",
      "startDateTime": {
        "dateTime": {
          "date": {
            "year": 2022,
            "month": 2,
            "day": 18
          },
          "time": {
            "hour": 11,
            "minute": 17,
            "second": 24,
            "nano": 340000000
          }
        },
        "offset": {
          "totalSeconds": 0
        },
        "zone": {
          "totalSeconds": 0
        }
      },
      "endDateTime": {
        "dateTime": {
          "date": {
            "year": 2022,
            "month": 2,
            "day": 18
          },
          "time": {
            "hour": 11,
            "minute": 17,
            "second": 24,
            "nano": 405000000
          }
        },
        "offset": {
          "totalSeconds": 0
        },
        "zone": {
          "totalSeconds": 0
        }
      },
      "duration": "00h:00m:00s",
      "statusEnum": "PASSED",
      "status": "PASSED",
      "tests": []
    },
    {
      "name": "User Story Test Cases for CAG Application",
      "startDateTime": {
        "dateTime": {
          "date": {
            "year": 2022,
            "month": 2,
            "day": 18
          },
          "time": {
            "hour": 11,
            "minute": 17,
            "second": 24,
            "nano": 405000000
          }
        },
        "offset": {
          "totalSeconds": 0
        },
        "zone": {
          "totalSeconds": 0
        }
      },
      "endDateTime": {
        "dateTime": {
          "date": {
            "year": 2022,
            "month": 2,
            "day": 18
          },
          "time": {
            "hour": 11,
            "minute": 17,
            "second": 24,
            "nano": 421000000
          }
        },
        "offset": {
          "totalSeconds": 0
        },
        "zone": {
          "totalSeconds": 0
        }
      },
      "duration": "00h:00m:00s",
      "statusEnum": "PASSED",
      "status": "PASSED",
      "tests": []
    },
    {
      "name": "Sanity Test Cases for QA Pull",
      "startDateTime": {
        "dateTime": {
          "date": {
            "year": 2022,
            "month": 2,
            "day": 18
          },
          "time": {
            "hour": 11,
            "minute": 17,
            "second": 24,
            "nano": 421000000
          }
        },
        "offset": {
          "totalSeconds": 0
        },
        "zone": {
          "totalSeconds": 0
        }
      },
      "endDateTime": {
        "dateTime": {
          "date": {
            "year": 2022,
            "month": 2,
            "day": 18
          },
          "time": {
            "hour": 11,
            "minute": 17,
            "second": 24,
            "nano": 743000000
          }
        },
        "offset": {
          "totalSeconds": 0
        },
        "zone": {
          "totalSeconds": 0
        }
      },
      "duration": "00h:00m:00s",
      "statusEnum": "PASSED",
      "status": "PASSED",
      "tests": [
        {
          "name": "Validation of values for Cash Accounts Columns",
          "startDateTime": {
            "dateTime": {
              "date": {
                "year": 2022,
                "month": 2,
                "day": 18
              },
              "time": {
                "hour": 11,
                "minute": 17,
                "second": 24,
                "nano": 550000000
              }
            },
            "offset": {
              "totalSeconds": 0
            },
            "zone": {
              "totalSeconds": 0
            }
          },
          "endDateTime": {
            "dateTime": {
              "date": {
                "year": 2022,
                "month": 2,
                "day": 18
              },
              "time": {
                "hour": 11,
                "minute": 17,
                "second": 24,
                "nano": 578000000
              }
            },
            "offset": {
              "totalSeconds": 0
            },
            "zone": {
              "totalSeconds": 0
            }
          },
          "duration": "00h:00m:00s",
          "statusEnum": "PASSED",
          "status": "PASSED",
          "testMethods": [
            {
              "id": "BEFOREHook_1645183044553_1",
              "testMethodId": "BEFOREHook_1645183044553_1",
              "name": "BEFOREHook",
              "configuration": true,
              "methodType": "TestMethod",
              "startDateTime": {
                "dateTime": {
                  "date": {
                    "year": 2022,
                    "month": 2,
                    "day": 18
                  },
                  "time": {
                    "hour": 11,
                    "minute": 17,
                    "second": 24,
                    "nano": 553000000
                  }
                },
                "offset": {
                  "totalSeconds": 0
                },
                "zone": {
                  "totalSeconds": 0
                }
              },
              "endDateTime": {
                "dateTime": {
                  "date": {
                    "year": 2022,
                    "month": 2,
                    "day": 18
                  },
                  "time": {
                    "hour": 11,
                    "minute": 17,
                    "second": 24,
                    "nano": 553000000
                  }
                },
                "offset": {
                  "totalSeconds": 0
                },
                "zone": {
                  "totalSeconds": 0
                }
              },
              "duration": "00h:00m:00s",
              "statusEnum": "PASSED",
              "status": "PASSED",
              "testClass": "io.cucumber.core.runner.HookTestStep",
              "test": "Validation of values for Cash Accounts Columns",
              "parameters": [],
              "suite": "Sanity Test Cases for QA Pull",
              "logOutput": [],
              "resourceMetaDataList": [],
              "userInterfaces": [],
              "webservices": []
            },
            {
              "id": "I login into ClientWorks application_1645183044555_1",
              "testMethodId": "I login into ClientWorks application_1645183044555_1",
              "name": "I login into ClientWorks application",
              "description": "Given ",
              "configuration": false,
              "methodType": "Step",
              "startDateTime": {
                "dateTime": {
                  "date": {
                    "year": 2022,
                    "month": 2,
                    "day": 18
                  },
                  "time": {
                    "hour": 11,
                    "minute": 17,
                    "second": 24,
                    "nano": 555000000
                  }
                },
                "offset": {
                  "totalSeconds": 0
                },
                "zone": {
                  "totalSeconds": 0
                }
              },
              "endDateTime": {
                "dateTime": {
                  "date": {
                    "year": 2022,
                    "month": 2,
                    "day": 18
                  },
                  "time": {
                    "hour": 11,
                    "minute": 17,
                    "second": 24,
                    "nano": 555000000
                  }
                },
                "offset": {
                  "totalSeconds": 0
                },
                "zone": {
                  "totalSeconds": 0
                }
              },
              "duration": "00h:00m:00s",
              "statusEnum": "PASSED",
              "status": "PASSED",
              "testClass": "io.cucumber.core.runner.PickleStepTestStep",
              "test": "Validation of values for Cash Accounts Columns",
              "parameters": [],
              "suite": "Sanity Test Cases for QA Pull",
              "logOutput": [],
              "resourceMetaDataList": [],
              "userInterfaces": [],
              "webservices": []
            },
            {
              "id": "I should view Client Management Page is displayed_1645183044556_1",
              "testMethodId": "I should view Client Management Page is displayed_1645183044556_1",
              "name": "I should view Client Management Page is displayed",
              "description": "Then ",
              "configuration": false,
              "methodType": "Step",
              "startDateTime": {
                "dateTime": {
                  "date": {
                    "year": 2022,
                    "month": 2,
                    "day": 18
                  },
                  "time": {
                    "hour": 11,
                    "minute": 17,
                    "second": 24,
                    "nano": 556000000
                  }
                },
                "offset": {
                  "totalSeconds": 0
                },
                "zone": {
                  "totalSeconds": 0
                }
              },
              "endDateTime": {
                "dateTime": {
                  "date": {
                    "year": 2022,
                    "month": 2,
                    "day": 18
                  },
                  "time": {
                    "hour": 11,
                    "minute": 17,
                    "second": 24,
                    "nano": 556000000
                  }
                },
                "offset": {
                  "totalSeconds": 0
                },
                "zone": {
                  "totalSeconds": 0
                }
              },
              "duration": "00h:00m:00s",
              "statusEnum": "PASSED",
              "status": "PASSED",
              "testClass": "io.cucumber.core.runner.PickleStepTestStep",
              "test": "Validation of values for Cash Accounts Columns",
              "parameters": [],
              "suite": "Sanity Test Cases for QA Pull",
              "logOutput": [],
              "resourceMetaDataList": [],
              "userInterfaces": [],
              "webservices": []
            },
            {
              "id": "I should navigate into Groups tab_1645183044556_1",
              "testMethodId": "I should navigate into Groups tab_1645183044556_1",
              "name": "I should navigate into Groups tab",
              "description": "And ",
              "configuration": false,
              "methodType": "Step",
              "startDateTime": {
                "dateTime": {
                  "date": {
                    "year": 2022,
                    "month": 2,
                    "day": 18
                  },
                  "time": {
                    "hour": 11,
                    "minute": 17,
                    "second": 24,
                    "nano": 556000000
                  }
                },
                "offset": {
                  "totalSeconds": 0
                },
                "zone": {
                  "totalSeconds": 0
                }
              },
              "endDateTime": {
                "dateTime": {
                  "date": {
                    "year": 2022,
                    "month": 2,
                    "day": 18
                  },
                  "time": {
                    "hour": 11,
                    "minute": 17,
                    "second": 24,
                    "nano": 557000000
                  }
                },
                "offset": {
                  "totalSeconds": 0
                },
                "zone": {
                  "totalSeconds": 0
                }
              },
              "duration": "00h:00m:00s",
              "statusEnum": "PASSED",
              "status": "PASSED",
              "testClass": "io.cucumber.core.runner.PickleStepTestStep",
              "test": "Validation of values for Cash Accounts Columns",
              "parameters": [],
              "suite": "Sanity Test Cases for QA Pull",
              "logOutput": [],
              "resourceMetaDataList": [],
              "userInterfaces": [],
              "webservices": []
            },
            {
              "id": "I enter Groupname_1645183044557_1",
              "testMethodId": "I enter Groupname_1645183044557_1",
              "name": "I enter Groupname",
              "description": "When ",
              "configuration": false,
              "methodType": "Step",
              "startDateTime": {
                "dateTime": {
                  "date": {
                    "year": 2022,
                    "month": 2,
                    "day": 18
                  },
                  "time": {
                    "hour": 11,
                    "minute": 17,
                    "second": 24,
                    "nano": 557000000
                  }
                },
                "offset": {
                  "totalSeconds": 0
                },
                "zone": {
                  "totalSeconds": 0
                }
              },
              "endDateTime": {
                "dateTime": {
                  "date": {
                    "year": 2022,
                    "month": 2,
                    "day": 18
                  },
                  "time": {
                    "hour": 11,
                    "minute": 17,
                    "second": 24,
                    "nano": 557000000
                  }
                },
                "offset": {
                  "totalSeconds": 0
                },
                "zone": {
                  "totalSeconds": 0
                }
              },
              "duration": "00h:00m:00s",
              "statusEnum": "PASSED",
              "status": "PASSED",
              "testClass": "io.cucumber.core.runner.PickleStepTestStep",
              "test": "Validation of values for Cash Accounts Columns",
              "parameters": [],
              "suite": "Sanity Test Cases for QA Pull",
              "logOutput": [],
              "resourceMetaDataList": [],
              "userInterfaces": [],
              "webservices": []
            },
            {
              "id": "I click on search button_1645183044558_1",
              "testMethodId": "I click on search button_1645183044558_1",
              "name": "I click on search button",
              "description": "Then ",
              "configuration": false,
              "methodType": "Step",
              "startDateTime": {
                "dateTime": {
                  "date": {
                    "year": 2022,
                    "month": 2,
                    "day": 18
                  },
                  "time": {
                    "hour": 11,
                    "minute": 17,
                    "second": 24,
                    "nano": 558000000
                  }
                },
                "offset": {
                  "totalSeconds": 0
                },
                "zone": {
                  "totalSeconds": 0
                }
              },
              "endDateTime": {
                "dateTime": {
                  "date": {
                    "year": 2022,
                    "month": 2,
                    "day": 18
                  },
                  "time": {
                    "hour": 11,
                    "minute": 17,
                    "second": 24,
                    "nano": 558000000
                  }
                },
                "offset": {
                  "totalSeconds": 0
                },
                "zone": {
                  "totalSeconds": 0
                }
              },
              "duration": "00h:00m:00s",
              "statusEnum": "PASSED",
              "status": "PASSED",
              "testClass": "io.cucumber.core.runner.PickleStepTestStep",
              "test": "Validation of values for Cash Accounts Columns",
              "parameters": [],
              "suite": "Sanity Test Cases for QA Pull",
              "logOutput": [],
              "resourceMetaDataList": [],
              "userInterfaces": [],
              "webservices": []
            },
            {
              "id": "I click on a hyperlinked Household Group name_1645183044559_1",
              "testMethodId": "I click on a hyperlinked Household Group name_1645183044559_1",
              "name": "I click on a hyperlinked Household Group name",
              "description": "When ",
              "configuration": false,
              "methodType": "Step",
              "startDateTime": {
                "dateTime": {
                  "date": {
                    "year": 2022,
                    "month": 2,
                    "day": 18
                  },
                  "time": {
                    "hour": 11,
                    "minute": 17,
                    "second": 24,
                    "nano": 558000000
                  }
                },
                "offset": {
                  "totalSeconds": 0
                },
                "zone": {
                  "totalSeconds": 0
                }
              },
              "endDateTime": {
                "dateTime": {
                  "date": {
                    "year": 2022,
                    "month": 2,
                    "day": 18
                  },
                  "time": {
                    "hour": 11,
                    "minute": 17,
                    "second": 24,
                    "nano": 559000000
                  }
                },
                "offset": {
                  "totalSeconds": 0
                },
                "zone": {
                  "totalSeconds": 0
                }
              },
              "duration": "00h:00m:00s",
              "statusEnum": "PASSED",
              "status": "PASSED",
              "testClass": "io.cucumber.core.runner.PickleStepTestStep",
              "test": "Validation of values for Cash Accounts Columns",
              "parameters": [],
              "suite": "Sanity Test Cases for QA Pull",
              "logOutput": [],
              "resourceMetaDataList": [],
              "userInterfaces": [],
              "webservices": []
            },
            {
              "id": "I should see household group Dashboard page_1645183044559_1",
              "testMethodId": "I should see household group Dashboard page_1645183044559_1",
              "name": "I should see household group Dashboard page",
              "description": "Then ",
              "configuration": false,
              "methodType": "Step",
              "startDateTime": {
                "dateTime": {
                  "date": {
                    "year": 2022,
                    "month": 2,
                    "day": 18
                  },
                  "time": {
                    "hour": 11,
                    "minute": 17,
                    "second": 24,
                    "nano": 559000000
                  }
                },
                "offset": {
                  "totalSeconds": 0
                },
                "zone": {
                  "totalSeconds": 0
                }
              },
              "endDateTime": {
                "dateTime": {
                  "date": {
                    "year": 2022,
                    "month": 2,
                    "day": 18
                  },
                  "time": {
                    "hour": 11,
                    "minute": 17,
                    "second": 24,
                    "nano": 560000000
                  }
                },
                "offset": {
                  "totalSeconds": 0
                },
                "zone": {
                  "totalSeconds": 0
                }
              },
              "duration": "00h:00m:00s",
              "statusEnum": "PASSED",
              "status": "PASSED",
              "testClass": "io.cucumber.core.runner.PickleStepTestStep",
              "test": "Validation of values for Cash Accounts Columns",
              "parameters": [],
              "suite": "Sanity Test Cases for QA Pull",
              "logOutput": [],
              "resourceMetaDataList": [],
              "userInterfaces": [],
              "webservices": []
            },
            {
              "id": "I see Balances and Investments section_1645183044560_1",
              "testMethodId": "I see Balances and Investments section_1645183044560_1",
              "name": "I see Balances and Investments section",
              "description": "When ",
              "configuration": false,
              "methodType": "Step",
              "startDateTime": {
                "dateTime": {
                  "date": {
                    "year": 2022,
                    "month": 2,
                    "day": 18
                  },
                  "time": {
                    "hour": 11,
                    "minute": 17,
                    "second": 24,
                    "nano": 560000000
                  }
                },
                "offset": {
                  "totalSeconds": 0
                },
                "zone": {
                  "totalSeconds": 0
                }
              },
              "endDateTime": {
                "dateTime": {
                  "date": {
                    "year": 2022,
                    "month": 2,
                    "day": 18
                  },
                  "time": {
                    "hour": 11,
                    "minute": 17,
                    "second": 24,
                    "nano": 561000000
                  }
                },
                "offset": {
                  "totalSeconds": 0
                },
                "zone": {
                  "totalSeconds": 0
                }
              },
              "duration": "00h:00m:00s",
              "statusEnum": "PASSED",
              "status": "PASSED",
              "testClass": "io.cucumber.core.runner.PickleStepTestStep",
              "test": "Validation of values for Cash Accounts Columns",
              "parameters": [],
              "suite": "Sanity Test Cases for QA Pull",
              "logOutput": [],
              "resourceMetaDataList": [],
              "userInterfaces": [],
              "webservices": []
            },
            {
              "id": "I click on Show Full details Link_1645183044561_1",
              "testMethodId": "I click on Show Full details Link_1645183044561_1",
              "name": "I click on Show Full details Link",
              "description": "Then ",
              "configuration": false,
              "methodType": "Step",
              "startDateTime": {
                "dateTime": {
                  "date": {
                    "year": 2022,
                    "month": 2,
                    "day": 18
                  },
                  "time": {
                    "hour": 11,
                    "minute": 17,
                    "second": 24,
                    "nano": 561000000
                  }
                },
                "offset": {
                  "totalSeconds": 0
                },
                "zone": {
                  "totalSeconds": 0
                }
              },
              "endDateTime": {
                "dateTime": {
                  "date": {
                    "year": 2022,
                    "month": 2,
                    "day": 18
                  },
                  "time": {
                    "hour": 11,
                    "minute": 17,
                    "second": 24,
                    "nano": 562000000
                  }
                },
                "offset": {
                  "totalSeconds": 0
                },
                "zone": {
                  "totalSeconds": 0
                }
              },
              "duration": "00h:00m:00s",
              "statusEnum": "PASSED",
              "status": "PASSED",
              "testClass": "io.cucumber.core.runner.PickleStepTestStep",
              "test": "Validation of values for Cash Accounts Columns",
              "parameters": [],
              "suite": "Sanity Test Cases for QA Pull",
              "logOutput": [],
              "resourceMetaDataList": [],
              "userInterfaces": [],
              "webservices": []
            },
            {
              "id": "I should verify the Cash Accounts details Household accounts fields_1645183044568_1",
              "testMethodId": "I should verify the Cash Accounts details Household accounts fields_1645183044568_1",
              "name": "I should verify the Cash Accounts details Household accounts fields",
              "description": "And ",
              "configuration": false,
              "methodType": "Step",
              "startDateTime": {
                "dateTime": {
                  "date": {
                    "year": 2022,
                    "month": 2,
                    "day": 18
                  },
                  "time": {
                    "hour": 11,
                    "minute": 17,
                    "second": 24,
                    "nano": 568000000
                  }
                },
                "offset": {
                  "totalSeconds": 0
                },
                "zone": {
                  "totalSeconds": 0
                }
              },
              "endDateTime": {
                "dateTime": {
                  "date": {
                    "year": 2022,
                    "month": 2,
                    "day": 18
                  },
                  "time": {
                    "hour": 11,
                    "minute": 17,
                    "second": 24,
                    "nano": 569000000
                  }
                },
                "offset": {
                  "totalSeconds": 0
                },
                "zone": {
                  "totalSeconds": 0
                }
              },
              "duration": "00h:00m:00s",
              "statusEnum": "PASSED",
              "status": "PASSED",
              "testClass": "io.cucumber.core.runner.PickleStepTestStep",
              "test": "Validation of values for Cash Accounts Columns",
              "parameters": [],
              "suite": "Sanity Test Cases for QA Pull",
              "logOutput": [],
              "resourceMetaDataList": [],
              "userInterfaces": [],
              "webservices": []
            },
            {
              "id": "AFTERHook_1645183044569_1",
              "testMethodId": "AFTERHook_1645183044569_1",
              "name": "AFTERHook",
              "configuration": true,
              "methodType": "TestMethod",
              "startDateTime": {
                "dateTime": {
                  "date": {
                    "year": 2022,
                    "month": 2,
                    "day": 18
                  },
                  "time": {
                    "hour": 11,
                    "minute": 17,
                    "second": 24,
                    "nano": 569000000
                  }
                },
                "offset": {
                  "totalSeconds": 0
                },
                "zone": {
                  "totalSeconds": 0
                }
              },
              "endDateTime": {
                "dateTime": {
                  "date": {
                    "year": 2022,
                    "month": 2,
                    "day": 18
                  },
                  "time": {
                    "hour": 11,
                    "minute": 17,
                    "second": 24,
                    "nano": 570000000
                  }
                },
                "offset": {
                  "totalSeconds": 0
                },
                "zone": {
                  "totalSeconds": 0
                }
              },
              "duration": "00h:00m:00s",
              "statusEnum": "PASSED",
              "status": "PASSED",
              "testClass": "io.cucumber.core.runner.HookTestStep",
              "test": "Validation of values for Cash Accounts Columns",
              "parameters": [],
              "suite": "Sanity Test Cases for QA Pull",
              "logOutput": [],
              "resourceMetaDataList": [],
              "userInterfaces": [],
              "webservices": []
            }
          ]
        }
      ]
    }
  ],
  "testMethodList": [
    {
      "id": "BEFOREHook_1645183044553_1",
      "testMethodId": "BEFOREHook_1645183044553_1",
      "name": "BEFOREHook",
      "configuration": true,
      "methodType": "TestMethod",
      "startDateTime": {
        "dateTime": {
          "date": {
            "year": 2022,
            "month": 2,
            "day": 18
          },
          "time": {
            "hour": 11,
            "minute": 17,
            "second": 24,
            "nano": 553000000
          }
        },
        "offset": {
          "totalSeconds": 0
        },
        "zone": {
          "totalSeconds": 0
        }
      },
      "endDateTime": {
        "dateTime": {
          "date": {
            "year": 2022,
            "month": 2,
            "day": 18
          },
          "time": {
            "hour": 11,
            "minute": 17,
            "second": 24,
            "nano": 553000000
          }
        },
        "offset": {
          "totalSeconds": 0
        },
        "zone": {
          "totalSeconds": 0
        }
      },
      "duration": "00h:00m:00s",
      "statusEnum": "PASSED",
      "status": "PASSED",
      "testClass": "io.cucumber.core.runner.HookTestStep",
      "test": "Validation of values for Cash Accounts Columns",
      "parameters": [],
      "suite": "Sanity Test Cases for QA Pull",
      "logOutput": [],
      "resourceMetaDataList": [],
      "userInterfaces": [],
      "webservices": []
    },
    {
      "id": "I login into ClientWorks application_1645183044555_1",
      "testMethodId": "I login into ClientWorks application_1645183044555_1",
      "name": "I login into ClientWorks application",
      "description": "Given ",
      "configuration": false,
      "methodType": "Step",
      "startDateTime": {
        "dateTime": {
          "date": {
            "year": 2022,
            "month": 2,
            "day": 18
          },
          "time": {
            "hour": 11,
            "minute": 17,
            "second": 24,
            "nano": 555000000
          }
        },
        "offset": {
          "totalSeconds": 0
        },
        "zone": {
          "totalSeconds": 0
        }
      },
      "endDateTime": {
        "dateTime": {
          "date": {
            "year": 2022,
            "month": 2,
            "day": 18
          },
          "time": {
            "hour": 11,
            "minute": 17,
            "second": 24,
            "nano": 555000000
          }
        },
        "offset": {
          "totalSeconds": 0
        },
        "zone": {
          "totalSeconds": 0
        }
      },
      "duration": "00h:00m:00s",
      "statusEnum": "PASSED",
      "status": "PASSED",
      "testClass": "io.cucumber.core.runner.PickleStepTestStep",
      "test": "Validation of values for Cash Accounts Columns",
      "parameters": [],
      "suite": "Sanity Test Cases for QA Pull",
      "logOutput": [],
      "resourceMetaDataList": [],
      "userInterfaces": [],
      "webservices": []
    },
    {
      "id": "I should view Client Management Page is displayed_1645183044556_1",
      "testMethodId": "I should view Client Management Page is displayed_1645183044556_1",
      "name": "I should view Client Management Page is displayed",
      "description": "Then ",
      "configuration": false,
      "methodType": "Step",
      "startDateTime": {
        "dateTime": {
          "date": {
            "year": 2022,
            "month": 2,
            "day": 18
          },
          "time": {
            "hour": 11,
            "minute": 17,
            "second": 24,
            "nano": 556000000
          }
        },
        "offset": {
          "totalSeconds": 0
        },
        "zone": {
          "totalSeconds": 0
        }
      },
      "endDateTime": {
        "dateTime": {
          "date": {
            "year": 2022,
            "month": 2,
            "day": 18
          },
          "time": {
            "hour": 11,
            "minute": 17,
            "second": 24,
            "nano": 556000000
          }
        },
        "offset": {
          "totalSeconds": 0
        },
        "zone": {
          "totalSeconds": 0
        }
      },
      "duration": "00h:00m:00s",
      "statusEnum": "PASSED",
      "status": "PASSED",
      "testClass": "io.cucumber.core.runner.PickleStepTestStep",
      "test": "Validation of values for Cash Accounts Columns",
      "parameters": [],
      "suite": "Sanity Test Cases for QA Pull",
      "logOutput": [],
      "resourceMetaDataList": [],
      "userInterfaces": [],
      "webservices": []
    },
    {
      "id": "I should navigate into Groups tab_1645183044556_1",
      "testMethodId": "I should navigate into Groups tab_1645183044556_1",
      "name": "I should navigate into Groups tab",
      "description": "And ",
      "configuration": false,
      "methodType": "Step",
      "startDateTime": {
        "dateTime": {
          "date": {
            "year": 2022,
            "month": 2,
            "day": 18
          },
          "time": {
            "hour": 11,
            "minute": 17,
            "second": 24,
            "nano": 556000000
          }
        },
        "offset": {
          "totalSeconds": 0
        },
        "zone": {
          "totalSeconds": 0
        }
      },
      "endDateTime": {
        "dateTime": {
          "date": {
            "year": 2022,
            "month": 2,
            "day": 18
          },
          "time": {
            "hour": 11,
            "minute": 17,
            "second": 24,
            "nano": 557000000
          }
        },
        "offset": {
          "totalSeconds": 0
        },
        "zone": {
          "totalSeconds": 0
        }
      },
      "duration": "00h:00m:00s",
      "statusEnum": "PASSED",
      "status": "PASSED",
      "testClass": "io.cucumber.core.runner.PickleStepTestStep",
      "test": "Validation of values for Cash Accounts Columns",
      "parameters": [],
      "suite": "Sanity Test Cases for QA Pull",
      "logOutput": [],
      "resourceMetaDataList": [],
      "userInterfaces": [],
      "webservices": []
    },
    {
      "id": "I enter Groupname_1645183044557_1",
      "testMethodId": "I enter Groupname_1645183044557_1",
      "name": "I enter Groupname",
      "description": "When ",
      "configuration": false,
      "methodType": "Step",
      "startDateTime": {
        "dateTime": {
          "date": {
            "year": 2022,
            "month": 2,
            "day": 18
          },
          "time": {
            "hour": 11,
            "minute": 17,
            "second": 24,
            "nano": 557000000
          }
        },
        "offset": {
          "totalSeconds": 0
        },
        "zone": {
          "totalSeconds": 0
        }
      },
      "endDateTime": {
        "dateTime": {
          "date": {
            "year": 2022,
            "month": 2,
            "day": 18
          },
          "time": {
            "hour": 11,
            "minute": 17,
            "second": 24,
            "nano": 557000000
          }
        },
        "offset": {
          "totalSeconds": 0
        },
        "zone": {
          "totalSeconds": 0
        }
      },
      "duration": "00h:00m:00s",
      "statusEnum": "PASSED",
      "status": "PASSED",
      "testClass": "io.cucumber.core.runner.PickleStepTestStep",
      "test": "Validation of values for Cash Accounts Columns",
      "parameters": [],
      "suite": "Sanity Test Cases for QA Pull",
      "logOutput": [],
      "resourceMetaDataList": [],
      "userInterfaces": [],
      "webservices": []
    },
    {
      "id": "I click on search button_1645183044558_1",
      "testMethodId": "I click on search button_1645183044558_1",
      "name": "I click on search button",
      "description": "Then ",
      "configuration": false,
      "methodType": "Step",
      "startDateTime": {
        "dateTime": {
          "date": {
            "year": 2022,
            "month": 2,
            "day": 18
          },
          "time": {
            "hour": 11,
            "minute": 17,
            "second": 24,
            "nano": 558000000
          }
        },
        "offset": {
          "totalSeconds": 0
        },
        "zone": {
          "totalSeconds": 0
        }
      },
      "endDateTime": {
        "dateTime": {
          "date": {
            "year": 2022,
            "month": 2,
            "day": 18
          },
          "time": {
            "hour": 11,
            "minute": 17,
            "second": 24,
            "nano": 558000000
          }
        },
        "offset": {
          "totalSeconds": 0
        },
        "zone": {
          "totalSeconds": 0
        }
      },
      "duration": "00h:00m:00s",
      "statusEnum": "PASSED",
      "status": "PASSED",
      "testClass": "io.cucumber.core.runner.PickleStepTestStep",
      "test": "Validation of values for Cash Accounts Columns",
      "parameters": [],
      "suite": "Sanity Test Cases for QA Pull",
      "logOutput": [],
      "resourceMetaDataList": [],
      "userInterfaces": [],
      "webservices": []
    },
    {
      "id": "I click on a hyperlinked Household Group name_1645183044559_1",
      "testMethodId": "I click on a hyperlinked Household Group name_1645183044559_1",
      "name": "I click on a hyperlinked Household Group name",
      "description": "When ",
      "configuration": false,
      "methodType": "Step",
      "startDateTime": {
        "dateTime": {
          "date": {
            "year": 2022,
            "month": 2,
            "day": 18
          },
          "time": {
            "hour": 11,
            "minute": 17,
            "second": 24,
            "nano": 558000000
          }
        },
        "offset": {
          "totalSeconds": 0
        },
        "zone": {
          "totalSeconds": 0
        }
      },
      "endDateTime": {
        "dateTime": {
          "date": {
            "year": 2022,
            "month": 2,
            "day": 18
          },
          "time": {
            "hour": 11,
            "minute": 17,
            "second": 24,
            "nano": 559000000
          }
        },
        "offset": {
          "totalSeconds": 0
        },
        "zone": {
          "totalSeconds": 0
        }
      },
      "duration": "00h:00m:00s",
      "statusEnum": "PASSED",
      "status": "PASSED",
      "testClass": "io.cucumber.core.runner.PickleStepTestStep",
      "test": "Validation of values for Cash Accounts Columns",
      "parameters": [],
      "suite": "Sanity Test Cases for QA Pull",
      "logOutput": [],
      "resourceMetaDataList": [],
      "userInterfaces": [],
      "webservices": []
    },
    {
      "id": "I should see household group Dashboard page_1645183044559_1",
      "testMethodId": "I should see household group Dashboard page_1645183044559_1",
      "name": "I should see household group Dashboard page",
      "description": "Then ",
      "configuration": false,
      "methodType": "Step",
      "startDateTime": {
        "dateTime": {
          "date": {
            "year": 2022,
            "month": 2,
            "day": 18
          },
          "time": {
            "hour": 11,
            "minute": 17,
            "second": 24,
            "nano": 559000000
          }
        },
        "offset": {
          "totalSeconds": 0
        },
        "zone": {
          "totalSeconds": 0
        }
      },
      "endDateTime": {
        "dateTime": {
          "date": {
            "year": 2022,
            "month": 2,
            "day": 18
          },
          "time": {
            "hour": 11,
            "minute": 17,
            "second": 24,
            "nano": 560000000
          }
        },
        "offset": {
          "totalSeconds": 0
        },
        "zone": {
          "totalSeconds": 0
        }
      },
      "duration": "00h:00m:00s",
      "statusEnum": "PASSED",
      "status": "PASSED",
      "testClass": "io.cucumber.core.runner.PickleStepTestStep",
      "test": "Validation of values for Cash Accounts Columns",
      "parameters": [],
      "suite": "Sanity Test Cases for QA Pull",
      "logOutput": [],
      "resourceMetaDataList": [],
      "userInterfaces": [],
      "webservices": []
    },
    {
      "id": "I see Balances and Investments section_1645183044560_1",
      "testMethodId": "I see Balances and Investments section_1645183044560_1",
      "name": "I see Balances and Investments section",
      "description": "When ",
      "configuration": false,
      "methodType": "Step",
      "startDateTime": {
        "dateTime": {
          "date": {
            "year": 2022,
            "month": 2,
            "day": 18
          },
          "time": {
            "hour": 11,
            "minute": 17,
            "second": 24,
            "nano": 560000000
          }
        },
        "offset": {
          "totalSeconds": 0
        },
        "zone": {
          "totalSeconds": 0
        }
      },
      "endDateTime": {
        "dateTime": {
          "date": {
            "year": 2022,
            "month": 2,
            "day": 18
          },
          "time": {
            "hour": 11,
            "minute": 17,
            "second": 24,
            "nano": 561000000
          }
        },
        "offset": {
          "totalSeconds": 0
        },
        "zone": {
          "totalSeconds": 0
        }
      },
      "duration": "00h:00m:00s",
      "statusEnum": "PASSED",
      "status": "PASSED",
      "testClass": "io.cucumber.core.runner.PickleStepTestStep",
      "test": "Validation of values for Cash Accounts Columns",
      "parameters": [],
      "suite": "Sanity Test Cases for QA Pull",
      "logOutput": [],
      "resourceMetaDataList": [],
      "userInterfaces": [],
      "webservices": []
    },
    {
      "id": "I click on Show Full details Link_1645183044561_1",
      "testMethodId": "I click on Show Full details Link_1645183044561_1",
      "name": "I click on Show Full details Link",
      "description": "Then ",
      "configuration": false,
      "methodType": "Step",
      "startDateTime": {
        "dateTime": {
          "date": {
            "year": 2022,
            "month": 2,
            "day": 18
          },
          "time": {
            "hour": 11,
            "minute": 17,
            "second": 24,
            "nano": 561000000
          }
        },
        "offset": {
          "totalSeconds": 0
        },
        "zone": {
          "totalSeconds": 0
        }
      },
      "endDateTime": {
        "dateTime": {
          "date": {
            "year": 2022,
            "month": 2,
            "day": 18
          },
          "time": {
            "hour": 11,
            "minute": 17,
            "second": 24,
            "nano": 562000000
          }
        },
        "offset": {
          "totalSeconds": 0
        },
        "zone": {
          "totalSeconds": 0
        }
      },
      "duration": "00h:00m:00s",
      "statusEnum": "PASSED",
      "status": "PASSED",
      "testClass": "io.cucumber.core.runner.PickleStepTestStep",
      "test": "Validation of values for Cash Accounts Columns",
      "parameters": [],
      "suite": "Sanity Test Cases for QA Pull",
      "logOutput": [],
      "resourceMetaDataList": [],
      "userInterfaces": [],
      "webservices": []
    },
    {
      "id": "I should verify the Cash Accounts details Household accounts fields_1645183044568_1",
      "testMethodId": "I should verify the Cash Accounts details Household accounts fields_1645183044568_1",
      "name": "I should verify the Cash Accounts details Household accounts fields",
      "description": "And ",
      "configuration": false,
      "methodType": "Step",
      "startDateTime": {
        "dateTime": {
          "date": {
            "year": 2022,
            "month": 2,
            "day": 18
          },
          "time": {
            "hour": 11,
            "minute": 17,
            "second": 24,
            "nano": 568000000
          }
        },
        "offset": {
          "totalSeconds": 0
        },
        "zone": {
          "totalSeconds": 0
        }
      },
      "endDateTime": {
        "dateTime": {
          "date": {
            "year": 2022,
            "month": 2,
            "day": 18
          },
          "time": {
            "hour": 11,
            "minute": 17,
            "second": 24,
            "nano": 569000000
          }
        },
        "offset": {
          "totalSeconds": 0
        },
        "zone": {
          "totalSeconds": 0
        }
      },
      "duration": "00h:00m:00s",
      "statusEnum": "PASSED",
      "status": "PASSED",
      "testClass": "io.cucumber.core.runner.PickleStepTestStep",
      "test": "Validation of values for Cash Accounts Columns",
      "parameters": [],
      "suite": "Sanity Test Cases for QA Pull",
      "logOutput": [],
      "resourceMetaDataList": [],
      "userInterfaces": [],
      "webservices": []
    },
    {
      "id": "AFTERHook_1645183044569_1",
      "testMethodId": "AFTERHook_1645183044569_1",
      "name": "AFTERHook",
      "configuration": true,
      "methodType": "TestMethod",
      "startDateTime": {
        "dateTime": {
          "date": {
            "year": 2022,
            "month": 2,
            "day": 18
          },
          "time": {
            "hour": 11,
            "minute": 17,
            "second": 24,
            "nano": 569000000
          }
        },
        "offset": {
          "totalSeconds": 0
        },
        "zone": {
          "totalSeconds": 0
        }
      },
      "endDateTime": {
        "dateTime": {
          "date": {
            "year": 2022,
            "month": 2,
            "day": 18
          },
          "time": {
            "hour": 11,
            "minute": 17,
            "second": 24,
            "nano": 570000000
          }
        },
        "offset": {
          "totalSeconds": 0
        },
        "zone": {
          "totalSeconds": 0
        }
      },
      "duration": "00h:00m:00s",
      "statusEnum": "PASSED",
      "status": "PASSED",
      "testClass": "io.cucumber.core.runner.HookTestStep",
      "test": "Validation of values for Cash Accounts Columns",
      "parameters": [],
      "suite": "Sanity Test Cases for QA Pull",
      "logOutput": [],
      "resourceMetaDataList": [],
      "userInterfaces": [],
      "webservices": []
    },
    {
      "id": "BEFOREHook_1645183044553_1",
      "testMethodId": "BEFOREHook_1645183044553_1",
      "name": "BEFOREHook",
      "configuration": true,
      "methodType": "TestMethod",
      "startDateTime": {
        "dateTime": {
          "date": {
            "year": 2022,
            "month": 2,
            "day": 18
          },
          "time": {
            "hour": 11,
            "minute": 17,
            "second": 24,
            "nano": 553000000
          }
        },
        "offset": {
          "totalSeconds": 0
        },
        "zone": {
          "totalSeconds": 0
        }
      },
      "endDateTime": {
        "dateTime": {
          "date": {
            "year": 2022,
            "month": 2,
            "day": 18
          },
          "time": {
            "hour": 11,
            "minute": 17,
            "second": 24,
            "nano": 553000000
          }
        },
        "offset": {
          "totalSeconds": 0
        },
        "zone": {
          "totalSeconds": 0
        }
      },
      "duration": "00h:00m:00s",
      "statusEnum": "PASSED",
      "status": "PASSED",
      "testClass": "io.cucumber.core.runner.HookTestStep",
      "test": "Validation of values for Cash Accounts Columns",
      "parameters": [],
      "suite": "Sanity Test Cases for QA Pull",
      "logOutput": [],
      "resourceMetaDataList": [],
      "userInterfaces": [],
      "webservices": []
    },
    {
      "id": "I login into ClientWorks application_1645183044555_1",
      "testMethodId": "I login into ClientWorks application_1645183044555_1",
      "name": "I login into ClientWorks application",
      "description": "Given ",
      "configuration": false,
      "methodType": "Step",
      "startDateTime": {
        "dateTime": {
          "date": {
            "year": 2022,
            "month": 2,
            "day": 18
          },
          "time": {
            "hour": 11,
            "minute": 17,
            "second": 24,
            "nano": 555000000
          }
        },
        "offset": {
          "totalSeconds": 0
        },
        "zone": {
          "totalSeconds": 0
        }
      },
      "endDateTime": {
        "dateTime": {
          "date": {
            "year": 2022,
            "month": 2,
            "day": 18
          },
          "time": {
            "hour": 11,
            "minute": 17,
            "second": 24,
            "nano": 555000000
          }
        },
        "offset": {
          "totalSeconds": 0
        },
        "zone": {
          "totalSeconds": 0
        }
      },
      "duration": "00h:00m:00s",
      "statusEnum": "PASSED",
      "status": "PASSED",
      "testClass": "io.cucumber.core.runner.PickleStepTestStep",
      "test": "Validation of values for Cash Accounts Columns",
      "parameters": [],
      "suite": "Sanity Test Cases for QA Pull",
      "logOutput": [],
      "resourceMetaDataList": [],
      "userInterfaces": [],
      "webservices": []
    },
    {
      "id": "I should view Client Management Page is displayed_1645183044556_1",
      "testMethodId": "I should view Client Management Page is displayed_1645183044556_1",
      "name": "I should view Client Management Page is displayed",
      "description": "Then ",
      "configuration": false,
      "methodType": "Step",
      "startDateTime": {
        "dateTime": {
          "date": {
            "year": 2022,
            "month": 2,
            "day": 18
          },
          "time": {
            "hour": 11,
            "minute": 17,
            "second": 24,
            "nano": 556000000
          }
        },
        "offset": {
          "totalSeconds": 0
        },
        "zone": {
          "totalSeconds": 0
        }
      },
      "endDateTime": {
        "dateTime": {
          "date": {
            "year": 2022,
            "month": 2,
            "day": 18
          },
          "time": {
            "hour": 11,
            "minute": 17,
            "second": 24,
            "nano": 556000000
          }
        },
        "offset": {
          "totalSeconds": 0
        },
        "zone": {
          "totalSeconds": 0
        }
      },
      "duration": "00h:00m:00s",
      "statusEnum": "PASSED",
      "status": "PASSED",
      "testClass": "io.cucumber.core.runner.PickleStepTestStep",
      "test": "Validation of values for Cash Accounts Columns",
      "parameters": [],
      "suite": "Sanity Test Cases for QA Pull",
      "logOutput": [],
      "resourceMetaDataList": [],
      "userInterfaces": [],
      "webservices": []
    },
    {
      "id": "I should navigate into Groups tab_1645183044556_1",
      "testMethodId": "I should navigate into Groups tab_1645183044556_1",
      "name": "I should navigate into Groups tab",
      "description": "And ",
      "configuration": false,
      "methodType": "Step",
      "startDateTime": {
        "dateTime": {
          "date": {
            "year": 2022,
            "month": 2,
            "day": 18
          },
          "time": {
            "hour": 11,
            "minute": 17,
            "second": 24,
            "nano": 556000000
          }
        },
        "offset": {
          "totalSeconds": 0
        },
        "zone": {
          "totalSeconds": 0
        }
      },
      "endDateTime": {
        "dateTime": {
          "date": {
            "year": 2022,
            "month": 2,
            "day": 18
          },
          "time": {
            "hour": 11,
            "minute": 17,
            "second": 24,
            "nano": 557000000
          }
        },
        "offset": {
          "totalSeconds": 0
        },
        "zone": {
          "totalSeconds": 0
        }
      },
      "duration": "00h:00m:00s",
      "statusEnum": "PASSED",
      "status": "PASSED",
      "testClass": "io.cucumber.core.runner.PickleStepTestStep",
      "test": "Validation of values for Cash Accounts Columns",
      "parameters": [],
      "suite": "Sanity Test Cases for QA Pull",
      "logOutput": [],
      "resourceMetaDataList": [],
      "userInterfaces": [],
      "webservices": []
    },
    {
      "id": "I enter Groupname_1645183044557_1",
      "testMethodId": "I enter Groupname_1645183044557_1",
      "name": "I enter Groupname",
      "description": "When ",
      "configuration": false,
      "methodType": "Step",
      "startDateTime": {
        "dateTime": {
          "date": {
            "year": 2022,
            "month": 2,
            "day": 18
          },
          "time": {
            "hour": 11,
            "minute": 17,
            "second": 24,
            "nano": 557000000
          }
        },
        "offset": {
          "totalSeconds": 0
        },
        "zone": {
          "totalSeconds": 0
        }
      },
      "endDateTime": {
        "dateTime": {
          "date": {
            "year": 2022,
            "month": 2,
            "day": 18
          },
          "time": {
            "hour": 11,
            "minute": 17,
            "second": 24,
            "nano": 557000000
          }
        },
        "offset": {
          "totalSeconds": 0
        },
        "zone": {
          "totalSeconds": 0
        }
      },
      "duration": "00h:00m:00s",
      "statusEnum": "PASSED",
      "status": "PASSED",
      "testClass": "io.cucumber.core.runner.PickleStepTestStep",
      "test": "Validation of values for Cash Accounts Columns",
      "parameters": [],
      "suite": "Sanity Test Cases for QA Pull",
      "logOutput": [],
      "resourceMetaDataList": [],
      "userInterfaces": [],
      "webservices": []
    },
    {
      "id": "I click on search button_1645183044558_1",
      "testMethodId": "I click on search button_1645183044558_1",
      "name": "I click on search button",
      "description": "Then ",
      "configuration": false,
      "methodType": "Step",
      "startDateTime": {
        "dateTime": {
          "date": {
            "year": 2022,
            "month": 2,
            "day": 18
          },
          "time": {
            "hour": 11,
            "minute": 17,
            "second": 24,
            "nano": 558000000
          }
        },
        "offset": {
          "totalSeconds": 0
        },
        "zone": {
          "totalSeconds": 0
        }
      },
      "endDateTime": {
        "dateTime": {
          "date": {
            "year": 2022,
            "month": 2,
            "day": 18
          },
          "time": {
            "hour": 11,
            "minute": 17,
            "second": 24,
            "nano": 558000000
          }
        },
        "offset": {
          "totalSeconds": 0
        },
        "zone": {
          "totalSeconds": 0
        }
      },
      "duration": "00h:00m:00s",
      "statusEnum": "PASSED",
      "status": "PASSED",
      "testClass": "io.cucumber.core.runner.PickleStepTestStep",
      "test": "Validation of values for Cash Accounts Columns",
      "parameters": [],
      "suite": "Sanity Test Cases for QA Pull",
      "logOutput": [],
      "resourceMetaDataList": [],
      "userInterfaces": [],
      "webservices": []
    },
    {
      "id": "I click on a hyperlinked Household Group name_1645183044559_1",
      "testMethodId": "I click on a hyperlinked Household Group name_1645183044559_1",
      "name": "I click on a hyperlinked Household Group name",
      "description": "When ",
      "configuration": false,
      "methodType": "Step",
      "startDateTime": {
        "dateTime": {
          "date": {
            "year": 2022,
            "month": 2,
            "day": 18
          },
          "time": {
            "hour": 11,
            "minute": 17,
            "second": 24,
            "nano": 558000000
          }
        },
        "offset": {
          "totalSeconds": 0
        },
        "zone": {
          "totalSeconds": 0
        }
      },
      "endDateTime": {
        "dateTime": {
          "date": {
            "year": 2022,
            "month": 2,
            "day": 18
          },
          "time": {
            "hour": 11,
            "minute": 17,
            "second": 24,
            "nano": 559000000
          }
        },
        "offset": {
          "totalSeconds": 0
        },
        "zone": {
          "totalSeconds": 0
        }
      },
      "duration": "00h:00m:00s",
      "statusEnum": "PASSED",
      "status": "PASSED",
      "testClass": "io.cucumber.core.runner.PickleStepTestStep",
      "test": "Validation of values for Cash Accounts Columns",
      "parameters": [],
      "suite": "Sanity Test Cases for QA Pull",
      "logOutput": [],
      "resourceMetaDataList": [],
      "userInterfaces": [],
      "webservices": []
    },
    {
      "id": "I should see household group Dashboard page_1645183044559_1",
      "testMethodId": "I should see household group Dashboard page_1645183044559_1",
      "name": "I should see household group Dashboard page",
      "description": "Then ",
      "configuration": false,
      "methodType": "Step",
      "startDateTime": {
        "dateTime": {
          "date": {
            "year": 2022,
            "month": 2,
            "day": 18
          },
          "time": {
            "hour": 11,
            "minute": 17,
            "second": 24,
            "nano": 559000000
          }
        },
        "offset": {
          "totalSeconds": 0
        },
        "zone": {
          "totalSeconds": 0
        }
      },
      "endDateTime": {
        "dateTime": {
          "date": {
            "year": 2022,
            "month": 2,
            "day": 18
          },
          "time": {
            "hour": 11,
            "minute": 17,
            "second": 24,
            "nano": 560000000
          }
        },
        "offset": {
          "totalSeconds": 0
        },
        "zone": {
          "totalSeconds": 0
        }
      },
      "duration": "00h:00m:00s",
      "statusEnum": "PASSED",
      "status": "PASSED",
      "testClass": "io.cucumber.core.runner.PickleStepTestStep",
      "test": "Validation of values for Cash Accounts Columns",
      "parameters": [],
      "suite": "Sanity Test Cases for QA Pull",
      "logOutput": [],
      "resourceMetaDataList": [],
      "userInterfaces": [],
      "webservices": []
    },
    {
      "id": "I see Balances and Investments section_1645183044560_1",
      "testMethodId": "I see Balances and Investments section_1645183044560_1",
      "name": "I see Balances and Investments section",
      "description": "When ",
      "configuration": false,
      "methodType": "Step",
      "startDateTime": {
        "dateTime": {
          "date": {
            "year": 2022,
            "month": 2,
            "day": 18
          },
          "time": {
            "hour": 11,
            "minute": 17,
            "second": 24,
            "nano": 560000000
          }
        },
        "offset": {
          "totalSeconds": 0
        },
        "zone": {
          "totalSeconds": 0
        }
      },
      "endDateTime": {
        "dateTime": {
          "date": {
            "year": 2022,
            "month": 2,
            "day": 18
          },
          "time": {
            "hour": 11,
            "minute": 17,
            "second": 24,
            "nano": 561000000
          }
        },
        "offset": {
          "totalSeconds": 0
        },
        "zone": {
          "totalSeconds": 0
        }
      },
      "duration": "00h:00m:00s",
      "statusEnum": "PASSED",
      "status": "PASSED",
      "testClass": "io.cucumber.core.runner.PickleStepTestStep",
      "test": "Validation of values for Cash Accounts Columns",
      "parameters": [],
      "suite": "Sanity Test Cases for QA Pull",
      "logOutput": [],
      "resourceMetaDataList": [],
      "userInterfaces": [],
      "webservices": []
    },
    {
      "id": "I click on Show Full details Link_1645183044561_1",
      "testMethodId": "I click on Show Full details Link_1645183044561_1",
      "name": "I click on Show Full details Link",
      "description": "Then ",
      "configuration": false,
      "methodType": "Step",
      "startDateTime": {
        "dateTime": {
          "date": {
            "year": 2022,
            "month": 2,
            "day": 18
          },
          "time": {
            "hour": 11,
            "minute": 17,
            "second": 24,
            "nano": 561000000
          }
        },
        "offset": {
          "totalSeconds": 0
        },
        "zone": {
          "totalSeconds": 0
        }
      },
      "endDateTime": {
        "dateTime": {
          "date": {
            "year": 2022,
            "month": 2,
            "day": 18
          },
          "time": {
            "hour": 11,
            "minute": 17,
            "second": 24,
            "nano": 562000000
          }
        },
        "offset": {
          "totalSeconds": 0
        },
        "zone": {
          "totalSeconds": 0
        }
      },
      "duration": "00h:00m:00s",
      "statusEnum": "PASSED",
      "status": "PASSED",
      "testClass": "io.cucumber.core.runner.PickleStepTestStep",
      "test": "Validation of values for Cash Accounts Columns",
      "parameters": [],
      "suite": "Sanity Test Cases for QA Pull",
      "logOutput": [],
      "resourceMetaDataList": [],
      "userInterfaces": [],
      "webservices": []
    },
    {
      "id": "I should verify the Cash Accounts details Household accounts fields_1645183044568_1",
      "testMethodId": "I should verify the Cash Accounts details Household accounts fields_1645183044568_1",
      "name": "I should verify the Cash Accounts details Household accounts fields",
      "description": "And ",
      "configuration": false,
      "methodType": "Step",
      "startDateTime": {
        "dateTime": {
          "date": {
            "year": 2022,
            "month": 2,
            "day": 18
          },
          "time": {
            "hour": 11,
            "minute": 17,
            "second": 24,
            "nano": 568000000
          }
        },
        "offset": {
          "totalSeconds": 0
        },
        "zone": {
          "totalSeconds": 0
        }
      },
      "endDateTime": {
        "dateTime": {
          "date": {
            "year": 2022,
            "month": 2,
            "day": 18
          },
          "time": {
            "hour": 11,
            "minute": 17,
            "second": 24,
            "nano": 569000000
          }
        },
        "offset": {
          "totalSeconds": 0
        },
        "zone": {
          "totalSeconds": 0
        }
      },
      "duration": "00h:00m:00s",
      "statusEnum": "PASSED",
      "status": "PASSED",
      "testClass": "io.cucumber.core.runner.PickleStepTestStep",
      "test": "Validation of values for Cash Accounts Columns",
      "parameters": [],
      "suite": "Sanity Test Cases for QA Pull",
      "logOutput": [],
      "resourceMetaDataList": [],
      "userInterfaces": [],
      "webservices": []
    },
    {
      "id": "AFTERHook_1645183044569_1",
      "testMethodId": "AFTERHook_1645183044569_1",
      "name": "AFTERHook",
      "configuration": true,
      "methodType": "TestMethod",
      "startDateTime": {
        "dateTime": {
          "date": {
            "year": 2022,
            "month": 2,
            "day": 18
          },
          "time": {
            "hour": 11,
            "minute": 17,
            "second": 24,
            "nano": 569000000
          }
        },
        "offset": {
          "totalSeconds": 0
        },
        "zone": {
          "totalSeconds": 0
        }
      },
      "endDateTime": {
        "dateTime": {
          "date": {
            "year": 2022,
            "month": 2,
            "day": 18
          },
          "time": {
            "hour": 11,
            "minute": 17,
            "second": 24,
            "nano": 570000000
          }
        },
        "offset": {
          "totalSeconds": 0
        },
        "zone": {
          "totalSeconds": 0
        }
      },
      "duration": "00h:00m:00s",
      "statusEnum": "PASSED",
      "status": "PASSED",
      "testClass": "io.cucumber.core.runner.HookTestStep",
      "test": "Validation of values for Cash Accounts Columns",
      "parameters": [],
      "suite": "Sanity Test Cases for QA Pull",
      "logOutput": [],
      "resourceMetaDataList": [],
      "userInterfaces": [],
      "webservices": []
    }
  ],
  "bugListMap": {}
}