{
  "name": "BankSweepCapability",
  "defaultLocale": "en_US",
  "elements": [
    {
      "name": "streamlineBankSweepLink",
      "list": false,
      "type": "Link",
      "locales": [
        {
          "locale": "en_US",
          "locators": {
            "xpath": "//button[@title='Streamline Bank Sweep']"
          }
        }
      ]
      },
      
       {
      "name": "bankSweeepCreatedMsg",
      "list": false,
      "type": "Label",
      "locales": [
        {
          "locale": "en_US",
          "locators": {
            "xpath": "//div[@class='alert alert-dismissable alert-success']/span"
          }
        }
      ]
      }
      
      
      
      
     ]
     }