{
  "name": "BillingCapability",
  "defaultLocale": "en_US",
  "elements": [
    {
      "name": "streamlineBilling",
      "list": false,
      "type": "Link",
      "locales": [
        {
          "locale": "en_US",
          "locators": {
            "xpath": "//button[@class='btn btn-link btn-sm btn-capability' and text()=' Streamline Billing ']"
          }
        }
      ]
      
    },
       {
      "name": "billingDoneEditing",
      "list": false,
      "type": "Button",
      "locales": [
        {
          "locale": "en_US",
          "locators": {
            "xpath": "//button[contains(text(),' Done Editing ')]"
          }
        }
      ]
      
    },
    
       {
      "name": "billingApproveButton",
      "list": false,
      "type": "Button",
      "locales": [
        {
          "locale": "en_US",
          "locators": {
            "xpath": "//button[@class='btn btn-block btn-primary attest-btn']"
          }
        }
      ]
      
    },
       {
      "name": "billingEligibleAccountText",
      "list": false,
      "type": "TextField",
      "locales": [
        {
          "locale": "en_US",
          "locators": {
            "xpath": "//div[@class='card content-main']//section/h3"
          }
        }
      ]
      
    },
    
       {
      "name": "noOfBillingEligibleAccounts",
      "list": false,
      "type": "Table",
      "locales": [
        {
          "locale": "en_US",
          "locators": {
            "xpath": "//tr[@class='dx-row dx-data-row dx-selection']"
          }
        }
      ]
      
    },
    
    {
      "name": "billingDetailsPage",
      "list": false,
      "type": "Label",
      "locales": [
        {
          "locale": "en_US",
          "locators": {
            "xpath": "//section[@title='page title']/nav[2]/div/h2"
          }
        }
      ]
      
    },
    {
      "name": "eligibleAccountGridheader",
      "list": false,
      "type": "Label",
      "locales": [
        {
          "locale": "en_US",
          "locators": {
            "xpath": "//*[contains(text(),' ELIGIBLE ACCCOUNTS SELECTED FOR HOUSEHOLD GROUP BILLING (')]"
          }
        }
      ]
      
    },
    {
      "name": "eligibleAccountGridSubheader",
      "list": false,
      "type": "Label",
      "locales": [
        {
          "locale": "en_US",
          "locators": {
            "xpath": "//*[contains(text(),'You may uncheck any accounts that you wish to continue managing their billing at the account level')]"
          }
        }
      ]
      
    },
    {
      "name": "billingTypeHeader",
      "list": false,
      "type": "Label",
      "locales": [
        {
          "locale": "en_US",
          "locators": {
            "xpath": "//*[contains(text(),'Fee Type')]"
          }
        }
      ]
      
    },
    {
      "name": "eligibleAccountGridCheckboxForCheck",
      "list": false,
      "type": "CheckBox",
      "locales": [
        {
          "locale": "en_US",
          "locators": {
            "xpath": "(//div[contains(@class, 'dx-checkbox dx-widget')])[2]"
          }
        }
      ]
      
    },
     {
      "name": "eligibleAccountGridCheckboxForUnCheck",
      "list": false,
      "type": "CheckBox",
      "locales": [
        {
          "locale": "en_US",
          "locators": {
            "xpath": "(//div[contains(@class, 'dx-checkbox-checked')])[2]"
          }
        }
      ]
      
    },
    {
      "name": "removeAcctWarningMsg",
      "list": false,
      "type": "Label",
      "locales": [
        {
          "locale": "en_US",
          "locators": {
            "xpath": "//*[contains(text(),'Removing account will exclude it from the Household Billing Group')]"
          }
        }
      ]
      
    },
    {
      "name": "addAcctWarningMsg",
      "list": false,
      "type": "Label",
      "locales": [
        {
          "locale": "en_US",
          "locators": {
            "xpath": "//*[contains(text(),'Changing account level billing to household billing')]"
          }
        }
      ]
      
    },
     {
      "name": "billingTypeFlat",
      "list": false,
      "type": "Label",
      "locales": [
        {
          "locale": "en_US",
          "locators": {
            "xpath": "//div[@role='tab']//*[text()=' Flat ']"
          }
        }
      ]
      
    },
    {
      "name": "billingTypeProgressiveTiered",
      "list": false,
      "type": "Label",
      "locales": [
        {
          "locale": "en_US",
          "locators": {
            "xpath": "//div[@role='tab']//*[text()=' Progressive Tiered ']"
          }
        }
      ]
      
    },
   
    {
      "name": "flatEditValue",
      "list": false,
      "type": "Button",
      "locales": [
        {
          "locale": "en_US",
          "locators": {
            "xpath": "//div[@title='Current Default Rate']/div/button/i"
          }
        }
      ]
      
    },
       {
      "name": "enterFlatFeeValue",
      "list": false,
      "type": "TextField",
      "locales": [
        {
          "locale": "en_US",
          "locators": {
            "xpath": "//*/div[@class='d-inline']//following::input"
          }
        }
      ]
      
    },
    {
      "name": "flatFeeDecimalBillingDetailsPage",
      "list": false,
      "type": "Label",
      "locales": [
        {
          "locale": "en_US",
          "locators": {
            "xpath": "//div[2]/div[2]"
          }
        }
      ]
      
    },
    {
      "name": "flatFeeDecimalReviewPage",
      "list": false,
      "type": "Label",
      "locales": [
        {
          "locale": "en_US",
          "locators": {
            "xpath": "//li[2]/span/span"
          }
        }
      ]
      
    },
 {
      "name": "flatFeeDecimalDashboardPage",
      "list": false,
      "type": "Label",
      "locales": [
        {
          "locale": "en_US",
          "locators": {
            "xpath": "//div[2]/div/div[2]/*[@class='summary-value']"
          }
        }
      ]
      
    },
{
      "name": "flatFeeValueSelectedHeader",
      "list": false,
      "type": "Label",
      "locales": [
        {
          "locale": "en_US",
          "locators": {
            "xpath": "//p[@class='font-weight-bold']"
          }
        }
      ]
      
    },
    {
      "name": "createHouseholdBillingSet",
      "list": false,
      "type": "Button",
      "locales": [
        {
          "locale": "en_US",
          "locators": {
            "xpath": "//*[@title='CREATE HOUSEHOLD BILLING SET']"
          }
        }
      ]
      
    },
     {
      "name": "submitChanges",
      "list": false,
      "type": "Button",
      "locales": [
        {
          "locale": "en_US",
          "locators": {
            "xpath": "//*[@title='Submit Changes']"
          }
        }
      ]
      
    },
    {
      "name": "editDetailsReviewPage",
      "list": false,
      "type": "Button",
      "locales": [
        {
          "locale": "en_US",
          "locators": {
            "xpath": "//button[text()=' EDIT DETAILS ']"
          }
        }
      ]
      
    },
    {
      "name": "closeButtonConfirmationPage",
      "list": false,
      "type": "Button",
      "locales": [
        {
          "locale": "en_US",
          "locators": {
            "xpath": "//button[text()=' Close ']"
          }
        }
      ]
      
    },
    {
      "name": "householdBillingCapabilityTraker",
      "list": false,
      "type": "Label",
      "locales": [
        {
          "locale": "en_US",
          "locators": {
            "xpath": "//*[@class='card bg-dark mb-3 text-white']"
          }
        }
      ]
      
    },
    
    {
      "name": "householdNameInTraker",
      "list": false,
      "type": "Label",
      "locales": [
        {
          "locale": "en_US",
          "locators": {
            "xpath": "//span[@class='text-overflow hh-name']"
          }
        }
      ]
      
    },
    {
      "name": "capabilityTrackerChevron",
      "list": false,
      "type": "Label",
      "locales": [
        {
          "locale": "en_US",
          "locators": {
            "xpath": "//i[@class='fa fa-chevron-down pull-right collapse show']"
          }
        }
      ]
      
    },
    {
      "name": "bankSweepGridInTraker",
      "list": false,
      "type": "Label",
      "locales": [
        {
          "locale": "en_US",
          "locators": {
            "xpath": "//*[@class='existing-capability capability']"
          }
        }
      ]
    }, 
    {
      "name": "bankSweepTitleInTraker",
      "list": false,
      "type": "Label",
      "locales": [
        {
          "locale": "en_US",
          "locators": {
            "xpath": "//p[text()=' Bank Sweep Capability ']"
          }
        }
      ]
    }, 
    
    {
      "name": "bankSweepNameInTraker",
      "list": false,
      "type": "Label",
      "locales": [
        {
          "locale": "en_US",
          "locators": {
            "xpath": "//*[contains(text(),' HOUSEHOLD BANK SWEEP ')]"
          }
        }
      ]
       }, 
 	{
      "name": "billingCapabilityTitleInTraker",
      "list": false,
      "type": "Label",
      "locales": [
        {
          "locale": "en_US",
          "locators": {
            "xpath": "//*[@title='Billing Capability']"
          }
        }
      ]
       },
        {
      "name": "inProgressStatusInTraker",
      "list": false,
      "type": "Label",
      "locales": [
        {
          "locale": "en_US",
          "locators": {
            "xpath": "//*[@title='In progress']"
          }
        }
      ]
       },
     {
      "name": "readyToSignHeaderInTraker",
      "list": false,
      "type": "Label",
      "locales": [
        {
          "locale": "en_US",
          "locators": {
            "xpath": "//p[text()=' FORMS READY TO SIGN ']"
          }
        }
      ]
       },
    {
      "name": "billingNameInTraker",
      "list": false,
      "type": "Label",
      "locales": [
        {
          "locale": "en_US",
          "locators": {
            "xpath": "(//*[contains(@class,'card-title')]/span)[2]"
          }
        }
      ]
       },
    {
      "name": "verifyReviewPageDisplayed",
      "list": false,
      "type": "Label",
      "locales": [
        {
          "locale": "en_US",
          "locators": {
            "xpath": "//*[text()=' Review Household Billing Details ']"
          }
        }
      ]
       },
    {
      "name": "scheduleDropdownEditIcon",
      "list": false,
      "type": "Button",
      "locales": [
        {
          "locale": "en_US",
          "locators": {
            "xpath": "//div[@class='dx-dropdowneditor-icon']"
          }
        }
      ]
      
    },
    {
      "name": "scheduleValue1",
      "list": false,
      "type": "Button",
      "locales": [
        {
          "locale": "en_US",
          "locators": {
            "xpath": "//div[@class='dx-item dx-list-item']//*[text()='GroupSAM']"
          }
        }
      ]
      
    },
    {
      "name": "scheduleValue2",
      "list": false,
      "type": "Button",
      "locales": [
        {
          "locale": "en_US",
          "locators": {
            "xpath": "//div[@class='dx-item dx-list-item']//*[text()='GroupSAM2']"
          }
        }
      ]
      
    },
     {
      "name": "createBillingConfirmationMessage",
      "list": false,
      "type": "Label",
      "locales": [
        {
          "locale": "en_US",
          "locators": {
            "xpath": "//span[contains(text(),'HOUSEHOLD BILLING set successfully created')]"
          }
        }
      ]
       },
       {
      "name": "streamlineEditBillingIcon",
      "list": false,
      "type": "Button",
      "locales": [
        {
          "locale": "en_US",
          "locators": {
            "xpath": "//i[@class='fa fa-pencil current-badge' and @id='edit_billing_btn']"
          }
        }
      ]
      
    },
    {
      "name": "contentPanelInBillingDetailsPage",
      "list": false,
      "type": "Button",
      "locales": [
        {
          "locale": "en_US",
          "locators": {
            "xpath": "(//i[@class='fa fa-chevron-right text-info null'])[1]"
          }
        }
      ]
      
    },
    {
      "name": "accountsPanelInBillingDetailsPage",
      "list": false,
      "type": "Button",
      "locales": [
        {
          "locale": "en_US",
          "locators": {
            "xpath": "(//i[@class='fa fa-chevron-right text-info null'])"
          }
        }
      ]
      
    },
   {
      "name": "editBillingDetailsPageDisplayed",
      "list": false,
      "type": "Label",
      "locales": [
        {
          "locale": "en_US",
          "locators": {
            "xpath": "//*[text()=' Edit Billing Details ']"
          }
        }
      ]
       }, 
    {
      "name": "accountDetailsPanelReviewPage",
      "list": false,
      "type": "Label",
      "locales": [
        {
          "locale": "en_US",
          "locators": {
            "xpath": "//div[@class='dx-scrollview-content']"
          }
        }
      ]
       },
    {
      "name": "accountsPanelInReviewPage",
      "list": false,
      "type": "Button",
      "locales": [
        {
          "locale": "en_US",
          "locators": {
            "xpath": "//button[contains(@title,'Click to Expand')]"
          }
        }
      ]
      	
    },
    {
      "name": "editBillingConfirmationSucessMessage",
      "list": false,
      "type": "Label",
      "locales": [
        {
          "locale": "en_US",
          "locators": {
            "xpath": "//div[@class='alert alert-dismissable alert-success']/span[1]"
          }
        }
      ]
       },
       {
      "name": "prepareFormForSignature",
      "list": false,
      "type": "Label",
      "locales": [
        {
          "locale": "en_US",
          "locators": {
            "xpath": "//button[text() =' Prepare Form For Signature ']"
          }
        }
      ]
       },
       {
      "name": "billingNameInConfirmationPage",
      "list": false,
      "type": "Label",
      "locales": [
        {
          "locale": "en_US",
          "locators": {
            "xpath": "//div[@title='content streamline']/h2"
          }
        }
      ]
       },
      {
      "name": "alertMsgInBillingGrid",
      "list": false,
      "type": "Label",
      "locales": [
        {
          "locale": "en_US",
          "locators": {
            "xpath": "//div[@title='content streamline']/h3/span[1]"
          }
        }
      ]
       }, 
       {
      "name": "noOfColumnNameforBillingGrid",
      "list": false,
      "type": "Label",
      "locales": [
        {
          "locale": "en_US",
          "locators": {
            "xpath": "//div[@class='card-body summary-block text-muted']/div"
          }
        }
      ]
       }, 
       {
      "name": "columnName1forBillingGrid",
      "list": false,
      "type": "Label",
      "locales": [
        {
          "locale": "en_US",
          "locators": {
            "xpath": "//div[@class='card-body summary-block text-muted']/div[1]"
          }
        }
      ]
       }, 
       {
      "name": "columnName2forBillingGrid",
      "list": false,
      "type": "Generic",
      "locales": [
        {
          "locale": "en_US",
          "locators": {
            "xpath": "//div[@class='card-body summary-block text-muted']/div[2]"
          }
        }
      ]
       }, 
       {
      "name": "columnName3forBillingGrid",
      "list": false,
      "type": "Generic",
      "locales": [
        {
          "locale": "en_US",
          "locators": {
            "xpath": "//div[@class='card-body summary-block text-muted']/div[3]"
          }
        }
      ]
       }, 
       {
      "name": "columnName4forBillingGrid",
      "list": false,
      "type": "Generic",
      "locales": [
        {
          "locale": "en_US",
          "locators": {
            "xpath": "//div[@class='card-body summary-block text-muted']/div[4]"
          }
        }
      ]
       }, 
       {
      "name": "columnName5forBillingGrid",
      "list": false,
      "type": "Generic",
      "locales": [
        {
          "locale": "en_US",
          "locators": {
            "xpath": "//div[@class='card-body summary-block text-muted']/div[5]"
          }
        }
      ]
       }, 
        {
      "name": "contentChevronBillingConfPage",
      "list": false,
      "type": "Button",
      "locales": [
        {
          "locale": "en_US",
          "locators": {
            "xpath": "//div[@class='card card-margin capability-streamline-exists']/app-content/div/button/i[1]"
          }
        }
      ]
    },
      {
      "name": "verifyContentChevronExpandedBillingConfPage",
      "list": false,
      "type": "Label",
      "locales": [
        {
          "locale": "en_US",
          "locators": {
            "xpath": "//div[@class='card card-margin capability-streamline-exists']/app-content/div/button//i[@class='fa fa-chevron-right text-info fa-rotate-90']"
          }
        }
      ]
    },
    {
      "name": "verifyAcctPanelNotExpandedBillingConfPage",
      "list": false,
      "type": "Label",
      "locales": [
        {
          "locale": "en_US",
          "locators": {
            "xpath": "//div[@class='card card-margin capability-streamline-exists']/app-content/div/div/section/div/div/div/div/div/div/button//i[@class='fa fa-chevron-right text-info null']"
          }
        }
      ]
    },
    {
      "name": "acctChevronBillingConfPage",
      "list": false,
      "type": "Button",
      "locales": [
        {
          "locale": "en_US",
          "locators": {
            "xpath": "//div[@class='card card-margin capability-streamline-exists']/app-content/div/div/section/div/div/div/div/div/div/button//i"
          }
        }
      ]
    },
    {
      "name": "verifyAcctPanelExpandedBillingConfPage",
      "list": false,
      "type": "Label",
      "locales": [
        {
          "locale": "en_US",
          "locators": {
            "xpath": "//div[@class='card card-margin capability-streamline-exists']/app-content/div/div/section/div/div/div/div/div/div/button//i[@class='fa fa-chevron-right text-info fa-rotate-90']"
          }
        }
      ]
    },
    {
      "name": "verifyContentChevronCollapsedBillingConfPage",
      "list": false,
      "type": "Label",
      "locales": [
        {
          "locale": "en_US",
          "locators": {
            "xpath": "//div[@class='card card-margin capability-streamline-exists']/app-content/div/button//i[@class='fa fa-chevron-right text-info null']"
          }
        }
      ]
    },
    {
      "name": "deleteBillingCapability",
      "list": false,
      "type": "Button",
      "locales": [
        {
          "locale": "en_US",
          "locators": {
            "xpath": "//a[@title='Delete Capability']"
          }
        }
      ]
    },
    {
      "name": "verifyGoBackButtonFromDeletePopup",
      "list": false,
      "type": "Label",
      "locales": [
        {
          "locale": "en_US",
          "locators": {
            "xpath": "//button[text() = ' GO BACK ']"
          }
        }
      ]
    },
    {
      "name": "verifyDeleteButtonFromDeletePopup",
      "list": false,
      "type": "Label",
      "locales": [
        {
          "locale": "en_US",
          "locators": {
            "xpath": "//*[text()=' PROCEED TO DELETE ']"
          }
        }
      ]
    },
    {
      "name": "goBackButtonFromDeletePopup",
      "list": false,
      "type": "Button",
      "locales": [
        {
          "locale": "en_US",
          "locators": {
            "xpath": "//*[text()=' GO BACK ']"
          }
        }
      ]
    },
    {
      "name": "deleteButtonFromDeletePopup",
      "list": false,
      "type": "Button",
      "locales": [
        {
          "locale": "en_US",
          "locators": {
            "xpath": "//*[text()=' PROCEED TO DELETE ']"
          }
        }
      ]
    },
    {
      "name": "seeRedColorDeleteBillingTraker",
      "list": false,
      "type": "Label",
      "locales": [
        {
          "locale": "en_US",
          "locators": {
            "xpath": "//*[contains(@title,'HOUSEHOLD BILLING')]//parent::div"
          }
        }
      ]
    },
    {
      "name": "doneDeleting",
      "list": false,
      "type": "Button",
      "locales": [
        {
          "locale": "en_US",
          "locators": {
            "xpath": "//*[text()=' Done Deleting ']"
          }
        }
      ]
    },
    {
      "name": "deletionOfBillingConfirmationMsg",
      "list": false,
      "type": "Label",
      "locales": [
        {
          "locale": "en_US",
          "locators": {
            "xpath": "//span[contains(text(),'Deletion of')]"
          }
        }
      ]
    },
    {
      "name": "verifyHouseholdStreamlineBilling",
      "list": false,
      "type": "Label",
      "locales": [
        {
          "locale": "en_US",
          "locators": {
            "xpath": "//button[@class='btn btn-link btn-sm btn-capability' and text()=' Streamline Billing ']"
          }
        }
      ]
    }
    
    
    
    
    
    
     
   ]
    }