{
  "name": "ClientworksLogin",
  "defaultLocale": "en_US",
  "elements": [
    {
      "name": "groupsTab",
      "list": false,
      "type": "Label",
      "locales": [
        {
          "locale": "en_US",
          "locators": {
            "xpath": "//a[contains(text(),'Groups')]"
        
          }
        }
      ]
    },
    {
      "name": "householdSearchField",
      "list": false,
      "type": "TextField",
      "locales": [
        {
          "locale": "en_US",
          "locators": {
            "xpath": "//*[@id='grid-search']"
        
          }
        }
      ]
    },
     {
      "name": "householdSearchButton",
      "list": false,
      "type": "Button",
      "locales": [
        {
          "locale": "en_US",
          "locators": {
            "xpath": "//*[@id='text-search-button']/i"
        
          }
        }
      ]
    },
    
    {
      "name": "householdDashboardPage",
      "list": false,
      "type": "Form",
      "locales": [
        {
          "locale": "en_US",
          "locators": {
            "xpath": "//div[contains(text(),'Summary')]"
        
          }
        }
      ]
    },
      {
      "name": "editHouseholdButton",
      "list": false,
      "type": "Button",
      "locales": [
        {
          "locale": "en_US",
          "locators": {
            "xpath": "//a[@class='btn btn-col edit-btn']"
        
          }
        }
      ]
    },
    
      {
      "name": "repIDGroupsPage",
      "list": false,
      "type": "TextField",
      "locales": [
        {
          "locale": "en_US",
          "locators": {
            "xpath": "//tr[@class='tr-items ng-scope']/td[3]/div"
        
          }
        }
      ]
    },
    {
      "name": "householdContextMenu",
      "list": false,
      "type": "Button",
      "locales": [
        {
          "locale": "en_US",
          "locators": {
            "xpath": "//div[contains(@class, 'context-menu-cell')]/div/button/i[2]"
          }
        }
      ]  
    },
    {
      "name": "householdDeleteOption",
      "list": false,
      "type": "Button",
      "locales": [
        {
          "locale": "en_US",
          "locators": {
            "xpath": "//button[@class='btn btn-link ng-binding ng-scope ng-isolate-scope']"
          }
        }
      ]  
    },
    {
      "name": "deleteThisHouseholdButton",
      "list": false,
      "type": "Button",
      "locales": [
        {
          "locale": "en_US",
          "locators": {
            "xpath": "//button[contains(text(),'YES, DELETE THIS HOUSEHOLD')]"
          }
        }
      ]  
    },
    {
      "name": "returnToHouseholdButton",
      "list": false,
      "type": "Button",
      "locales": [
        {
          "locale": "en_US",
          "locators": {
            "xpath": "//button[text()=' Return to Client Management-Groups ']"
          }
        }
      ]  
    },
    {
      "name": "groupsTabPage",
      "list": false,
      "type": "Label",
      "locales": [
        {
          "locale": "en_US",
          "locators": {
            "xpath": "(//div[@class='ng-scope']//span[1]//span[1])[1]"
        
          }
        }
      ]
    }
    
     
    ]
    }