{
  "name": "CombinedStatementCapability",
  "defaultLocale": "en_US",
  "elements": [
    {
      "name": "combinedStatementOptionalText",
      "list": false,
      "type": "Label",
      "locales": [
        {
          "locale": "en_US",
          "locators": {
            "xpath": "//div[@class='card content-main']/div[2]/div[3]/div/div/div[2]/h2"
          }
        }
      ]
      
    },
    {
      "name": "combinedStatementLink",
      "list": false,
      "type": "Link",
      "locales": [
        {
          "locale": "en_US",
          "locators": {
            "xpath": "//*[@class='card-text']//*[contains(text(),'Combined Statement ')]"
          }
        }
      ]
      
    },
    {
      "name": "newHouseholdCSPageTitle",
      "list": false,
      "type": "Label",
      "locales": [
        {
          "locale": "en_US",
          "locators": {
            "xpath": "//h2[contains(text(), 'New Household Combined Statement Details')]"
          }
        }
      ]
      
    },
    {
      "name": "newCombinedStatementHeaderText",
      "list": false,
      "type": "Label",
      "locales": [
        {
          "locale": "en_US",
          "locators": {
            "xpath": "//div[@class='detail-combined-stmt-title']"
          }
        }
      ]
      
    },
    {
      "name": "combinedStatementName",
      "list": false,
      "type": "Label",
      "locales": [
        {
          "locale": "en_US",
          "locators": {
            "xpath": "//div[@class='capability-static']"
          }
        }
      ]
      
    },
    {
      "name": "combinedStatementStaticText",
      "list": false,
      "type": "Label",
      "locales": [
        {
          "locale": "en_US",
          "locators": {
            "xpath": "//p[@title = 'primary note']"
          }
        }
      ]
      
    },
    {
      "name": "totalNoOfClients",
      "list": false,
      "type": "Generic",
      "locales": [
        {
          "locale": "en_US",
          "locators": {
            "xpath": "///div[@class='card client-account-tile']"
          }
        }
      ]
      
    },
    {
      "name": "noOfAccountsContentsPanel",
      "list": false,
      "type": "Label",
      "locales": [
        {
          "locale": "en_US",
          "locators": {
            "xpath": "//button[@title='Click to Expand Client and Account Details']/span[4]"
          }
        }
      ]
      
    },
    {
      "name": "noOfClientsContentsPanel",
      "list": false,
      "type": "Label",
      "locales": [
        {
          "locale": "en_US",
          "locators": {
            "xpath": "//button[@title='Click to Expand Client and Account Details']/span[5]"
          }
        }
      ]
      
    },
    {
      "name": "accountValueContentsPanel",
      "list": false,
      "type": "Label",
      "locales": [
        {
          "locale": "en_US",
          "locators": {
            "xpath": "//button[@title='Click to Expand Client and Account Details']/span[2]"
          }
        }
      ]
      
    },
    {
      "name": "trackerCSInprogressStatus",
      "list": false,
      "type": "Label",
      "locales": [
        {
          "locale": "en_US",
          "locators": {
            "xpath": "//span[@title='In progress']"
          }
        }
      ]
      
    },
    {
      "name": "trackerWidgetTitle",
      "list": false,
      "type": "Label",
      "locales": [
        {
          "locale": "en_US",
          "locators": {
            "xpath": "//span[@class='text-overflow hh-name']"
          }
        }
      ]
      
    },
    {
      "name": "trackerChevronClickToClose",
      "list": false,
      "type": "Button",
      "locales": [
        {
          "locale": "en_US",
          "locators": {
            "xpath": "//i[@class='fa fa-chevron-down pull-right collapse show']"
          }
        }
      ]
      
    },
    {
      "name": "trackerChevronClickToExpand",
      "list": false,
      "type": "Button",
      "locales": [
        {
          "locale": "en_US",
          "locators": {
            "xpath": "//i[@class='fa fa-chevron-up pull-right collapse show']"
          }
        }
      ]
      
    },
    {
      "name": "trackerBSTitle",
      "list": false,
      "type": "Label",
      "locales": [
        {
          "locale": "en_US",
          "locators": {
            "xpath": "//p[text()=' Bank Sweep Capability ']"
          }
        }
      ]
      
    },
    {
      "name": "trackerCSTitle",
      "list": false,
      "type": "Label",
      "locales": [
        {
          "locale": "en_US",
          "locators": {
            "xpath": "//span[@title='Combined Statement Capability']"
          }
        }
      ]
      
    },
    {
      "name": "combinedStmtNameInTracker",
      "list": false,
      "type": "Label",
      "locales": [
        {
          "locale": "en_US",
          "locators": {
            "xpath": "//div[@class='current-capability capability']//h4/span"
          }
        }
      ]
      
    },
    {
      "name": "expandedContentsChevronCS",
      "list": false,
      "type": "Button",
      "locales": [
        {
          "locale": "en_US",
          "locators": {
            "xpath": "(//i[contains(@class,'fa fa-chevron-right text-info fa-rotate')])[1]"
          }
        }
      ]
      
    },
    {
      "name": "combinedStmtAddressField",
      "list": false,
      "type": "Label",
      "locales": [
        {
          "locale": "en_US",
          "locators": {
            "xpath": "//div[@class='row client-detail-bg']/div[1]/label"
          }
        }
      ]
      
    },
    {
      "name": "combinedStmtSSNTaxIdField",
      "list": false,
      "type": "Label",
      "locales": [
        {
          "locale": "en_US",
          "locators": {
            "xpath": "//div[@class='row client-detail-bg']/div[2]/div/label"
          }
        }
      ]
      
    },
    {
      "name": "combinedStmtPrimary",
      "list": false,
      "type": "RadioButton",
      "locales": [
        {
          "locale": "en_US",
          "locators": {
            "xpath": "//*[@class='table table-sm table-striped-odd']/tbody/tr[1]/td/input"
          }
        }
      ]
      
    },
    {
      "name": "combinedStmtDoneEditingButton",
      "list": false,
      "type": "Button",
      "locales": [
        {
          "locale": "en_US",
          "locators": {
            "xpath": "//button[@id='doneEditing']"
          }
        }
      ]
      
    },
    {
      "name": "combinedStmtLetterWidgetTitle",
      "list": false,
      "type": "Label",
      "locales": [
        {
          "locale": "en_US",
          "locators": {
            "xpath": "//div[@class='card content-sidebar-info']/p[1]"
          }
        }
      ]
      
    },
    {
      "name": "combinedStmtLetterWidgetContent",
      "list": false,
      "type": "Label",
      "locales": [
        {
          "locale": "en_US",
          "locators": {
            "xpath": "//div[@class='card content-sidebar-info']/p[2]"
          }
        }
      ]
      
    },
    {
      "name": "combinedStmtViewLetterLink",
      "list": false,
      "type": "Link",
      "locales": [
        {
          "locale": "en_US",
          "locators": {
            "xpath": "//*[text()= ' View Letter ']"
          }
        }
      ]
      
    },
    {
      "name": "reviewCombinedStmtPage",
      "list": false,
      "type": "Label",
      "locales": [
        {
          "locale": "en_US",
          "locators": {
            "xpath": "//*[text()=' Review Combined Statement Subgroup(s) Details ']"
          }
        }
      ]
      
    },
    {
      "name": "editCombinedStmtName",
      "list": false,
      "type": "Button",
      "locales": [
        {
          "locale": "en_US",
          "locators": {
            "xpath": "//*[@class='btn btn-sm']/i"
          }
        }
      ]
      
    },
    {
      "name": "enterCombinedStmtName",
      "list": false,
      "type": "TextField",
      "locales": [
        {
          "locale": "en_US",
          "locators": {
            "xpath": "//input[@aria-label='Combined Statement Name']"
          }
        }
      ]
      
    },
    {
      "name": "primaryAccountFieldReviewCSPage",
      "list": false,
      "type": "Label",
      "locales": [
        {
          "locale": "en_US",
          "locators": {
            "xpath": "//div[@class='primary-addr-accnts']/div[1]/div"
          }
        }
      ]
      
    },
    {
      "name": "mailingAddressFieldReviewCSPage",
      "list": false,
      "type": "Label",
      "locales": [
        {
          "locale": "en_US",
          "locators": {
            "xpath": "//div[@class='primary-addr-accnts']/div[2]/div"
          }
        }
      ]
      
    },
    {
      "name": "combinedStmtMailingAddressLine1",
      "list": false,
      "type": "Label",
      "locales": [
        {
          "locale": "en_US",
          "locators": {
            "xpath": "//div[@class='primary-addr-accnts']/div[2]/div[2]/div[2]"
          }
        }
      ]
      
    },
     {
      "name": "combinedStmtMailingAddressLine2",
      "list": false,
      "type": "Label",
      "locales": [
        {
          "locale": "en_US",
          "locators": {
            "xpath": "//div[@class='primary-addr-accnts']/div[2]/div[2]/div[3]"
          }
        }
      ]
      
    },
    {
      "name": "createCombinedStmtButton",
      "list": false,
      "type": "Button",
      "locales": [
        {
          "locale": "en_US",
          "locators": {
            "xpath": "//*[@class='btn btn-success btn-submit-changes']"
          }
        }
      ]
      
    },
    {
      "name": "combinedStmtCreatedMsg",
      "list": false,
      "type": "Label",
      "locales": [
        {
          "locale": "en_US",
          "locators": {
            "xpath": "//section[@class='alert-wrapper']/div"
          }
        }
      ]
      
    },
     {
      "name": "combinedStmtExpandContentsChevron",
      "list": false,
      "type": "Button",
      "locales": [
        {
          "locale": "en_US",
          "locators": {
            "xpath": "(//div[@title='HOUSEHOLD COMBINED STATEMENT']//button[@title='Click to Expand Client and Account Details']/i)[1]"
          }
        }
      ]
      
    },
    {
      "name": "combinedStmtExpandedContentsPanel",
      "list": false,
      "type": "Label",
      "locales": [
        {
          "locale": "en_US",
          "locators": {
            "xpath": "//div[@class='collapse show']"
          }
        }
      ]
      
    },
    {
      "name": "combinedStmtStreamlineContentsPanelField1",
      "list": false,
      "type": "Label",
      "locales": [
        {
          "locale": "en_US",
          "locators": {
            "xpath": "//div[@class='collapse show']//section[1]//section[1]/div/div[1]/label"
          }
        }
      ]
      
    },
    {
      "name": "combinedStmtStreamlineContentsPanelField2",
      "list": false,
      "type": "Label",
      "locales": [
        {
          "locale": "en_US",
          "locators": {
            "xpath": "//div[@class='collapse show']//section[1]//section[1]/div/div[2]/div/label"
          }
        }
      ]
      
    },
    {
      "name": "combinedStmtStreamlineContentsPanelField3",
      "list": false,
      "type": "Label",
      "locales": [
        {
          "locale": "en_US",
          "locators": {
            "xpath": "//div[@class='collapse show']//section[1]//section[1]/div/div[3]/div/label"
          }
        }
      ]
      
    },
    {
      "name": "combinedStmtExpandAccountsChevron",
      "list": false,
      "type": "Button",
      "locales": [
        {
          "locale": "en_US",
          "locators": {
            "xpath": "//div[@title='HOUSEHOLD COMBINED STATEMENT']//i[@class='fa fa-chevron-right text-info null']"
          }
        }
      ]
      
    },
    {
      "name": "combinedStmtStreamlineAddressField",
      "list": false,
      "type": "Label",
      "locales": [
        {
          "locale": "en_US",
          "locators": {
            "xpath": "//section[@class='container-fluid client-detail-tile-header collapse show']/div/div[1]/label"
          }
        }
      ]
      
    },
    {
      "name": "combinedStmtStreamlineSSNField",
      "list": false,
      "type": "Label",
      "locales": [
        {
          "locale": "en_US",
          "locators": {
            "xpath": "//section[@class='container-fluid client-detail-tile-header collapse show']/div/div[2]/div/label"
          }
        }
      ]
      
    },
     {
      "name": "combinedStmtCollapseAccountsChevron",
      "list": false,
      "type": "Button",
      "locales": [
        {
          "locale": "en_US",
          "locators": {
            "xpath": "(//button[@title='Click to Expand Client and Account Details']//i[@class='fa fa-chevron-right text-info fa-rotate-90'])[2]"
          }
        }
      ]
      
    },
    {
      "name": "combinedStmtCollapseContentsChevron",
      "list": false,
      "type": "Button",
      "locales": [
        {
          "locale": "en_US",
          "locators": {
            "xpath": "(//button[@title='Click to Expand Client and Account Details']//i[@class='fa fa-chevron-right text-info fa-rotate-90'])[1]"
          }
        }
      ]
      
    },
    {
      "name": "combinedStmtEditCombinedStatementStreamlinePage",
      "list": false,
      "type": "Button",
      "locales": [
        {
          "locale": "en_US",
          "locators": {
            "xpath": "//button[@title='Edit Combined Statement ']"
          }
        }
      ]
      
    }
    ]
    }