{
  "name": "editHouseholdGroup",
  "defaultLocale": "en_US",
  "elements": [
    {
      "name": "editHhGroupPencilIcon",
      "list": false,
      "type": "Button",
      "locales": [
        {
          "locale": "en_US",
          "locators": {
            "xpath": "//button[@title='Edit Household']"
        
          }
        }
      ]
    },
    {
      "name": "editHouseholdPage",
      "list": false,
      "type": "Label",
      "locales": [
        {
          "locale": "en_US",
          "locators": {
            "xpath": "//*[@class='navbar-fixed-top sub-header']//*[contains(text(),'Edit')]"
        
          }
        }
      ]
    },
    {
      "name": "selectPrimaryErrorMessage",
      "list": false,
      "type": "Label",
      "locales": [
        {
          "locale": "en_US",
          "locators": {
            "xpath": "//div[contains(text(),' Please select a primary client.')]"
        
          }
        }
      ]
    },
    {
      "name": "trackerForAddedClient",
      "list": false,
      "type": "Label",
      "locales": [
        {
          "locale": "en_US",
          "locators": {
            "xpath": "//div[@class='summary-changes']/div//section/div//span[contains(text(), ' Added ')]"
        
          }
        }
      ]
    },
    {
      "name": "expandedClientChevronInTracker",
      "list": false,
      "type": "Button",
      "locales": [
        {
          "locale": "en_US",
          "locators": {
            "xpath": "//i[@class='fa fa-chevron-down client-tile-chevron collapse show']"
        
          }
        }
      ]
    },
    {
      "name": "trackerForRemovedClient",
      "list": false,
      "type": "Label",
      "locales": [
        {
          "locale": "en_US",
          "locators": {
            "xpath": "//div[@class='summary-changes']/div//section/div//span[contains(text(), ' Removed ')]"
        
          }
        }
      ]
    },
    {
      "name": "householdReviewButton",
      "list": false,
      "type": "Button",
      "locales": [
        {
          "locale": "en_US",
          "locators": {
            "xpath": "//button[@class= 'btn btn-primary btn-review-done-edit']"
        
          }
        }
      ]
    },
    {
      "name": "contentsChevronReviewHHPage",
      "list": false,
      "type": "Button",
      "locales": [
        {
          "locale": "en_US",
          "locators": {
            "xpath": "//div[@class='content-panel cont-border']/button/i[1]"
        
          }
        }
      ]
    },
    {
      "name": "editHHSubmitChangesButton",
      "list": false,
      "type": "Button",
      "locales": [
        {
          "locale": "en_US",
          "locators": {
            "xpath": "//*[@title='Submit Changes']"
        
          }
        }
      ]
    },
     {
      "name": "householdUpdatedConfirmationPageMsg",
      "list": false,
      "type": "Label",
      "locales": [
        {
          "locale": "en_US",
          "locators": {
            "xpath": "//span[contains(text(), 'successfully updated!')]"
        
          }
        }
      ]
    }
    
    
    ]
    }