{
  "name": "HouseholdCreate",
  "defaultLocale": "en_US",
  "elements": [
    {
      "name": "createGroupButton",
      "list": false,
      "type": "Button",
      "locales": [
        {
          "locale": "en_US",
          "locators": {
            "xpath": "//*[text()='Create Group ']"
          }
        }
      ]  
    },
    {
      "name": "createGroupHouseholdButton",
      "list": false,
      "type": "Button",
      "locales": [
        {
          "locale": "en_US",
          "locators": {
            "xpath": "//li//*[text()='Household']"
          }
        }
      ]  
    },
    {
      "name": "newHouseholdPage",
      "list": false,
      "type": "Label",
      "locales": [
        {
          "locale": "en_US",
          "locators": {
            "xpath": "//*[text()='New Household']"
          }
        }
      ]  
    },
    {
      "name": "enterClientNameTextBox",
      "list": false,
      "type": "TextField",
      "locales": [
        {
          "locale": "en_US",
          "locators": {
            "xpath": "//*/input[@aria-label='Begin typing to search for group members']"
          }
        }
      ]  
    },
    {
      "name": "selectClientNameFromSmartSearchResult",
      "list": false,
      "type": "Link",
      "locales": [
        {
          "locale": "en_US",
          "locators": {
            "xpath": "//div[@class='household-card']/section/div[2]/div[2]/dx-list/div/div/div/div[2]/div[1]"
          }
        }
      ]  
    },
    {
      "name": "createHouseholdButton",
      "list": false,
      "type": "Button",
      "locales": [
        {
          "locale": "en_US",
          "locators": {
            "xpath": "//*[@id='idHhCreate']/div/button[contains(text(),'CREATE') and contains(text(),'HOUSEHOLD')]"
          }
        }
      ]  
    },
    {
      "name": "confPageHHCreatedMsg",
      "list": false,
      "type": "Label",
      "locales": [
        {
          "locale": "en_US",
          "locators": {
            "xpath": "//span[text()='New household successfully created']"
          }
        }
      ]  
    },
    {
      "name": "closeButton",
      "list": false,
      "type": "Label",
      "locales": [
        {
          "locale": "en_US",
          "locators": {
            "xpath": "//*[text()=' Close ']"
          }
        }
      ]  
    },
    {
      "name": "editGroupNameButton",
      "list": false,
      "type": "Button",
      "locales": [
        {
          "locale": "en_US",
          "locators": {
            "xpath": "//button//i[@title='Edit Group Name']"
          }
        }
      ]  
    },
    {
      "name": "updateGroupName",
      "list": false,
      "type": "TextField",
      "locales": [
        {
          "locale": "en_US",
          "locators": {
            "xpath": "//div//input[@aria-label='Household Name']"
          }
        }
      ]  
    },
    {
      "name": "householdNameExceedingLimitMsg",
      "list": false,
      "type": "Label",
      "locales": [
        {
          "locale": "en_US",
          "locators": {
            "xpath": "//*[text()='You have reached the max number of characters.']"
          }
        }
      ]  
    },
    {
      "name": "warningPopupModal",
      "list": false,
      "type": "Label",
      "locales": [
        {
          "locale": "en_US",
          "locators": {
            "xpath": "//modal-container//div[@class='modal-content']"
          }
        }
      ]  
    },
     {
      "name": "popUpProceedButton",
      "list": false,
      "type": "Button",
      "locales": [
        {
          "locale": "en_US",
          "locators": {
            "xpath": "//*[@title='PROCEED TO CLOSE']"
          }
        }
      ]  
    },
    {
      "name": "householdColumnName1",
      "list": false,
      "type": "Label",
      "locales": [
        {
          "locale": "en_US",
          "locators": {
            "xpath": "//div[@class='card-body summary-block']/div[1]"
          }
        }
      ]  
    },
    {
      "name": "householdColumnName2",
      "list": false,
      "type": "Label",
      "locales": [
        {
          "locale": "en_US",
          "locators": {
            "xpath": "//div[@class='card-body summary-block']/div[2]"
          }
        }
      ]  
    },
    {
      "name": "householdColumnName3",
      "list": false,
      "type": "Label",
      "locales": [
        {
          "locale": "en_US",
          "locators": {
            "xpath": "//div[@class='card-body summary-block']/div[3]"
          }
        }
      ]  
    },
    {
      "name": "householdColumnName4",
      "list": false,
      "type": "Label",
      "locales": [
        {
          "locale": "en_US",
          "locators": {
            "xpath": "//div[@class='card-body summary-block']/div[4]"
          }
        }
      ]  
    },
    {
      "name": "householdNameInConfPage",
      "list": false,
      "type": "Label",
      "locales": [
        {
          "locale": "en_US",
          "locators": {
            "xpath": "//h2[@class='card-title household-name']"
          }
        }
      ]  
    },
    {
      "name": "repIDInConfPage",
      "list": false,
      "type": "Label",
      "locales": [
        {
          "locale": "en_US",
          "locators": {
            "xpath": "//h3[@class='card-title household alignright']/span[1]"
          }
        }
      ]  
    },
    {
      "name": "statusActiveHHConfPage",
      "list": false,
      "type": "Label",
      "locales": [
        {
          "locale": "en_US",
          "locators": {
            "xpath": "//h3[@class='card-title household alignright']/span[3]"
          }
        }
      ]  
    },
    {
      "name": "closeXbutton",
      "list": false,
      "type": "Button",
      "locales": [
        {
          "locale": "en_US",
          "locators": {
            "xpath": "//div[@class='alert alert-dismissable alert-success']//button"
          }
        }
      ]  
    },
    {
      "name": "contentsChevronConfPage",
      "list": false,
      "type": "Link",
      "locales": [
        {
          "locale": "en_US",
          "locators": {
            "xpath": "//div[@class='card-header-bc']/div[2]//div[@class='content-panel cont-border']/button/i[1]"
          }
        }
      ]  
    },
    {
      "name": "streamlineTooltipHeader",
      "list": false,
      "type": "Label",
      "locales": [
        {
          "locale": "en_US",
          "locators": {
            "xpath": "//div//p[@class='header-title']"
          }
        }
      ]  
    },
    {
      "name": "streamlineTooltipText1",
      "list": false,
      "type": "Label",
      "locales": [
        {
          "locale": "en_US",
          "locators": {
            "xpath": "//div//p[@class='header-title']/../p[2]"
          }
        }
      ]  
    },
    {
      "name": "streamlineTooltipText2",
      "list": false,
      "type": "Label",
      "locales": [
        {
          "locale": "en_US",
          "locators": {
            "xpath": "//div//p[@class='header-title']/../p[3]"
          }
        }
      ]  
    },
    {
      "name": "combinedStatementLink",
      "list": false,
      "type": "Link",
      "locales": [
        {
          "locale": "en_US",
          "locators": {
            "xpath": "//*[@class='card-text']//*[contains(text(),'Combined Statement ')]"
          }
        }
      ]  
    },
    {
      "name": "streamlineBillingLink",
      "list": false,
      "type": "Link",
      "locales": [
        {
          "locale": "en_US",
          "locators": {
            "xpath": "//button[@class='btn btn-link btn-sm btn-capability' and text()=' Streamline Billing ']"
          }
        }
      ]  
    },
    {
      "name": "investmentManagementLink",
      "list": false,
      "type": "Link",
      "locales": [
        {
          "locale": "en_US",
          "locators": {
            "xpath": "//*[contains(text(), ' 1 INVESTMENT MANAGEMENT ')]"
          }
        }
      ]  
    },
    {
      "name": "backSweepSectionConfPage",
      "list": false,
      "type": "Label",
      "locales": [
        {
          "locale": "en_US",
          "locators": {
            "xpath": "//h2[@class='banksweep-capability-title']"
          }
        }
      ]  
    },
    {
      "name": "contentsChevronBankSweepLink",
      "list": false,
      "type": "Link",
      "locales": [
        {
          "locale": "en_US",
          "locators": {
            "xpath": "//div[@class='card-header-bc']/div[2]//div/button/i[1]"
          }
        }
      ]  
    },
    {
      "name": "popUpGoBackButton",
      "list": false,
      "type": "Button",
      "locales": [
        {
          "locale": "en_US",
          "locators": {
            "xpath": "//*[@title='GO BACK']"
          }
        }
      ]  
    }
    
    
    
    ]
    }