{
  "name": "householdDashbaordPage",
  "defaultLocale": "en_US",
  "elements": [
    {
      "name": "backToGroupsLink",
      "list": false,
      "type": "Button",
      "locales": [
        {
          "locale": "en_US",
          "locators": {
            "xpath": "(//a[@class='backLink'])[1]"
        
          }
        }
      ]
    },
    {
      "name": "bankSweepCapability",
      "list": false,
      "type": "Label",
      "locales": [
        {
          "locale": "en_US",
          "locators": {
            "xpath": "//div[@class='col capability-tile-padding']/section[2]//div[contains(text(),'BANK SWEEP')]"
        
          }
        }
      ]
    },
    {
      "name": "dashboardSummaryTab",
      "list": false,
      "type": "Button",
      "locales": [
        {
          "locale": "en_US",
          "locators": {
            "xpath": "//div[@class='dx-tabs-wrapper']/div[1]//div[contains(text(), 'Summary')]"
        
          }
        }
      ]
    },
    {
      "name": "dashboardInvestmentTab",
      "list": false,
      "type": "Button",
      "locales": [
        {
          "locale": "en_US",
          "locators": {
            "xpath": "//div[@class='dx-tabs-wrapper']/div[2]//div[contains(text(), 'Investments')]"
        
          }
        }
      ]
    },
    {
      "name": "dashboardOrdersTab",
      "list": false,
      "type": "Button",
      "locales": [
        {
          "locale": "en_US",
          "locators": {
            "xpath": "//div[@class='dx-tabs-wrapper']/div[3]//div[contains(text(), 'Orders')]"
        
          }
        }
      ]
    },
    {
      "name": "dashboardActivityTab",
      "list": false,
      "type": "Button",
      "locales": [
        {
          "locale": "en_US",
          "locators": {
            "xpath": "//div[@class='dx-tabs-wrapper']/div[4]//div[contains(text(), 'Activity')]"
        
          }
        }
      ]
    },
    {
      "name": "dashboardRequestsTab",
      "list": false,
      "type": "Button",
      "locales": [
        {
          "locale": "en_US",
          "locators": {
            "xpath": "//div[@class='dx-tabs-wrapper']/div[5]//div[contains(text(), 'Requests')]"
        
          }
        }
      ]
    },
    {
      "name": "dashboardDocumentsTab",
      "list": false,
      "type": "Button",
      "locales": [
        {
          "locale": "en_US",
          "locators": {
            "xpath": "//div[@class='dx-tabs-wrapper']/div[6]//div[contains(text(), 'Documents')]"
        
          }
        }
      ]
    },
    {
      "name": "dashbaordTabsPageloaded",
      "list": false,
      "type": "Label",
      "locales": [
        {
          "locale": "en_US",
          "locators": {
            "xpath": "//*[contains(text(), 'New Layout')]"
        
          }
        }
      ]
    },
    {
      "name": "balancesAndInvestmentsSection",
      "list": false,
      "type": "Label",
      "locales": [
        {
          "locale": "en_US",
          "locators": {
            "xpath": "//div[@class='card-body']//h2[text()=' Balances and Investments ']"
        
          }
        }
      ]
    },
    {
      "name": "securitiesValueField",
      "list": false,
      "type": "Label",
      "locales": [
        {
          "locale": "en_US",
          "locators": {
            "xpath": "//div[@class='card-body']/section[1]//dt[text()='Securities value']"
        
          }
        }
      ]
    },
    {
      "name": "fundsAvailableField",
      "list": false,
      "type": "Label",
      "locales": [
        {
          "locale": "en_US",
          "locators": {
            "xpath": "//div[@class='card-body']/section[1]//dt[text()='Funds Available']"
        
          }
        }
      ]
    },
    {
      "name": "totalAccountsValueField",
      "list": false,
      "type": "Label",
      "locales": [
        {
          "locale": "en_US",
          "locators": {
            "xpath": "//div[@class='card-body']/section[1]//dt[text()='TOTAL ACCOUNTS VALUE']"
        
          }
        }
      ]
    },
    {
      "name": "marginField",
      "list": false,
      "type": "Label",
      "locales": [
        {
          "locale": "en_US",
          "locators": {
            "xpath": "//div[@class='card-body']/section[1]//dt[text()=' Margin ']"
        
          }
        }
      ]
    },
    {
      "name": "trailingText",
      "list": false,
      "type": "Label",
      "locales": [
        {
          "locale": "en_US",
          "locators": {
            "xpath": "//div[@class='card-body']/section[1]//*[text()='1 YEAR TRAILING ACCOUNT VALUE OVER TIME']"
        
          }
        }
      ]
    },
    {
      "name": "graphSectionVOT",
      "list": false,
      "type": "Label",
      "locales": [
        {
          "locale": "en_US",
          "locators": {
            "xpath": "//*[@class='dxc-elements']"
        
          }
        }
      ]
    },
    {
      "name": "graphXaxisVOT",
      "list": false,
      "type": "Label",
      "locales": [
        {
          "locale": "en_US",
          "locators": {
            "xpath": "(//*[@class='dxc-axes-group']//*[@class='dxc-arg-elements'])[1]"
        
          }
        }
      ]
    },
    {
      "name": "graphYaxisVOT",
      "list": false,
      "type": "Label",
      "locales": [
        {
          "locale": "en_US",
          "locators": {
            "xpath": "(//*[@class='dxc-axes-group']//*[@class='dxc-val-elements'])[1]"
        
          }
        }
      ]
    },
    {
      "name": "householdNameSummary",
      "list": false,
      "type": "Label",
      "locales": [
        {
          "locale": "en_US",
          "locators": {
            "xpath": "//*[contains(text(),' Summary ') and @class='section-title group-summary-title text-overflow']"
        
          }
        }
      ]
    },
    {
      "name": "householdNameSummaryRepID",
      "list": false,
      "type": "Label",
      "locales": [
        {
          "locale": "en_US",
          "locators": {
            "xpath": "//*[@class='badge badge-default text-overflow']"
        
          }
        }
      ]
    },
    {
      "name": "balancesAndInvestmentShowFullDetailsLink",
      "list": false,
      "type": "Link",
      "locales": [
        {
          "locale": "en_US",
          "locators": {
            "xpath": "//button[@class='btn-col btn btn-link']//*[text()='Show Full Details']"
        
          }
        }
      ]
    },
    {
      "name": "balancesAndInvestmentSummaryColumn",
      "list": false,
      "type": "Label",
      "locales": [
        {
          "locale": "en_US",
          "locators": {
            "xpath": "//section[@class='row balances-full-details collapse show']/div[1]//h2"
        
          }
        }
      ]
    },
    {
      "name": "balancesAndInvestmentCashAccountsColumn",
      "list": false,
      "type": "Label",
      "locales": [
        {
          "locale": "en_US",
          "locators": {
            "xpath": "//section[@class='row balances-full-details collapse show']/div[2]//h2"
        
          }
        }
      ]
    },
    {
      "name": "balancesAndInvestmentSecuritiesColumn",
      "list": false,
      "type": "Label",
      "locales": [
        {
          "locale": "en_US",
          "locators": {
            "xpath": "//section[@class='row balances-full-details collapse show']/div[3]//h2"
        
          }
        }
      ]
    },
    {
      "name": "balancesAndInvestmentHideFullDetailsLink",
      "list": false,
      "type": "Link",
      "locales": [
        {
          "locale": "en_US",
          "locators": {
            "xpath": "//button[@class='btn-col btn btn-link']//*[text()='Hide Full Details']"
        
          }
        }
      ]
    },
    {
      "name": "securitiesValueIn$",
      "list": false,
      "type": "Label",
      "locales": [
        {
          "locale": "en_US",
          "locators": {
            "xpath": "//dt[contains(text(),'TOTAL ACCOUNTS VALUE')]//../dd[1]"
        
          }
        }
      ]
    },
     {
      "name": "jumpToDetailsLink",
      "list": false,
      "type": "Link",
      "locales": [
        {
          "locale": "en_US",
          "locators": {
            "xpath": "//button[@class='btn btn-link btn-sm jump-details']"
        
          }
        }
      ]
    },
    {
      "name": "householdCapabilitiesSection",
      "list": false,
      "type": "Link",
      "locales": [
        {
          "locale": "en_US",
          "locators": {
            "xpath": "//div[@class='col capability-tile-padding']/../../h2"
        
          }
        }
      ]
    },
    {
      "name": "scrollbarDashbaordClientsSection",
      "list": false,
      "type": "Link",
      "locales": [
        {
          "locale": "en_US",
          "locators": {
            "xpath": "//section[@class='client-tiles-wrapper scrollable']"
        
          }
        }
      ]
    },
    {
      "name": "NotesSection",
      "list": false,
      "type": "Label",
      "locales": [
        {
          "locale": "en_US",
          "locators": {
            "xpath": "//section[@class='client-tiles-wrapper scrollable']"
        
          }
        }
      ]
    },
    {
      "name": "addNoteLink",
      "list": false,
      "type": "Link",
      "locales": [
        {
          "locale": "en_US",
          "locators": {
            "xpath": "//a[contains(text(),'Add Note')]"
        
          }
        }
      ]
    },
    {
      "name": "addNoteWindow",
      "list": false,
      "type": "Link",
      "locales": [
        {
          "locale": "en_US",
          "locators": {
            "xpath": "//h4[contains(text(),'New Note')]"
        
          }
        }
      ]
    },
    {
      "name": "addNoteTitleField",
      "list": false,
      "type": "TextField",
      "locales": [
        {
          "locale": "en_US",
          "locators": {
            "xpath": "//input[@formcontrolname='noteTitle']"
        
          }
        }
      ]
    },
    {
      "name": "addNoteTextField",
      "list": false,
      "type": "TextField",
      "locales": [
        {
          "locale": "en_US",
          "locators": {
            "xpath": "//*[@formcontrolname='noteText']"
        
          }
        }
      ]
    },
    {
      "name": "selectNoteType",
      "list": false,
      "type": "Generic",
      "locales": [
        {
          "locale": "en_US",
          "locators": {
            "xpath": "//select[@formcontrolname='noteTypeId']"
        
          }
        }
      ]
    },
    {
      "name": "saveNoteButton",
      "list": false,
      "type": "Button",
      "locales": [
        {
          "locale": "en_US",
          "locators": {
            "xpath": "//button[contains(text(),'Save')]"
        
          }
        }
      ]
    },
    {
      "name": "newNoteAddedTile",
      "list": false,
      "type": "Label",
      "locales": [
        {
          "locale": "en_US",
          "locators": {
            "xpath": "//*[@id='gridContainer']"
        
          }
        }
      ]
    },
    {
      "name": "deleteNoteButton",
      "list": false,
      "type": "Button",
      "locales": [
        {
          "locale": "en_US",
          "locators": {
            "xpath": "(//*[text()='Delete'])[1]"
        
          }
        }
      ]
    },
    {
      "name": "deleteNotePopUp",
      "list": false,
      "type": "Label",
      "locales": [
        {
          "locale": "en_US",
          "locators": {
            "xpath": "//*[@class='dx-overlay-content dx-popup-normal dx-resizable dx-popup-inherit-height']"
        
          }
        }
      ]
    },
    {
      "name": "deleteNotePopUpNoButton",
      "list": false,
      "type": "Button",
      "locales": [
        {
          "locale": "en_US",
          "locators": {
            "xpath": "//*[contains(text(),'No') and @class='dx-button-text']"
        
          }
        }
      ]
    },
    {
      "name": "deleteNotePopUpYesButton",
      "list": false,
      "type": "Button",
      "locales": [
        {
          "locale": "en_US",
          "locators": {
            "xpath": "//*[contains(text(),'Yes') and @class='dx-button-text']"
        
          }
        }
      ]
    },
    {
      "name": "addDataNote",
      "list": false,
      "type": "Button",
      "locales": [
        {
          "locale": "en_US",
          "locators": {
            "xpath": "//div[contains(text(), 'Click Add Note above to create a note.')]"
        
          }
        }
      ]
    },
    {
      "name": "frequencyUpdateButton",
      "list": false,
      "type": "Button",
      "locales": [
        {
          "locale": "en_US",
          "locators": {
            "xpath": "//*[@class='dx-buttongroup-wrapper dx-widget dx-collection']/div/div/i"
        
          }
        }
      ]
    },
    {
      "name": "previousMarketCloseButton",
      "list": false,
      "type": "Button",
      "locales": [
        {
          "locale": "en_US",
          "locators": {
            "xpath": "(//div[@class='dx-item-content dx-list-item-content'])[1]"
        
          }
        }
      ]
    },
    {
      "name": "intradayUpdateBalancesButton",
      "list": false,
      "type": "Button",
      "locales": [
        {
          "locale": "en_US",
          "locators": {
            "xpath": "(//div[@class='dx-item-content dx-list-item-content'])[2]"
        
          }
        }
      ]
    },
    {
      "name": "selectNoteType1",
      "list": false,
      "type": "Generic",
      "locales": [
        {
          "locale": "en_US",
          "locators": {
            "xpath": "//select[@formcontrolname='noteTypeId']/option[2]"
        
          }
        }
      ]
    }
    ]
    }