{
  "about": {
    "projectName": "portfolio-accounting-fee-billing",
    "team": "QE",
    "releaseVersion": "1.0",
    "executionOS": "Windows 10 10.0",
    "environment": "QA",
    "userName": "sethupar"
  },
  "name": "run_1670599833540",
  "startDateTime": {
    "dateTime": {
      "date": {
        "year": 2022,
        "month": 12,
        "day": 9
      },
      "time": {
        "hour": 15,
        "minute": 30,
        "second": 34,
        "nano": 437000000
      }
    },
    "offset": {
      "totalSeconds": 0
    },
    "zone": {
      "totalSeconds": 0
    }
  },
  "endDateTime": {
    "dateTime": {
      "date": {
        "year": 2022,
        "month": 12,
        "day": 9
      },
      "time": {
        "hour": 15,
        "minute": 32,
        "second": 46,
        "nano": 601000000
      }
    },
    "offset": {
      "totalSeconds": 0
    },
    "zone": {
      "totalSeconds": 0
    }
  },
  "duration": "00h:02m:12s",
  "statusEnum": "PASSED",
  "status": "PASSED",
  "testSuites": [
    {
      "name": "Default suite",
      "startDateTime": {
        "dateTime": {
          "date": {
            "year": 2022,
            "month": 12,
            "day": 9
          },
          "time": {
            "hour": 15,
            "minute": 30,
            "second": 35,
            "nano": 869000000
          }
        },
        "offset": {
          "totalSeconds": 0
        },
        "zone": {
          "totalSeconds": 0
        }
      },
      "endDateTime": {
        "dateTime": {
          "date": {
            "year": 2022,
            "month": 12,
            "day": 9
          },
          "time": {
            "hour": 15,
            "minute": 32,
            "second": 46,
            "nano": 480000000
          }
        },
        "offset": {
          "totalSeconds": 0
        },
        "zone": {
          "totalSeconds": 0
        }
      },
      "duration": "00h:02m:10s",
      "statusEnum": "PASSED",
      "status": "PASSED",
      "tests": [
        {
          "name": "Default test",
          "startDateTime": {
            "dateTime": {
              "date": {
                "year": 2022,
                "month": 12,
                "day": 9
              },
              "time": {
                "hour": 15,
                "minute": 30,
                "second": 35,
                "nano": 884000000
              }
            },
            "offset": {
              "totalSeconds": 0
            },
            "zone": {
              "totalSeconds": 0
            }
          },
          "endDateTime": {
            "dateTime": {
              "date": {
                "year": 2022,
                "month": 12,
                "day": 9
              },
              "time": {
                "hour": 15,
                "minute": 32,
                "second": 46,
                "nano": 477000000
              }
            },
            "offset": {
              "totalSeconds": 0
            },
            "zone": {
              "totalSeconds": 0
            }
          },
          "duration": "00h:02m:10s",
          "statusEnum": "PASSED",
          "status": "PASSED",
          "testMethods": [
            {
              "id": "createAndEditFlatfeeBilling_1670599837197_1",
              "testMethodId": "createAndEditFlatfeeBilling_1670599837197_1",
              "name": "createAndEditFlatfeeBilling",
              "description": "",
              "configuration": false,
              "methodType": "TestMethod",
              "startDateTime": {
                "dateTime": {
                  "date": {
                    "year": 2022,
                    "month": 12,
                    "day": 9
                  },
                  "time": {
                    "hour": 15,
                    "minute": 30,
                    "second": 37,
                    "nano": 185000000
                  }
                },
                "offset": {
                  "totalSeconds": 0
                },
                "zone": {
                  "totalSeconds": 0
                }
              },
              "endDateTime": {
                "dateTime": {
                  "date": {
                    "year": 2022,
                    "month": 12,
                    "day": 9
                  },
                  "time": {
                    "hour": 15,
                    "minute": 32,
                    "second": 46,
                    "nano": 8000000
                  }
                },
                "offset": {
                  "totalSeconds": 0
                },
                "zone": {
                  "totalSeconds": 0
                }
              },
              "duration": "00h:02m:08s",
              "statusEnum": "PASSED",
              "status": "PASSED",
              "testClass": "com.lpl.qe.portfolioaccountingfeebilling.householdingCAG.web.GroupBillingCapability",
              "test": "Default test",
              "parameters": [
                {
                  "flatFeeValue": "1.503",
                  "decimalFlatValue": "0.01503",
                  "schedule": "GroupSAM",
                  "userName": "vaishali.zachrich",
                  "password": "P@ssw0rd",
                  "groupName": "25Auto HOUSEHOLD",
                  "groupID": "11290128"
                }
              ],
              "suite": "Default suite",
              "logOutput": [],
              "resourceMetaDataList": [],
              "userInterfaces": [
                {
                  "operatingSystem": "windows",
                  "systemArchitecture": "64 bit",
                  "deviceType": "",
                  "platformName": "",
                  "userAgent": "chrome",
                  "userAgentVersion": "",
                  "platformVersion": "",
                  "deviceName": "",
                  "appName": "",
                  "appPath": ""
                }
              ],
              "webservices": []
            }
          ]
        }
      ]
    }
  ],
  "testMethodList": [
    {
      "id": "createAndEditFlatfeeBilling_1670599837197_1",
      "testMethodId": "createAndEditFlatfeeBilling_1670599837197_1",
      "name": "createAndEditFlatfeeBilling",
      "description": "",
      "configuration": false,
      "methodType": "TestMethod",
      "startDateTime": {
        "dateTime": {
          "date": {
            "year": 2022,
            "month": 12,
            "day": 9
          },
          "time": {
            "hour": 15,
            "minute": 30,
            "second": 37,
            "nano": 185000000
          }
        },
        "offset": {
          "totalSeconds": 0
        },
        "zone": {
          "totalSeconds": 0
        }
      },
      "endDateTime": {
        "dateTime": {
          "date": {
            "year": 2022,
            "month": 12,
            "day": 9
          },
          "time": {
            "hour": 15,
            "minute": 32,
            "second": 46,
            "nano": 8000000
          }
        },
        "offset": {
          "totalSeconds": 0
        },
        "zone": {
          "totalSeconds": 0
        }
      },
      "duration": "00h:02m:08s",
      "statusEnum": "PASSED",
      "status": "PASSED",
      "testClass": "com.lpl.qe.portfolioaccountingfeebilling.householdingCAG.web.GroupBillingCapability",
      "test": "Default test",
      "parameters": [
        {
          "flatFeeValue": "1.503",
          "decimalFlatValue": "0.01503",
          "schedule": "GroupSAM",
          "userName": "vaishali.zachrich",
          "password": "P@ssw0rd",
          "groupName": "25Auto HOUSEHOLD",
          "groupID": "11290128"
        }
      ],
      "suite": "Default suite",
      "logOutput": [],
      "resourceMetaDataList": [],
      "userInterfaces": [
        {
          "operatingSystem": "windows",
          "systemArchitecture": "64 bit",
          "deviceType": "",
          "platformName": "",
          "userAgent": "chrome",
          "userAgentVersion": "",
          "platformVersion": "",
          "deviceName": "",
          "appName": "",
          "appPath": ""
        }
      ],
      "webservices": []
    }
  ],
  "violationsListMap": {}
}