{
  "about": {
    "projectName": "portfolio-accounting-fee-billing",
    "team": "QE",
    "releaseVersion": "1.0",
    "executionOS": "Windows 10 10.0",
    "environment": "QA",
    "userName": "sethupar"
  },
  "name": "run_1669278368486",
  "startDateTime": {
    "dateTime": {
      "date": {
        "year": 2022,
        "month": 11,
        "day": 24
      },
      "time": {
        "hour": 8,
        "minute": 26,
        "second": 10,
        "nano": 791000000
      }
    },
    "offset": {
      "totalSeconds": 0
    },
    "zone": {
      "totalSeconds": 0
    }
  },
  "endDateTime": {
    "dateTime": {
      "date": {
        "year": 2022,
        "month": 11,
        "day": 24
      },
      "time": {
        "hour": 8,
        "minute": 29,
        "second": 25,
        "nano": 164000000
      }
    },
    "offset": {
      "totalSeconds": 0
    },
    "zone": {
      "totalSeconds": 0
    }
  },
  "duration": "00h:03m:14s",
  "statusEnum": "FAILED",
  "status": "FAILED",
  "testSuites": [
    {
      "name": "Default suite",
      "startDateTime": {
        "dateTime": {
          "date": {
            "year": 2022,
            "month": 11,
            "day": 24
          },
          "time": {
            "hour": 8,
            "minute": 26,
            "second": 14,
            "nano": 520000000
          }
        },
        "offset": {
          "totalSeconds": 0
        },
        "zone": {
          "totalSeconds": 0
        }
      },
      "endDateTime": {
        "dateTime": {
          "date": {
            "year": 2022,
            "month": 11,
            "day": 24
          },
          "time": {
            "hour": 8,
            "minute": 29,
            "second": 25,
            "nano": 160000000
          }
        },
        "offset": {
          "totalSeconds": 0
        },
        "zone": {
          "totalSeconds": 0
        }
      },
      "duration": "00h:03m:10s",
      "statusEnum": "FAILED",
      "status": "FAILED",
      "tests": [
        {
          "name": "Default test",
          "startDateTime": {
            "dateTime": {
              "date": {
                "year": 2022,
                "month": 11,
                "day": 24
              },
              "time": {
                "hour": 8,
                "minute": 26,
                "second": 14,
                "nano": 554000000
              }
            },
            "offset": {
              "totalSeconds": 0
            },
            "zone": {
              "totalSeconds": 0
            }
          },
          "endDateTime": {
            "dateTime": {
              "date": {
                "year": 2022,
                "month": 11,
                "day": 24
              },
              "time": {
                "hour": 8,
                "minute": 29,
                "second": 25,
                "nano": 157000000
              }
            },
            "offset": {
              "totalSeconds": 0
            },
            "zone": {
              "totalSeconds": 0
            }
          },
          "duration": "00h:03m:10s",
          "statusEnum": "FAILED",
          "status": "FAILED",
          "testMethods": [
            {
              "id": "createAndEditFlatfeeBilling_1669278376332_1",
              "testMethodId": "createAndEditFlatfeeBilling_1669278376332_1",
              "name": "createAndEditFlatfeeBilling",
              "description": "",
              "configuration": false,
              "methodType": "TestMethod",
              "startDateTime": {
                "dateTime": {
                  "date": {
                    "year": 2022,
                    "month": 11,
                    "day": 24
                  },
                  "time": {
                    "hour": 8,
                    "minute": 26,
                    "second": 16,
                    "nano": 319000000
                  }
                },
                "offset": {
                  "totalSeconds": 0
                },
                "zone": {
                  "totalSeconds": 0
                }
              },
              "endDateTime": {
                "dateTime": {
                  "date": {
                    "year": 2022,
                    "month": 11,
                    "day": 24
                  },
                  "time": {
                    "hour": 8,
                    "minute": 29,
                    "second": 23,
                    "nano": 59000000
                  }
                },
                "offset": {
                  "totalSeconds": 0
                },
                "zone": {
                  "totalSeconds": 0
                }
              },
              "duration": "00h:03m:06s",
              "statusEnum": "FAILED",
              "status": "FAILED",
              "bug": {
                "message": "TimeoutException: Expected condition failed: Element never became clickable after \u0027120\u0027 seconds (tried for 120 second(s) with 500 milliseconds interval)\nBuild info: version: \u00273.141.59\u0027, revision: \u0027e82be7d358\u0027, time: \u00272018-11-14T08:17:03\u0027\nSystem info: host: \u0027P01NDVW-NCTX219\u0027, ip: \u002710.25.94.125\u0027, os.name: \u0027Windows 10\u0027, os.arch: \u0027amd64\u0027, os.version: \u002710.0\u0027, java.version: \u00271.8.0_201\u0027\nDriver info: org.openqa.selenium.chrome.ChromeDriver\nCapabilities {acceptInsecureCerts: false, acceptSslCerts: false, applicationCacheEnabled: false, browserConnectionEnabled: false, browserName: chrome, chrome: {chromedriverVersion: 2.40.565498 (ea082db3280dd6..., userDataDir: C:\\Users\\sethupar\\AppData\\L...}, cssSelectorsEnabled: true, databaseEnabled: false, handlesAlerts: true, hasTouchScreen: false, javascriptEnabled: true, locationContextEnabled: true, mobileEmulationEnabled: false, nativeEvents: true, networkConnectionEnabled: false, pageLoadStrategy: normal, platform: XP, platformName: XP, rotatable: false, setWindowRect: true, takesHeapSnapshot: true, takesScreenshot: true, unexpectedAlertBehaviour: , unhandledPromptBehavior: , version: 102.0.5005.115, webStorageEnabled: true}\nSession ID: b1d11c6ce9b396ccd415c9bbd7bd89ba",
                "stackTrace": "org.openqa.selenium.TimeoutException: Expected condition failed: Element never became clickable after \u0027120\u0027 seconds (tried for 120 second(s) with 500 milliseconds interval)\nBuild info: version: \u00273.141.59\u0027, revision: \u0027e82be7d358\u0027, time: \u00272018-11-14T08:17:03\u0027\nSystem info: host: \u0027P01NDVW-NCTX219\u0027, ip: \u002710.25.94.125\u0027, os.name: \u0027Windows 10\u0027, os.arch: \u0027amd64\u0027, os.version: \u002710.0\u0027, java.version: \u00271.8.0_201\u0027\nDriver info: org.openqa.selenium.chrome.ChromeDriver\nCapabilities {acceptInsecureCerts: false, acceptSslCerts: false, applicationCacheEnabled: false, browserConnectionEnabled: false, browserName: chrome, chrome: {chromedriverVersion: 2.40.565498 (ea082db3280dd6..., userDataDir: C:\\Users\\sethupar\\AppData\\L...}, cssSelectorsEnabled: true, databaseEnabled: false, handlesAlerts: true, hasTouchScreen: false, javascriptEnabled: true, locationContextEnabled: true, mobileEmulationEnabled: false, nativeEvents: true, networkConnectionEnabled: false, pageLoadStrategy: normal, platform: XP, platformName: XP, rotatable: false, setWindowRect: true, takesHeapSnapshot: true, takesScreenshot: true, unexpectedAlertBehaviour: , unhandledPromptBehavior: , version: 102.0.5005.115, webStorageEnabled: true}\nSession ID: b1d11c6ce9b396ccd415c9bbd7bd89ba\r\n\tat org.openqa.selenium.support.ui.WebDriverWait.timeoutException(WebDriverWait.java:95)\r\n\tat org.openqa.selenium.support.ui.FluentWait.until(FluentWait.java:272)\r\n\tat com.lpl.qe.blackbird.wait.BaseWaitActions.waitUntilClickable(BaseWaitActions.java:1084)\r\n\tat com.lpl.qe.portfolioaccountingfeebilling.householding.utlities.web.BillingCapabilityUtility.clickStreamlineBilling(BillingCapabilityUtility.java:13)\r\n\tat com.lpl.qe.portfolioaccountingfeebilling.householdingCAG.web.GroupBillingCapability.createAndEditFlatfeeBilling(GroupBillingCapability.java:49)\r\n\tat sun.reflect.NativeMethodAccessorImpl.invoke0(Native Method)\r\n\tat sun.reflect.NativeMethodAccessorImpl.invoke(Unknown Source)\r\n\tat sun.reflect.DelegatingMethodAccessorImpl.invoke(Unknown Source)\r\n\tat java.lang.reflect.Method.invoke(Unknown Source)\r\n\tat org.testng.internal.MethodInvocationHelper.invokeMethod(MethodInvocationHelper.java:133)\r\n\tat org.testng.internal.TestInvoker.invokeMethod(TestInvoker.java:598)\r\n\tat org.testng.internal.TestInvoker.invokeTestMethod(TestInvoker.java:173)\r\n\tat org.testng.internal.MethodRunner.runInSequence(MethodRunner.java:46)\r\n\tat org.testng.internal.TestInvoker$MethodInvocationAgent.invoke(TestInvoker.java:824)\r\n\tat org.testng.internal.TestInvoker.invokeTestMethods(TestInvoker.java:146)\r\n\tat org.testng.internal.TestMethodWorker.invokeTestMethods(TestMethodWorker.java:146)\r\n\tat org.testng.internal.TestMethodWorker.run(TestMethodWorker.java:128)\r\n\tat java.util.ArrayList.forEach(Unknown Source)\r\n\tat org.testng.TestRunner.privateRun(TestRunner.java:794)\r\n\tat org.testng.TestRunner.run(TestRunner.java:596)\r\n\tat org.testng.SuiteRunner.runTest(SuiteRunner.java:377)\r\n\tat org.testng.SuiteRunner.runSequentially(SuiteRunner.java:371)\r\n\tat org.testng.SuiteRunner.privateRun(SuiteRunner.java:332)\r\n\tat org.testng.SuiteRunner.run(SuiteRunner.java:276)\r\n\tat org.testng.SuiteRunnerWorker.runSuite(SuiteRunnerWorker.java:53)\r\n\tat org.testng.SuiteRunnerWorker.run(SuiteRunnerWorker.java:96)\r\n\tat org.testng.TestNG.runSuitesSequentially(TestNG.java:1212)\r\n\tat org.testng.TestNG.runSuitesLocally(TestNG.java:1134)\r\n\tat org.testng.TestNG.runSuites(TestNG.java:1063)\r\n\tat org.testng.TestNG.run(TestNG.java:1031)\r\n\tat org.testng.remote.AbstractRemoteTestNG.run(AbstractRemoteTestNG.java:115)\r\n\tat org.testng.remote.RemoteTestNG.initAndRun(RemoteTestNG.java:251)\r\n\tat org.testng.remote.RemoteTestNG.main(RemoteTestNG.java:77)\r\n"
              },
              "testClass": "com.lpl.qe.portfolioaccountingfeebilling.householdingCAG.web.GroupBillingCapability",
              "test": "Default test",
              "parameters": [
                {
                  "groupName": "Budd Household",
                  "groupID": "11194314",
                  "repID": "T2XA",
                  "userName": "vaishali.zachrich",
                  "password": "P@ssw0rd"
                }
              ],
              "suite": "Default suite",
              "logOutput": [],
              "resourceMetaDataList": [],
              "userInterfaces": [
                {
                  "operatingSystem": "windows",
                  "systemArchitecture": "64 bit",
                  "deviceType": "",
                  "platformName": "",
                  "userAgent": "chrome",
                  "userAgentVersion": "",
                  "platformVersion": "",
                  "deviceName": "",
                  "appName": "",
                  "appPath": ""
                }
              ],
              "webservices": []
            }
          ]
        }
      ]
    }
  ],
  "testMethodList": [
    {
      "id": "createAndEditFlatfeeBilling_1669278376332_1",
      "testMethodId": "createAndEditFlatfeeBilling_1669278376332_1",
      "name": "createAndEditFlatfeeBilling",
      "description": "",
      "configuration": false,
      "methodType": "TestMethod",
      "startDateTime": {
        "dateTime": {
          "date": {
            "year": 2022,
            "month": 11,
            "day": 24
          },
          "time": {
            "hour": 8,
            "minute": 26,
            "second": 16,
            "nano": 319000000
          }
        },
        "offset": {
          "totalSeconds": 0
        },
        "zone": {
          "totalSeconds": 0
        }
      },
      "endDateTime": {
        "dateTime": {
          "date": {
            "year": 2022,
            "month": 11,
            "day": 24
          },
          "time": {
            "hour": 8,
            "minute": 29,
            "second": 23,
            "nano": 59000000
          }
        },
        "offset": {
          "totalSeconds": 0
        },
        "zone": {
          "totalSeconds": 0
        }
      },
      "duration": "00h:03m:06s",
      "statusEnum": "FAILED",
      "status": "FAILED",
      "bug": {
        "message": "TimeoutException: Expected condition failed: Element never became clickable after \u0027120\u0027 seconds (tried for 120 second(s) with 500 milliseconds interval)\nBuild info: version: \u00273.141.59\u0027, revision: \u0027e82be7d358\u0027, time: \u00272018-11-14T08:17:03\u0027\nSystem info: host: \u0027P01NDVW-NCTX219\u0027, ip: \u002710.25.94.125\u0027, os.name: \u0027Windows 10\u0027, os.arch: \u0027amd64\u0027, os.version: \u002710.0\u0027, java.version: \u00271.8.0_201\u0027\nDriver info: org.openqa.selenium.chrome.ChromeDriver\nCapabilities {acceptInsecureCerts: false, acceptSslCerts: false, applicationCacheEnabled: false, browserConnectionEnabled: false, browserName: chrome, chrome: {chromedriverVersion: 2.40.565498 (ea082db3280dd6..., userDataDir: C:\\Users\\sethupar\\AppData\\L...}, cssSelectorsEnabled: true, databaseEnabled: false, handlesAlerts: true, hasTouchScreen: false, javascriptEnabled: true, locationContextEnabled: true, mobileEmulationEnabled: false, nativeEvents: true, networkConnectionEnabled: false, pageLoadStrategy: normal, platform: XP, platformName: XP, rotatable: false, setWindowRect: true, takesHeapSnapshot: true, takesScreenshot: true, unexpectedAlertBehaviour: , unhandledPromptBehavior: , version: 102.0.5005.115, webStorageEnabled: true}\nSession ID: b1d11c6ce9b396ccd415c9bbd7bd89ba",
        "stackTrace": "org.openqa.selenium.TimeoutException: Expected condition failed: Element never became clickable after \u0027120\u0027 seconds (tried for 120 second(s) with 500 milliseconds interval)\nBuild info: version: \u00273.141.59\u0027, revision: \u0027e82be7d358\u0027, time: \u00272018-11-14T08:17:03\u0027\nSystem info: host: \u0027P01NDVW-NCTX219\u0027, ip: \u002710.25.94.125\u0027, os.name: \u0027Windows 10\u0027, os.arch: \u0027amd64\u0027, os.version: \u002710.0\u0027, java.version: \u00271.8.0_201\u0027\nDriver info: org.openqa.selenium.chrome.ChromeDriver\nCapabilities {acceptInsecureCerts: false, acceptSslCerts: false, applicationCacheEnabled: false, browserConnectionEnabled: false, browserName: chrome, chrome: {chromedriverVersion: 2.40.565498 (ea082db3280dd6..., userDataDir: C:\\Users\\sethupar\\AppData\\L...}, cssSelectorsEnabled: true, databaseEnabled: false, handlesAlerts: true, hasTouchScreen: false, javascriptEnabled: true, locationContextEnabled: true, mobileEmulationEnabled: false, nativeEvents: true, networkConnectionEnabled: false, pageLoadStrategy: normal, platform: XP, platformName: XP, rotatable: false, setWindowRect: true, takesHeapSnapshot: true, takesScreenshot: true, unexpectedAlertBehaviour: , unhandledPromptBehavior: , version: 102.0.5005.115, webStorageEnabled: true}\nSession ID: b1d11c6ce9b396ccd415c9bbd7bd89ba\r\n\tat org.openqa.selenium.support.ui.WebDriverWait.timeoutException(WebDriverWait.java:95)\r\n\tat org.openqa.selenium.support.ui.FluentWait.until(FluentWait.java:272)\r\n\tat com.lpl.qe.blackbird.wait.BaseWaitActions.waitUntilClickable(BaseWaitActions.java:1084)\r\n\tat com.lpl.qe.portfolioaccountingfeebilling.householding.utlities.web.BillingCapabilityUtility.clickStreamlineBilling(BillingCapabilityUtility.java:13)\r\n\tat com.lpl.qe.portfolioaccountingfeebilling.householdingCAG.web.GroupBillingCapability.createAndEditFlatfeeBilling(GroupBillingCapability.java:49)\r\n\tat sun.reflect.NativeMethodAccessorImpl.invoke0(Native Method)\r\n\tat sun.reflect.NativeMethodAccessorImpl.invoke(Unknown Source)\r\n\tat sun.reflect.DelegatingMethodAccessorImpl.invoke(Unknown Source)\r\n\tat java.lang.reflect.Method.invoke(Unknown Source)\r\n\tat org.testng.internal.MethodInvocationHelper.invokeMethod(MethodInvocationHelper.java:133)\r\n\tat org.testng.internal.TestInvoker.invokeMethod(TestInvoker.java:598)\r\n\tat org.testng.internal.TestInvoker.invokeTestMethod(TestInvoker.java:173)\r\n\tat org.testng.internal.MethodRunner.runInSequence(MethodRunner.java:46)\r\n\tat org.testng.internal.TestInvoker$MethodInvocationAgent.invoke(TestInvoker.java:824)\r\n\tat org.testng.internal.TestInvoker.invokeTestMethods(TestInvoker.java:146)\r\n\tat org.testng.internal.TestMethodWorker.invokeTestMethods(TestMethodWorker.java:146)\r\n\tat org.testng.internal.TestMethodWorker.run(TestMethodWorker.java:128)\r\n\tat java.util.ArrayList.forEach(Unknown Source)\r\n\tat org.testng.TestRunner.privateRun(TestRunner.java:794)\r\n\tat org.testng.TestRunner.run(TestRunner.java:596)\r\n\tat org.testng.SuiteRunner.runTest(SuiteRunner.java:377)\r\n\tat org.testng.SuiteRunner.runSequentially(SuiteRunner.java:371)\r\n\tat org.testng.SuiteRunner.privateRun(SuiteRunner.java:332)\r\n\tat org.testng.SuiteRunner.run(SuiteRunner.java:276)\r\n\tat org.testng.SuiteRunnerWorker.runSuite(SuiteRunnerWorker.java:53)\r\n\tat org.testng.SuiteRunnerWorker.run(SuiteRunnerWorker.java:96)\r\n\tat org.testng.TestNG.runSuitesSequentially(TestNG.java:1212)\r\n\tat org.testng.TestNG.runSuitesLocally(TestNG.java:1134)\r\n\tat org.testng.TestNG.runSuites(TestNG.java:1063)\r\n\tat org.testng.TestNG.run(TestNG.java:1031)\r\n\tat org.testng.remote.AbstractRemoteTestNG.run(AbstractRemoteTestNG.java:115)\r\n\tat org.testng.remote.RemoteTestNG.initAndRun(RemoteTestNG.java:251)\r\n\tat org.testng.remote.RemoteTestNG.main(RemoteTestNG.java:77)\r\n"
      },
      "testClass": "com.lpl.qe.portfolioaccountingfeebilling.householdingCAG.web.GroupBillingCapability",
      "test": "Default test",
      "parameters": [
        {
          "groupName": "Budd Household",
          "groupID": "11194314",
          "repID": "T2XA",
          "userName": "vaishali.zachrich",
          "password": "P@ssw0rd"
        }
      ],
      "suite": "Default suite",
      "logOutput": [],
      "resourceMetaDataList": [],
      "userInterfaces": [
        {
          "operatingSystem": "windows",
          "systemArchitecture": "64 bit",
          "deviceType": "",
          "platformName": "",
          "userAgent": "chrome",
          "userAgentVersion": "",
          "platformVersion": "",
          "deviceName": "",
          "appName": "",
          "appPath": ""
        }
      ],
      "webservices": []
    }
  ],
  "bugListMap": {
    "TimeoutException: Expected condition failed: Element never became clickable after \u0027120\u0027 seconds (tried for 120 second(s) with 500 milliseconds interval)\nBuild info: version: \u00273.141.59\u0027, revision: \u0027e82be7d358\u0027, time: \u00272018-11-14T08:17:03\u0027\nSystem info: host: \u0027P01NDVW-NCTX219\u0027, ip: \u002710.25.94.125\u0027, os.name: \u0027Windows 10\u0027, os.arch: \u0027amd64\u0027, os.version: \u002710.0\u0027, java.version: \u00271.8.0_201\u0027\nDriver info: org.openqa.selenium.chrome.ChromeDriver\nCapabilities {acceptInsecureCerts: false, acceptSslCerts: false, applicationCacheEnabled: false, browserConnectionEnabled: false, browserName: chrome, chrome: {chromedriverVersion: 2.40.565498 (ea082db3280dd6..., userDataDir: C:\\Users\\sethupar\\AppData\\L...}, cssSelectorsEnabled: true, databaseEnabled: false, handlesAlerts: true, hasTouchScreen: false, javascriptEnabled: true, locationContextEnabled: true, mobileEmulationEnabled: false, nativeEvents: true, networkConnectionEnabled: false, pageLoadStrategy: normal, platform: XP, platformName: XP, rotatable: false, setWindowRect: true, takesHeapSnapshot: true, takesScreenshot: true, unexpectedAlertBehaviour: , unhandledPromptBehavior: , version: 102.0.5005.115, webStorageEnabled: true}\nSession ID: b1d11c6ce9b396ccd415c9bbd7bd89ba": [
      {
        "id": "createAndEditFlatfeeBilling_1669278376332_1",
        "testMethodId": "createAndEditFlatfeeBilling_1669278376332_1",
        "name": "createAndEditFlatfeeBilling",
        "description": "",
        "configuration": false,
        "methodType": "TestMethod",
        "startDateTime": {
          "dateTime": {
            "date": {
              "year": 2022,
              "month": 11,
              "day": 24
            },
            "time": {
              "hour": 8,
              "minute": 26,
              "second": 16,
              "nano": 319000000
            }
          },
          "offset": {
            "totalSeconds": 0
          },
          "zone": {
            "totalSeconds": 0
          }
        },
        "endDateTime": {
          "dateTime": {
            "date": {
              "year": 2022,
              "month": 11,
              "day": 24
            },
            "time": {
              "hour": 8,
              "minute": 29,
              "second": 23,
              "nano": 59000000
            }
          },
          "offset": {
            "totalSeconds": 0
          },
          "zone": {
            "totalSeconds": 0
          }
        },
        "duration": "00h:03m:06s",
        "statusEnum": "FAILED",
        "status": "FAILED",
        "bug": {
          "message": "TimeoutException: Expected condition failed: Element never became clickable after \u0027120\u0027 seconds (tried for 120 second(s) with 500 milliseconds interval)\nBuild info: version: \u00273.141.59\u0027, revision: \u0027e82be7d358\u0027, time: \u00272018-11-14T08:17:03\u0027\nSystem info: host: \u0027P01NDVW-NCTX219\u0027, ip: \u002710.25.94.125\u0027, os.name: \u0027Windows 10\u0027, os.arch: \u0027amd64\u0027, os.version: \u002710.0\u0027, java.version: \u00271.8.0_201\u0027\nDriver info: org.openqa.selenium.chrome.ChromeDriver\nCapabilities {acceptInsecureCerts: false, acceptSslCerts: false, applicationCacheEnabled: false, browserConnectionEnabled: false, browserName: chrome, chrome: {chromedriverVersion: 2.40.565498 (ea082db3280dd6..., userDataDir: C:\\Users\\sethupar\\AppData\\L...}, cssSelectorsEnabled: true, databaseEnabled: false, handlesAlerts: true, hasTouchScreen: false, javascriptEnabled: true, locationContextEnabled: true, mobileEmulationEnabled: false, nativeEvents: true, networkConnectionEnabled: false, pageLoadStrategy: normal, platform: XP, platformName: XP, rotatable: false, setWindowRect: true, takesHeapSnapshot: true, takesScreenshot: true, unexpectedAlertBehaviour: , unhandledPromptBehavior: , version: 102.0.5005.115, webStorageEnabled: true}\nSession ID: b1d11c6ce9b396ccd415c9bbd7bd89ba",
          "stackTrace": "org.openqa.selenium.TimeoutException: Expected condition failed: Element never became clickable after \u0027120\u0027 seconds (tried for 120 second(s) with 500 milliseconds interval)\nBuild info: version: \u00273.141.59\u0027, revision: \u0027e82be7d358\u0027, time: \u00272018-11-14T08:17:03\u0027\nSystem info: host: \u0027P01NDVW-NCTX219\u0027, ip: \u002710.25.94.125\u0027, os.name: \u0027Windows 10\u0027, os.arch: \u0027amd64\u0027, os.version: \u002710.0\u0027, java.version: \u00271.8.0_201\u0027\nDriver info: org.openqa.selenium.chrome.ChromeDriver\nCapabilities {acceptInsecureCerts: false, acceptSslCerts: false, applicationCacheEnabled: false, browserConnectionEnabled: false, browserName: chrome, chrome: {chromedriverVersion: 2.40.565498 (ea082db3280dd6..., userDataDir: C:\\Users\\sethupar\\AppData\\L...}, cssSelectorsEnabled: true, databaseEnabled: false, handlesAlerts: true, hasTouchScreen: false, javascriptEnabled: true, locationContextEnabled: true, mobileEmulationEnabled: false, nativeEvents: true, networkConnectionEnabled: false, pageLoadStrategy: normal, platform: XP, platformName: XP, rotatable: false, setWindowRect: true, takesHeapSnapshot: true, takesScreenshot: true, unexpectedAlertBehaviour: , unhandledPromptBehavior: , version: 102.0.5005.115, webStorageEnabled: true}\nSession ID: b1d11c6ce9b396ccd415c9bbd7bd89ba\r\n\tat org.openqa.selenium.support.ui.WebDriverWait.timeoutException(WebDriverWait.java:95)\r\n\tat org.openqa.selenium.support.ui.FluentWait.until(FluentWait.java:272)\r\n\tat com.lpl.qe.blackbird.wait.BaseWaitActions.waitUntilClickable(BaseWaitActions.java:1084)\r\n\tat com.lpl.qe.portfolioaccountingfeebilling.householding.utlities.web.BillingCapabilityUtility.clickStreamlineBilling(BillingCapabilityUtility.java:13)\r\n\tat com.lpl.qe.portfolioaccountingfeebilling.householdingCAG.web.GroupBillingCapability.createAndEditFlatfeeBilling(GroupBillingCapability.java:49)\r\n\tat sun.reflect.NativeMethodAccessorImpl.invoke0(Native Method)\r\n\tat sun.reflect.NativeMethodAccessorImpl.invoke(Unknown Source)\r\n\tat sun.reflect.DelegatingMethodAccessorImpl.invoke(Unknown Source)\r\n\tat java.lang.reflect.Method.invoke(Unknown Source)\r\n\tat org.testng.internal.MethodInvocationHelper.invokeMethod(MethodInvocationHelper.java:133)\r\n\tat org.testng.internal.TestInvoker.invokeMethod(TestInvoker.java:598)\r\n\tat org.testng.internal.TestInvoker.invokeTestMethod(TestInvoker.java:173)\r\n\tat org.testng.internal.MethodRunner.runInSequence(MethodRunner.java:46)\r\n\tat org.testng.internal.TestInvoker$MethodInvocationAgent.invoke(TestInvoker.java:824)\r\n\tat org.testng.internal.TestInvoker.invokeTestMethods(TestInvoker.java:146)\r\n\tat org.testng.internal.TestMethodWorker.invokeTestMethods(TestMethodWorker.java:146)\r\n\tat org.testng.internal.TestMethodWorker.run(TestMethodWorker.java:128)\r\n\tat java.util.ArrayList.forEach(Unknown Source)\r\n\tat org.testng.TestRunner.privateRun(TestRunner.java:794)\r\n\tat org.testng.TestRunner.run(TestRunner.java:596)\r\n\tat org.testng.SuiteRunner.runTest(SuiteRunner.java:377)\r\n\tat org.testng.SuiteRunner.runSequentially(SuiteRunner.java:371)\r\n\tat org.testng.SuiteRunner.privateRun(SuiteRunner.java:332)\r\n\tat org.testng.SuiteRunner.run(SuiteRunner.java:276)\r\n\tat org.testng.SuiteRunnerWorker.runSuite(SuiteRunnerWorker.java:53)\r\n\tat org.testng.SuiteRunnerWorker.run(SuiteRunnerWorker.java:96)\r\n\tat org.testng.TestNG.runSuitesSequentially(TestNG.java:1212)\r\n\tat org.testng.TestNG.runSuitesLocally(TestNG.java:1134)\r\n\tat org.testng.TestNG.runSuites(TestNG.java:1063)\r\n\tat org.testng.TestNG.run(TestNG.java:1031)\r\n\tat org.testng.remote.AbstractRemoteTestNG.run(AbstractRemoteTestNG.java:115)\r\n\tat org.testng.remote.RemoteTestNG.initAndRun(RemoteTestNG.java:251)\r\n\tat org.testng.remote.RemoteTestNG.main(RemoteTestNG.java:77)\r\n"
        },
        "testClass": "com.lpl.qe.portfolioaccountingfeebilling.householdingCAG.web.GroupBillingCapability",
        "test": "Default test",
        "parameters": [
          {
            "groupName": "Budd Household",
            "groupID": "11194314",
            "repID": "T2XA",
            "userName": "vaishali.zachrich",
            "password": "P@ssw0rd"
          }
        ],
        "suite": "Default suite",
        "logOutput": [],
        "resourceMetaDataList": [],
        "userInterfaces": [
          {
            "operatingSystem": "windows",
            "systemArchitecture": "64 bit",
            "deviceType": "",
            "platformName": "",
            "userAgent": "chrome",
            "userAgentVersion": "",
            "platformVersion": "",
            "deviceName": "",
            "appName": "",
            "appPath": ""
          }
        ],
        "webservices": []
      }
    ]
  },
  "violationsListMap": {}
}