{
  "about": {
    "projectName": "portfolio-accounting-fee-billing",
    "team": "QE",
    "releaseVersion": "1.0",
    "executionOS": "Windows 10 10.0",
    "environment": "QA",
    "userName": "stalluri"
  },
  "name": "run_1675294628717",
  "startDateTime": {
    "dateTime": {
      "date": {
        "year": 2023,
        "month": 2,
        "day": 1
      },
      "time": {
        "hour": 23,
        "minute": 37,
        "second": 9,
        "nano": 257514800
      }
    },
    "offset": {
      "totalSeconds": 0
    },
    "zone": {
      "totalSeconds": 0
    }
  },
  "endDateTime": {
    "dateTime": {
      "date": {
        "year": 2023,
        "month": 2,
        "day": 1
      },
      "time": {
        "hour": 23,
        "minute": 38,
        "second": 32,
        "nano": 425877600
      }
    },
    "offset": {
      "totalSeconds": 0
    },
    "zone": {
      "totalSeconds": 0
    }
  },
  "duration": "00h:01m:23s",
  "statusEnum": "FAILED",
  "status": "FAILED",
  "testSuites": [
    {
      "name": "Default Suite",
      "startDateTime": {
        "dateTime": {
          "date": {
            "year": 2023,
            "month": 2,
            "day": 1
          },
          "time": {
            "hour": 23,
            "minute": 37,
            "second": 9,
            "nano": 651601400
          }
        },
        "offset": {
          "totalSeconds": 0
        },
        "zone": {
          "totalSeconds": 0
        }
      },
      "endDateTime": {
        "dateTime": {
          "date": {
            "year": 2023,
            "month": 2,
            "day": 1
          },
          "time": {
            "hour": 23,
            "minute": 38,
            "second": 32,
            "nano": 422802300
          }
        },
        "offset": {
          "totalSeconds": 0
        },
        "zone": {
          "totalSeconds": 0
        }
      },
      "duration": "00h:01m:22s",
      "statusEnum": "FAILED",
      "status": "FAILED",
      "tests": [
        {
          "name": "portfolio-accounting-fee-billing",
          "startDateTime": {
            "dateTime": {
              "date": {
                "year": 2023,
                "month": 2,
                "day": 1
              },
              "time": {
                "hour": 23,
                "minute": 37,
                "second": 9,
                "nano": 654591100
              }
            },
            "offset": {
              "totalSeconds": 0
            },
            "zone": {
              "totalSeconds": 0
            }
          },
          "endDateTime": {
            "dateTime": {
              "date": {
                "year": 2023,
                "month": 2,
                "day": 1
              },
              "time": {
                "hour": 23,
                "minute": 38,
                "second": 32,
                "nano": 419527900
              }
            },
            "offset": {
              "totalSeconds": 0
            },
            "zone": {
              "totalSeconds": 0
            }
          },
          "duration": "00h:01m:22s",
          "statusEnum": "FAILED",
          "status": "FAILED",
          "testMethods": [
            {
              "id": "createHousehold_1675294630140_1",
              "testMethodId": "createHousehold_1675294630140_1",
              "name": "createHousehold",
              "description": "",
              "configuration": false,
              "methodType": "TestMethod",
              "startDateTime": {
                "dateTime": {
                  "date": {
                    "year": 2023,
                    "month": 2,
                    "day": 1
                  },
                  "time": {
                    "hour": 23,
                    "minute": 37,
                    "second": 10,
                    "nano": 136000000
                  }
                },
                "offset": {
                  "totalSeconds": 0
                },
                "zone": {
                  "totalSeconds": 0
                }
              },
              "endDateTime": {
                "dateTime": {
                  "date": {
                    "year": 2023,
                    "month": 2,
                    "day": 1
                  },
                  "time": {
                    "hour": 23,
                    "minute": 38,
                    "second": 31,
                    "nano": 41000000
                  }
                },
                "offset": {
                  "totalSeconds": 0
                },
                "zone": {
                  "totalSeconds": 0
                }
              },
              "duration": "00h:01m:20s",
              "statusEnum": "FAILED",
              "status": "FAILED",
              "bug": {
                "message": "ElementClickInterceptedException: element click intercepted: Element \u003cbutton _ngcontent-fxt-c96\u003d\"\" title\u003d\"Create household\" class\u003d\"btn btn-primary float-right btn-household-create\" disabled\u003d\"\"\u003e...\u003c/button\u003e is not clickable at point (801, 588). Other element would receive the click: \u003cdiv class\u003d\"dx-overlay-content dx-toast-custom dx-toast-content dx-resizable\" role\u003d\"alert\" style\u003d\"width: 675px; height: auto; z-index: 9501; margin: 0px; left: 0px; top: 0px; transform: translate(605px, 463px); transition: none 0s ease 0s; visibility: visible; opacity: 1;\"\u003e...\u003c/div\u003e\n  (Session info: chrome\u003d108.0.5359.125)\nBuild info: version: \u00273.141.59\u0027, revision: \u0027e82be7d358\u0027, time: \u00272018-11-14T08:17:03\u0027\nSystem info: host: \u0027SDL5CG2285V64\u0027, ip: \u002710.35.103.22\u0027, os.name: \u0027Windows 10\u0027, os.arch: \u0027amd64\u0027, os.version: \u002710.0\u0027, java.version: \u002711.0.17\u0027\nDriver info: org.openqa.selenium.chrome.ChromeDriver\nCapabilities {acceptInsecureCerts: false, browserName: chrome, browserVersion: 108.0.5359.125, chrome: {chromedriverVersion: 108.0.5359.71 (1e0e3868ee06..., userDataDir: C:\\Users\\stalluri\\AppData\\L...}, goog:chromeOptions: {debuggerAddress: localhost:59412}, javascriptEnabled: true, networkConnectionEnabled: false, pageLoadStrategy: normal, platform: WINDOWS, platformName: WINDOWS, proxy: Proxy(), setWindowRect: true, strictFileInteractability: false, timeouts: {implicit: 0, pageLoad: 300000, script: 30000}, unhandledPromptBehavior: dismiss and notify, webauthn:extension:credBlob: true, webauthn:extension:largeBlob: true, webauthn:virtualAuthenticators: true}\nSession ID: ac0f3c6b131071587e08022110a3266f",
                "stackTrace": "org.openqa.selenium.ElementClickInterceptedException: element click intercepted: Element \u003cbutton _ngcontent-fxt-c96\u003d\"\" title\u003d\"Create household\" class\u003d\"btn btn-primary float-right btn-household-create\" disabled\u003d\"\"\u003e...\u003c/button\u003e is not clickable at point (801, 588). Other element would receive the click: \u003cdiv class\u003d\"dx-overlay-content dx-toast-custom dx-toast-content dx-resizable\" role\u003d\"alert\" style\u003d\"width: 675px; height: auto; z-index: 9501; margin: 0px; left: 0px; top: 0px; transform: translate(605px, 463px); transition: none 0s ease 0s; visibility: visible; opacity: 1;\"\u003e...\u003c/div\u003e\n  (Session info: chrome\u003d108.0.5359.125)\nBuild info: version: \u00273.141.59\u0027, revision: \u0027e82be7d358\u0027, time: \u00272018-11-14T08:17:03\u0027\nSystem info: host: \u0027SDL5CG2285V64\u0027, ip: \u002710.35.103.22\u0027, os.name: \u0027Windows 10\u0027, os.arch: \u0027amd64\u0027, os.version: \u002710.0\u0027, java.version: \u002711.0.17\u0027\nDriver info: org.openqa.selenium.chrome.ChromeDriver\nCapabilities {acceptInsecureCerts: false, browserName: chrome, browserVersion: 108.0.5359.125, chrome: {chromedriverVersion: 108.0.5359.71 (1e0e3868ee06..., userDataDir: C:\\Users\\stalluri\\AppData\\L...}, goog:chromeOptions: {debuggerAddress: localhost:59412}, javascriptEnabled: true, networkConnectionEnabled: false, pageLoadStrategy: normal, platform: WINDOWS, platformName: WINDOWS, proxy: Proxy(), setWindowRect: true, strictFileInteractability: false, timeouts: {implicit: 0, pageLoad: 300000, script: 30000}, unhandledPromptBehavior: dismiss and notify, webauthn:extension:credBlob: true, webauthn:extension:largeBlob: true, webauthn:virtualAuthenticators: true}\nSession ID: ac0f3c6b131071587e08022110a3266f\r\n\tat java.base/jdk.internal.reflect.NativeConstructorAccessorImpl.newInstance0(Native Method)\r\n\tat java.base/jdk.internal.reflect.NativeConstructorAccessorImpl.newInstance(NativeConstructorAccessorImpl.java:62)\r\n\tat java.base/jdk.internal.reflect.DelegatingConstructorAccessorImpl.newInstance(DelegatingConstructorAccessorImpl.java:45)\r\n\tat java.base/java.lang.reflect.Constructor.newInstance(Constructor.java:490)\r\n\tat org.openqa.selenium.remote.http.W3CHttpResponseCodec.createException(W3CHttpResponseCodec.java:187)\r\n\tat org.openqa.selenium.remote.http.W3CHttpResponseCodec.decode(W3CHttpResponseCodec.java:122)\r\n\tat org.openqa.selenium.remote.http.W3CHttpResponseCodec.decode(W3CHttpResponseCodec.java:49)\r\n\tat org.openqa.selenium.remote.HttpCommandExecutor.execute(HttpCommandExecutor.java:158)\r\n\tat org.openqa.selenium.remote.service.DriverCommandExecutor.execute(DriverCommandExecutor.java:83)\r\n\tat org.openqa.selenium.remote.RemoteWebDriver.execute(RemoteWebDriver.java:552)\r\n\tat org.openqa.selenium.remote.RemoteWebElement.execute(RemoteWebElement.java:285)\r\n\tat org.openqa.selenium.remote.RemoteWebElement.click(RemoteWebElement.java:84)\r\n\tat com.lpl.qe.blackbird.elements.GenericElement.click(GenericElement.java:50)\r\n\tat java.base/jdk.internal.reflect.NativeMethodAccessorImpl.invoke0(Native Method)\r\n\tat java.base/jdk.internal.reflect.NativeMethodAccessorImpl.invoke(NativeMethodAccessorImpl.java:62)\r\n\tat java.base/jdk.internal.reflect.DelegatingMethodAccessorImpl.invoke(DelegatingMethodAccessorImpl.java:43)\r\n\tat java.base/java.lang.reflect.Method.invoke(Method.java:566)\r\n\tat com.lpl.qe.blackbird.pagefactory.factory.internal.ElementHandler.invoke(ElementHandler.java:56)\r\n\tat com.sun.proxy.$Proxy22.click(Unknown Source)\r\n\tat com.lpl.qe.CAG.HouseholdCreate.clickCreateHouseholdButton(HouseholdCreate.java:436)\r\n\tat com.lpl.qe.portfolioaccountingfeebilling.householding.utlities.web.HouseholdCreateUtility.clickCreateHousehold(HouseholdCreateUtility.java:51)\r\n\tat com.lpl.qe.portfolioaccountingfeebilling.householdingCAG.web.CreateAndEditCombinedStatement.createHousehold(CreateAndEditCombinedStatement.java:46)\r\n\tat java.base/jdk.internal.reflect.NativeMethodAccessorImpl.invoke0(Native Method)\r\n\tat java.base/jdk.internal.reflect.NativeMethodAccessorImpl.invoke(NativeMethodAccessorImpl.java:62)\r\n\tat java.base/jdk.internal.reflect.DelegatingMethodAccessorImpl.invoke(DelegatingMethodAccessorImpl.java:43)\r\n\tat java.base/java.lang.reflect.Method.invoke(Method.java:566)\r\n\tat org.testng.internal.MethodInvocationHelper.invokeMethod(MethodInvocationHelper.java:133)\r\n\tat org.testng.internal.TestInvoker.invokeMethod(TestInvoker.java:598)\r\n\tat org.testng.internal.TestInvoker.invokeTestMethod(TestInvoker.java:173)\r\n\tat org.testng.internal.MethodRunner.runInSequence(MethodRunner.java:46)\r\n\tat org.testng.internal.TestInvoker$MethodInvocationAgent.invoke(TestInvoker.java:824)\r\n\tat org.testng.internal.TestInvoker.invokeTestMethods(TestInvoker.java:146)\r\n\tat org.testng.internal.TestMethodWorker.invokeTestMethods(TestMethodWorker.java:146)\r\n\tat org.testng.internal.TestMethodWorker.run(TestMethodWorker.java:128)\r\n\tat java.base/java.util.ArrayList.forEach(ArrayList.java:1541)\r\n\tat org.testng.TestRunner.privateRun(TestRunner.java:794)\r\n\tat org.testng.TestRunner.run(TestRunner.java:596)\r\n\tat org.testng.SuiteRunner.runTest(SuiteRunner.java:377)\r\n\tat org.testng.SuiteRunner.runSequentially(SuiteRunner.java:371)\r\n\tat org.testng.SuiteRunner.privateRun(SuiteRunner.java:332)\r\n\tat org.testng.SuiteRunner.run(SuiteRunner.java:276)\r\n\tat org.testng.SuiteRunnerWorker.runSuite(SuiteRunnerWorker.java:53)\r\n\tat org.testng.SuiteRunnerWorker.run(SuiteRunnerWorker.java:96)\r\n\tat org.testng.TestNG.runSuitesSequentially(TestNG.java:1212)\r\n\tat org.testng.TestNG.runSuitesLocally(TestNG.java:1134)\r\n\tat org.testng.TestNG.runSuites(TestNG.java:1063)\r\n\tat org.testng.TestNG.run(TestNG.java:1031)\r\n\tat com.intellij.rt.testng.IDEARemoteTestNG.run(IDEARemoteTestNG.java:66)\r\n\tat com.intellij.rt.testng.RemoteTestNGStarter.main(RemoteTestNGStarter.java:109)\r\n"
              },
              "testClass": "com.lpl.qe.portfolioaccountingfeebilling.householdingCAG.web.CreateAndEditCombinedStatement",
              "test": "portfolio-accounting-fee-billing",
              "parameters": [
                {
                  "groupName": "PVtestone HOUSEHOLD",
                  "repID": "CCCA",
                  "clientName1": "PVTest Pvtestone",
                  "userName": "vaishali.zachrich",
                  "password": "P@ssw0rd",
                  "combinedStatementName": "NewCS",
                  "environment": "QAF2",
                  "mailingAddLine1": "92121 CALIFORNIA ST",
                  "mailingAddLine2": "ALBANY CA, 92121"
                }
              ],
              "suite": "Default Suite",
              "logOutput": [],
              "remoteExecutionEvidence": [],
              "resourceMetaDataList": [],
              "userInterfaces": [
                {
                  "operatingSystem": "windows",
                  "systemArchitecture": "64 bit",
                  "deviceType": "",
                  "platformName": "",
                  "userAgent": "chrome",
                  "userAgentVersion": "",
                  "platformVersion": "",
                  "deviceName": "",
                  "appName": "",
                  "appPath": ""
                }
              ],
              "webservices": []
            }
          ]
        }
      ]
    }
  ],
  "testMethodList": [
    {
      "id": "createHousehold_1675294630140_1",
      "testMethodId": "createHousehold_1675294630140_1",
      "name": "createHousehold",
      "description": "",
      "configuration": false,
      "methodType": "TestMethod",
      "startDateTime": {
        "dateTime": {
          "date": {
            "year": 2023,
            "month": 2,
            "day": 1
          },
          "time": {
            "hour": 23,
            "minute": 37,
            "second": 10,
            "nano": 136000000
          }
        },
        "offset": {
          "totalSeconds": 0
        },
        "zone": {
          "totalSeconds": 0
        }
      },
      "endDateTime": {
        "dateTime": {
          "date": {
            "year": 2023,
            "month": 2,
            "day": 1
          },
          "time": {
            "hour": 23,
            "minute": 38,
            "second": 31,
            "nano": 41000000
          }
        },
        "offset": {
          "totalSeconds": 0
        },
        "zone": {
          "totalSeconds": 0
        }
      },
      "duration": "00h:01m:20s",
      "statusEnum": "FAILED",
      "status": "FAILED",
      "bug": {
        "message": "ElementClickInterceptedException: element click intercepted: Element \u003cbutton _ngcontent-fxt-c96\u003d\"\" title\u003d\"Create household\" class\u003d\"btn btn-primary float-right btn-household-create\" disabled\u003d\"\"\u003e...\u003c/button\u003e is not clickable at point (801, 588). Other element would receive the click: \u003cdiv class\u003d\"dx-overlay-content dx-toast-custom dx-toast-content dx-resizable\" role\u003d\"alert\" style\u003d\"width: 675px; height: auto; z-index: 9501; margin: 0px; left: 0px; top: 0px; transform: translate(605px, 463px); transition: none 0s ease 0s; visibility: visible; opacity: 1;\"\u003e...\u003c/div\u003e\n  (Session info: chrome\u003d108.0.5359.125)\nBuild info: version: \u00273.141.59\u0027, revision: \u0027e82be7d358\u0027, time: \u00272018-11-14T08:17:03\u0027\nSystem info: host: \u0027SDL5CG2285V64\u0027, ip: \u002710.35.103.22\u0027, os.name: \u0027Windows 10\u0027, os.arch: \u0027amd64\u0027, os.version: \u002710.0\u0027, java.version: \u002711.0.17\u0027\nDriver info: org.openqa.selenium.chrome.ChromeDriver\nCapabilities {acceptInsecureCerts: false, browserName: chrome, browserVersion: 108.0.5359.125, chrome: {chromedriverVersion: 108.0.5359.71 (1e0e3868ee06..., userDataDir: C:\\Users\\stalluri\\AppData\\L...}, goog:chromeOptions: {debuggerAddress: localhost:59412}, javascriptEnabled: true, networkConnectionEnabled: false, pageLoadStrategy: normal, platform: WINDOWS, platformName: WINDOWS, proxy: Proxy(), setWindowRect: true, strictFileInteractability: false, timeouts: {implicit: 0, pageLoad: 300000, script: 30000}, unhandledPromptBehavior: dismiss and notify, webauthn:extension:credBlob: true, webauthn:extension:largeBlob: true, webauthn:virtualAuthenticators: true}\nSession ID: ac0f3c6b131071587e08022110a3266f",
        "stackTrace": "org.openqa.selenium.ElementClickInterceptedException: element click intercepted: Element \u003cbutton _ngcontent-fxt-c96\u003d\"\" title\u003d\"Create household\" class\u003d\"btn btn-primary float-right btn-household-create\" disabled\u003d\"\"\u003e...\u003c/button\u003e is not clickable at point (801, 588). Other element would receive the click: \u003cdiv class\u003d\"dx-overlay-content dx-toast-custom dx-toast-content dx-resizable\" role\u003d\"alert\" style\u003d\"width: 675px; height: auto; z-index: 9501; margin: 0px; left: 0px; top: 0px; transform: translate(605px, 463px); transition: none 0s ease 0s; visibility: visible; opacity: 1;\"\u003e...\u003c/div\u003e\n  (Session info: chrome\u003d108.0.5359.125)\nBuild info: version: \u00273.141.59\u0027, revision: \u0027e82be7d358\u0027, time: \u00272018-11-14T08:17:03\u0027\nSystem info: host: \u0027SDL5CG2285V64\u0027, ip: \u002710.35.103.22\u0027, os.name: \u0027Windows 10\u0027, os.arch: \u0027amd64\u0027, os.version: \u002710.0\u0027, java.version: \u002711.0.17\u0027\nDriver info: org.openqa.selenium.chrome.ChromeDriver\nCapabilities {acceptInsecureCerts: false, browserName: chrome, browserVersion: 108.0.5359.125, chrome: {chromedriverVersion: 108.0.5359.71 (1e0e3868ee06..., userDataDir: C:\\Users\\stalluri\\AppData\\L...}, goog:chromeOptions: {debuggerAddress: localhost:59412}, javascriptEnabled: true, networkConnectionEnabled: false, pageLoadStrategy: normal, platform: WINDOWS, platformName: WINDOWS, proxy: Proxy(), setWindowRect: true, strictFileInteractability: false, timeouts: {implicit: 0, pageLoad: 300000, script: 30000}, unhandledPromptBehavior: dismiss and notify, webauthn:extension:credBlob: true, webauthn:extension:largeBlob: true, webauthn:virtualAuthenticators: true}\nSession ID: ac0f3c6b131071587e08022110a3266f\r\n\tat java.base/jdk.internal.reflect.NativeConstructorAccessorImpl.newInstance0(Native Method)\r\n\tat java.base/jdk.internal.reflect.NativeConstructorAccessorImpl.newInstance(NativeConstructorAccessorImpl.java:62)\r\n\tat java.base/jdk.internal.reflect.DelegatingConstructorAccessorImpl.newInstance(DelegatingConstructorAccessorImpl.java:45)\r\n\tat java.base/java.lang.reflect.Constructor.newInstance(Constructor.java:490)\r\n\tat org.openqa.selenium.remote.http.W3CHttpResponseCodec.createException(W3CHttpResponseCodec.java:187)\r\n\tat org.openqa.selenium.remote.http.W3CHttpResponseCodec.decode(W3CHttpResponseCodec.java:122)\r\n\tat org.openqa.selenium.remote.http.W3CHttpResponseCodec.decode(W3CHttpResponseCodec.java:49)\r\n\tat org.openqa.selenium.remote.HttpCommandExecutor.execute(HttpCommandExecutor.java:158)\r\n\tat org.openqa.selenium.remote.service.DriverCommandExecutor.execute(DriverCommandExecutor.java:83)\r\n\tat org.openqa.selenium.remote.RemoteWebDriver.execute(RemoteWebDriver.java:552)\r\n\tat org.openqa.selenium.remote.RemoteWebElement.execute(RemoteWebElement.java:285)\r\n\tat org.openqa.selenium.remote.RemoteWebElement.click(RemoteWebElement.java:84)\r\n\tat com.lpl.qe.blackbird.elements.GenericElement.click(GenericElement.java:50)\r\n\tat java.base/jdk.internal.reflect.NativeMethodAccessorImpl.invoke0(Native Method)\r\n\tat java.base/jdk.internal.reflect.NativeMethodAccessorImpl.invoke(NativeMethodAccessorImpl.java:62)\r\n\tat java.base/jdk.internal.reflect.DelegatingMethodAccessorImpl.invoke(DelegatingMethodAccessorImpl.java:43)\r\n\tat java.base/java.lang.reflect.Method.invoke(Method.java:566)\r\n\tat com.lpl.qe.blackbird.pagefactory.factory.internal.ElementHandler.invoke(ElementHandler.java:56)\r\n\tat com.sun.proxy.$Proxy22.click(Unknown Source)\r\n\tat com.lpl.qe.CAG.HouseholdCreate.clickCreateHouseholdButton(HouseholdCreate.java:436)\r\n\tat com.lpl.qe.portfolioaccountingfeebilling.householding.utlities.web.HouseholdCreateUtility.clickCreateHousehold(HouseholdCreateUtility.java:51)\r\n\tat com.lpl.qe.portfolioaccountingfeebilling.householdingCAG.web.CreateAndEditCombinedStatement.createHousehold(CreateAndEditCombinedStatement.java:46)\r\n\tat java.base/jdk.internal.reflect.NativeMethodAccessorImpl.invoke0(Native Method)\r\n\tat java.base/jdk.internal.reflect.NativeMethodAccessorImpl.invoke(NativeMethodAccessorImpl.java:62)\r\n\tat java.base/jdk.internal.reflect.DelegatingMethodAccessorImpl.invoke(DelegatingMethodAccessorImpl.java:43)\r\n\tat java.base/java.lang.reflect.Method.invoke(Method.java:566)\r\n\tat org.testng.internal.MethodInvocationHelper.invokeMethod(MethodInvocationHelper.java:133)\r\n\tat org.testng.internal.TestInvoker.invokeMethod(TestInvoker.java:598)\r\n\tat org.testng.internal.TestInvoker.invokeTestMethod(TestInvoker.java:173)\r\n\tat org.testng.internal.MethodRunner.runInSequence(MethodRunner.java:46)\r\n\tat org.testng.internal.TestInvoker$MethodInvocationAgent.invoke(TestInvoker.java:824)\r\n\tat org.testng.internal.TestInvoker.invokeTestMethods(TestInvoker.java:146)\r\n\tat org.testng.internal.TestMethodWorker.invokeTestMethods(TestMethodWorker.java:146)\r\n\tat org.testng.internal.TestMethodWorker.run(TestMethodWorker.java:128)\r\n\tat java.base/java.util.ArrayList.forEach(ArrayList.java:1541)\r\n\tat org.testng.TestRunner.privateRun(TestRunner.java:794)\r\n\tat org.testng.TestRunner.run(TestRunner.java:596)\r\n\tat org.testng.SuiteRunner.runTest(SuiteRunner.java:377)\r\n\tat org.testng.SuiteRunner.runSequentially(SuiteRunner.java:371)\r\n\tat org.testng.SuiteRunner.privateRun(SuiteRunner.java:332)\r\n\tat org.testng.SuiteRunner.run(SuiteRunner.java:276)\r\n\tat org.testng.SuiteRunnerWorker.runSuite(SuiteRunnerWorker.java:53)\r\n\tat org.testng.SuiteRunnerWorker.run(SuiteRunnerWorker.java:96)\r\n\tat org.testng.TestNG.runSuitesSequentially(TestNG.java:1212)\r\n\tat org.testng.TestNG.runSuitesLocally(TestNG.java:1134)\r\n\tat org.testng.TestNG.runSuites(TestNG.java:1063)\r\n\tat org.testng.TestNG.run(TestNG.java:1031)\r\n\tat com.intellij.rt.testng.IDEARemoteTestNG.run(IDEARemoteTestNG.java:66)\r\n\tat com.intellij.rt.testng.RemoteTestNGStarter.main(RemoteTestNGStarter.java:109)\r\n"
      },
      "testClass": "com.lpl.qe.portfolioaccountingfeebilling.householdingCAG.web.CreateAndEditCombinedStatement",
      "test": "portfolio-accounting-fee-billing",
      "parameters": [
        {
          "groupName": "PVtestone HOUSEHOLD",
          "repID": "CCCA",
          "clientName1": "PVTest Pvtestone",
          "userName": "vaishali.zachrich",
          "password": "P@ssw0rd",
          "combinedStatementName": "NewCS",
          "environment": "QAF2",
          "mailingAddLine1": "92121 CALIFORNIA ST",
          "mailingAddLine2": "ALBANY CA, 92121"
        }
      ],
      "suite": "Default Suite",
      "logOutput": [],
      "remoteExecutionEvidence": [],
      "resourceMetaDataList": [],
      "userInterfaces": [
        {
          "operatingSystem": "windows",
          "systemArchitecture": "64 bit",
          "deviceType": "",
          "platformName": "",
          "userAgent": "chrome",
          "userAgentVersion": "",
          "platformVersion": "",
          "deviceName": "",
          "appName": "",
          "appPath": ""
        }
      ],
      "webservices": []
    }
  ],
  "bugListMap": {
    "ElementClickInterceptedException: element click intercepted: Element \u003cbutton _ngcontent-fxt-c96\u003d\"\" title\u003d\"Create household\" class\u003d\"btn btn-primary float-right btn-household-create\" disabled\u003d\"\"\u003e...\u003c/button\u003e is not clickable at point (801, 588). Other element would receive the click: \u003cdiv class\u003d\"dx-overlay-content dx-toast-custom dx-toast-content dx-resizable\" role\u003d\"alert\" style\u003d\"width: 675px; height: auto; z-index: 9501; margin: 0px; left: 0px; top: 0px; transform: translate(605px, 463px); transition: none 0s ease 0s; visibility: visible; opacity: 1;\"\u003e...\u003c/div\u003e\n  (Session info: chrome\u003d108.0.5359.125)\nBuild info: version: \u00273.141.59\u0027, revision: \u0027e82be7d358\u0027, time: \u00272018-11-14T08:17:03\u0027\nSystem info: host: \u0027SDL5CG2285V64\u0027, ip: \u002710.35.103.22\u0027, os.name: \u0027Windows 10\u0027, os.arch: \u0027amd64\u0027, os.version: \u002710.0\u0027, java.version: \u002711.0.17\u0027\nDriver info: org.openqa.selenium.chrome.ChromeDriver\nCapabilities {acceptInsecureCerts: false, browserName: chrome, browserVersion: 108.0.5359.125, chrome: {chromedriverVersion: 108.0.5359.71 (1e0e3868ee06..., userDataDir: C:\\Users\\stalluri\\AppData\\L...}, goog:chromeOptions: {debuggerAddress: localhost:59412}, javascriptEnabled: true, networkConnectionEnabled: false, pageLoadStrategy: normal, platform: WINDOWS, platformName: WINDOWS, proxy: Proxy(), setWindowRect: true, strictFileInteractability: false, timeouts: {implicit: 0, pageLoad: 300000, script: 30000}, unhandledPromptBehavior: dismiss and notify, webauthn:extension:credBlob: true, webauthn:extension:largeBlob: true, webauthn:virtualAuthenticators: true}\nSession ID: ac0f3c6b131071587e08022110a3266f": [
      {
        "id": "createHousehold_1675294630140_1",
        "testMethodId": "createHousehold_1675294630140_1",
        "name": "createHousehold",
        "description": "",
        "configuration": false,
        "methodType": "TestMethod",
        "startDateTime": {
          "dateTime": {
            "date": {
              "year": 2023,
              "month": 2,
              "day": 1
            },
            "time": {
              "hour": 23,
              "minute": 37,
              "second": 10,
              "nano": 136000000
            }
          },
          "offset": {
            "totalSeconds": 0
          },
          "zone": {
            "totalSeconds": 0
          }
        },
        "endDateTime": {
          "dateTime": {
            "date": {
              "year": 2023,
              "month": 2,
              "day": 1
            },
            "time": {
              "hour": 23,
              "minute": 38,
              "second": 31,
              "nano": 41000000
            }
          },
          "offset": {
            "totalSeconds": 0
          },
          "zone": {
            "totalSeconds": 0
          }
        },
        "duration": "00h:01m:20s",
        "statusEnum": "FAILED",
        "status": "FAILED",
        "bug": {
          "message": "ElementClickInterceptedException: element click intercepted: Element \u003cbutton _ngcontent-fxt-c96\u003d\"\" title\u003d\"Create household\" class\u003d\"btn btn-primary float-right btn-household-create\" disabled\u003d\"\"\u003e...\u003c/button\u003e is not clickable at point (801, 588). Other element would receive the click: \u003cdiv class\u003d\"dx-overlay-content dx-toast-custom dx-toast-content dx-resizable\" role\u003d\"alert\" style\u003d\"width: 675px; height: auto; z-index: 9501; margin: 0px; left: 0px; top: 0px; transform: translate(605px, 463px); transition: none 0s ease 0s; visibility: visible; opacity: 1;\"\u003e...\u003c/div\u003e\n  (Session info: chrome\u003d108.0.5359.125)\nBuild info: version: \u00273.141.59\u0027, revision: \u0027e82be7d358\u0027, time: \u00272018-11-14T08:17:03\u0027\nSystem info: host: \u0027SDL5CG2285V64\u0027, ip: \u002710.35.103.22\u0027, os.name: \u0027Windows 10\u0027, os.arch: \u0027amd64\u0027, os.version: \u002710.0\u0027, java.version: \u002711.0.17\u0027\nDriver info: org.openqa.selenium.chrome.ChromeDriver\nCapabilities {acceptInsecureCerts: false, browserName: chrome, browserVersion: 108.0.5359.125, chrome: {chromedriverVersion: 108.0.5359.71 (1e0e3868ee06..., userDataDir: C:\\Users\\stalluri\\AppData\\L...}, goog:chromeOptions: {debuggerAddress: localhost:59412}, javascriptEnabled: true, networkConnectionEnabled: false, pageLoadStrategy: normal, platform: WINDOWS, platformName: WINDOWS, proxy: Proxy(), setWindowRect: true, strictFileInteractability: false, timeouts: {implicit: 0, pageLoad: 300000, script: 30000}, unhandledPromptBehavior: dismiss and notify, webauthn:extension:credBlob: true, webauthn:extension:largeBlob: true, webauthn:virtualAuthenticators: true}\nSession ID: ac0f3c6b131071587e08022110a3266f",
          "stackTrace": "org.openqa.selenium.ElementClickInterceptedException: element click intercepted: Element \u003cbutton _ngcontent-fxt-c96\u003d\"\" title\u003d\"Create household\" class\u003d\"btn btn-primary float-right btn-household-create\" disabled\u003d\"\"\u003e...\u003c/button\u003e is not clickable at point (801, 588). Other element would receive the click: \u003cdiv class\u003d\"dx-overlay-content dx-toast-custom dx-toast-content dx-resizable\" role\u003d\"alert\" style\u003d\"width: 675px; height: auto; z-index: 9501; margin: 0px; left: 0px; top: 0px; transform: translate(605px, 463px); transition: none 0s ease 0s; visibility: visible; opacity: 1;\"\u003e...\u003c/div\u003e\n  (Session info: chrome\u003d108.0.5359.125)\nBuild info: version: \u00273.141.59\u0027, revision: \u0027e82be7d358\u0027, time: \u00272018-11-14T08:17:03\u0027\nSystem info: host: \u0027SDL5CG2285V64\u0027, ip: \u002710.35.103.22\u0027, os.name: \u0027Windows 10\u0027, os.arch: \u0027amd64\u0027, os.version: \u002710.0\u0027, java.version: \u002711.0.17\u0027\nDriver info: org.openqa.selenium.chrome.ChromeDriver\nCapabilities {acceptInsecureCerts: false, browserName: chrome, browserVersion: 108.0.5359.125, chrome: {chromedriverVersion: 108.0.5359.71 (1e0e3868ee06..., userDataDir: C:\\Users\\stalluri\\AppData\\L...}, goog:chromeOptions: {debuggerAddress: localhost:59412}, javascriptEnabled: true, networkConnectionEnabled: false, pageLoadStrategy: normal, platform: WINDOWS, platformName: WINDOWS, proxy: Proxy(), setWindowRect: true, strictFileInteractability: false, timeouts: {implicit: 0, pageLoad: 300000, script: 30000}, unhandledPromptBehavior: dismiss and notify, webauthn:extension:credBlob: true, webauthn:extension:largeBlob: true, webauthn:virtualAuthenticators: true}\nSession ID: ac0f3c6b131071587e08022110a3266f\r\n\tat java.base/jdk.internal.reflect.NativeConstructorAccessorImpl.newInstance0(Native Method)\r\n\tat java.base/jdk.internal.reflect.NativeConstructorAccessorImpl.newInstance(NativeConstructorAccessorImpl.java:62)\r\n\tat java.base/jdk.internal.reflect.DelegatingConstructorAccessorImpl.newInstance(DelegatingConstructorAccessorImpl.java:45)\r\n\tat java.base/java.lang.reflect.Constructor.newInstance(Constructor.java:490)\r\n\tat org.openqa.selenium.remote.http.W3CHttpResponseCodec.createException(W3CHttpResponseCodec.java:187)\r\n\tat org.openqa.selenium.remote.http.W3CHttpResponseCodec.decode(W3CHttpResponseCodec.java:122)\r\n\tat org.openqa.selenium.remote.http.W3CHttpResponseCodec.decode(W3CHttpResponseCodec.java:49)\r\n\tat org.openqa.selenium.remote.HttpCommandExecutor.execute(HttpCommandExecutor.java:158)\r\n\tat org.openqa.selenium.remote.service.DriverCommandExecutor.execute(DriverCommandExecutor.java:83)\r\n\tat org.openqa.selenium.remote.RemoteWebDriver.execute(RemoteWebDriver.java:552)\r\n\tat org.openqa.selenium.remote.RemoteWebElement.execute(RemoteWebElement.java:285)\r\n\tat org.openqa.selenium.remote.RemoteWebElement.click(RemoteWebElement.java:84)\r\n\tat com.lpl.qe.blackbird.elements.GenericElement.click(GenericElement.java:50)\r\n\tat java.base/jdk.internal.reflect.NativeMethodAccessorImpl.invoke0(Native Method)\r\n\tat java.base/jdk.internal.reflect.NativeMethodAccessorImpl.invoke(NativeMethodAccessorImpl.java:62)\r\n\tat java.base/jdk.internal.reflect.DelegatingMethodAccessorImpl.invoke(DelegatingMethodAccessorImpl.java:43)\r\n\tat java.base/java.lang.reflect.Method.invoke(Method.java:566)\r\n\tat com.lpl.qe.blackbird.pagefactory.factory.internal.ElementHandler.invoke(ElementHandler.java:56)\r\n\tat com.sun.proxy.$Proxy22.click(Unknown Source)\r\n\tat com.lpl.qe.CAG.HouseholdCreate.clickCreateHouseholdButton(HouseholdCreate.java:436)\r\n\tat com.lpl.qe.portfolioaccountingfeebilling.householding.utlities.web.HouseholdCreateUtility.clickCreateHousehold(HouseholdCreateUtility.java:51)\r\n\tat com.lpl.qe.portfolioaccountingfeebilling.householdingCAG.web.CreateAndEditCombinedStatement.createHousehold(CreateAndEditCombinedStatement.java:46)\r\n\tat java.base/jdk.internal.reflect.NativeMethodAccessorImpl.invoke0(Native Method)\r\n\tat java.base/jdk.internal.reflect.NativeMethodAccessorImpl.invoke(NativeMethodAccessorImpl.java:62)\r\n\tat java.base/jdk.internal.reflect.DelegatingMethodAccessorImpl.invoke(DelegatingMethodAccessorImpl.java:43)\r\n\tat java.base/java.lang.reflect.Method.invoke(Method.java:566)\r\n\tat org.testng.internal.MethodInvocationHelper.invokeMethod(MethodInvocationHelper.java:133)\r\n\tat org.testng.internal.TestInvoker.invokeMethod(TestInvoker.java:598)\r\n\tat org.testng.internal.TestInvoker.invokeTestMethod(TestInvoker.java:173)\r\n\tat org.testng.internal.MethodRunner.runInSequence(MethodRunner.java:46)\r\n\tat org.testng.internal.TestInvoker$MethodInvocationAgent.invoke(TestInvoker.java:824)\r\n\tat org.testng.internal.TestInvoker.invokeTestMethods(TestInvoker.java:146)\r\n\tat org.testng.internal.TestMethodWorker.invokeTestMethods(TestMethodWorker.java:146)\r\n\tat org.testng.internal.TestMethodWorker.run(TestMethodWorker.java:128)\r\n\tat java.base/java.util.ArrayList.forEach(ArrayList.java:1541)\r\n\tat org.testng.TestRunner.privateRun(TestRunner.java:794)\r\n\tat org.testng.TestRunner.run(TestRunner.java:596)\r\n\tat org.testng.SuiteRunner.runTest(SuiteRunner.java:377)\r\n\tat org.testng.SuiteRunner.runSequentially(SuiteRunner.java:371)\r\n\tat org.testng.SuiteRunner.privateRun(SuiteRunner.java:332)\r\n\tat org.testng.SuiteRunner.run(SuiteRunner.java:276)\r\n\tat org.testng.SuiteRunnerWorker.runSuite(SuiteRunnerWorker.java:53)\r\n\tat org.testng.SuiteRunnerWorker.run(SuiteRunnerWorker.java:96)\r\n\tat org.testng.TestNG.runSuitesSequentially(TestNG.java:1212)\r\n\tat org.testng.TestNG.runSuitesLocally(TestNG.java:1134)\r\n\tat org.testng.TestNG.runSuites(TestNG.java:1063)\r\n\tat org.testng.TestNG.run(TestNG.java:1031)\r\n\tat com.intellij.rt.testng.IDEARemoteTestNG.run(IDEARemoteTestNG.java:66)\r\n\tat com.intellij.rt.testng.RemoteTestNGStarter.main(RemoteTestNGStarter.java:109)\r\n"
        },
        "testClass": "com.lpl.qe.portfolioaccountingfeebilling.householdingCAG.web.CreateAndEditCombinedStatement",
        "test": "portfolio-accounting-fee-billing",
        "parameters": [
          {
            "groupName": "PVtestone HOUSEHOLD",
            "repID": "CCCA",
            "clientName1": "PVTest Pvtestone",
            "userName": "vaishali.zachrich",
            "password": "P@ssw0rd",
            "combinedStatementName": "NewCS",
            "environment": "QAF2",
            "mailingAddLine1": "92121 CALIFORNIA ST",
            "mailingAddLine2": "ALBANY CA, 92121"
          }
        ],
        "suite": "Default Suite",
        "logOutput": [],
        "remoteExecutionEvidence": [],
        "resourceMetaDataList": [],
        "userInterfaces": [
          {
            "operatingSystem": "windows",
            "systemArchitecture": "64 bit",
            "deviceType": "",
            "platformName": "",
            "userAgent": "chrome",
            "userAgentVersion": "",
            "platformVersion": "",
            "deviceName": "",
            "appName": "",
            "appPath": ""
          }
        ],
        "webservices": []
      }
    ]
  },
  "violationsListMap": {}
}