{
  "about": {
    "projectName": "Demo-BlackbirdDemo",
    "team": "QE",
    "releaseVersion": "1.0",
    "executionOS": "Windows 10 10.0",
    "environment": "QA",
    "userName": "vparthas"
  },
  "name": "run_1645518800678",
  "startDateTime": {
    "dateTime": {
      "date": {
        "year": 2022,
        "month": 2,
        "day": 22
      },
      "time": {
        "hour": 8,
        "minute": 33,
        "second": 21,
        "nano": 430000000
      }
    },
    "offset": {
      "totalSeconds": 0
    },
    "zone": {
      "totalSeconds": 0
    }
  },
  "endDateTime": {
    "dateTime": {
      "date": {
        "year": 2022,
        "month": 2,
        "day": 22
      },
      "time": {
        "hour": 8,
        "minute": 34,
        "second": 37,
        "nano": 163000000
      }
    },
    "offset": {
      "totalSeconds": 0
    },
    "zone": {
      "totalSeconds": 0
    }
  },
  "duration": "00h:01m:15s",
  "statusEnum": "PASSED",
  "status": "PASSED",
  "testSuites": [
    {
      "name": "Default suite",
      "startDateTime": {
        "dateTime": {
          "date": {
            "year": 2022,
            "month": 2,
            "day": 22
          },
          "time": {
            "hour": 8,
            "minute": 33,
            "second": 21,
            "nano": 798000000
          }
        },
        "offset": {
          "totalSeconds": 0
        },
        "zone": {
          "totalSeconds": 0
        }
      },
      "endDateTime": {
        "dateTime": {
          "date": {
            "year": 2022,
            "month": 2,
            "day": 22
          },
          "time": {
            "hour": 8,
            "minute": 34,
            "second": 35,
            "nano": 640000000
          }
        },
        "offset": {
          "totalSeconds": 0
        },
        "zone": {
          "totalSeconds": 0
        }
      },
      "duration": "00h:01m:13s",
      "statusEnum": "PASSED",
      "status": "PASSED",
      "tests": []
    },
    {
      "name": "Gatekeeper Test Cases",
      "startDateTime": {
        "dateTime": {
          "date": {
            "year": 2022,
            "month": 2,
            "day": 22
          },
          "time": {
            "hour": 8,
            "minute": 34,
            "second": 35,
            "nano": 641000000
          }
        },
        "offset": {
          "totalSeconds": 0
        },
        "zone": {
          "totalSeconds": 0
        }
      },
      "endDateTime": {
        "dateTime": {
          "date": {
            "year": 2022,
            "month": 2,
            "day": 22
          },
          "time": {
            "hour": 8,
            "minute": 34,
            "second": 35,
            "nano": 726000000
          }
        },
        "offset": {
          "totalSeconds": 0
        },
        "zone": {
          "totalSeconds": 0
        }
      },
      "duration": "00h:00m:00s",
      "statusEnum": "PASSED",
      "status": "PASSED",
      "tests": []
    },
    {
      "name": "Sanity Test Cases for AXA",
      "startDateTime": {
        "dateTime": {
          "date": {
            "year": 2022,
            "month": 2,
            "day": 22
          },
          "time": {
            "hour": 8,
            "minute": 34,
            "second": 35,
            "nano": 726000000
          }
        },
        "offset": {
          "totalSeconds": 0
        },
        "zone": {
          "totalSeconds": 0
        }
      },
      "endDateTime": {
        "dateTime": {
          "date": {
            "year": 2022,
            "month": 2,
            "day": 22
          },
          "time": {
            "hour": 8,
            "minute": 34,
            "second": 35,
            "nano": 727000000
          }
        },
        "offset": {
          "totalSeconds": 0
        },
        "zone": {
          "totalSeconds": 0
        }
      },
      "duration": "00h:00m:00s",
      "statusEnum": "PASSED",
      "status": "PASSED",
      "tests": []
    },
    {
      "name": "Dashboard Gatekeeper Test Cases",
      "startDateTime": {
        "dateTime": {
          "date": {
            "year": 2022,
            "month": 2,
            "day": 22
          },
          "time": {
            "hour": 8,
            "minute": 34,
            "second": 35,
            "nano": 727000000
          }
        },
        "offset": {
          "totalSeconds": 0
        },
        "zone": {
          "totalSeconds": 0
        }
      },
      "endDateTime": {
        "dateTime": {
          "date": {
            "year": 2022,
            "month": 2,
            "day": 22
          },
          "time": {
            "hour": 8,
            "minute": 34,
            "second": 35,
            "nano": 770000000
          }
        },
        "offset": {
          "totalSeconds": 0
        },
        "zone": {
          "totalSeconds": 0
        }
      },
      "duration": "00h:00m:00s",
      "statusEnum": "PASSED",
      "status": "PASSED",
      "tests": []
    },
    {
      "name": "Gatekeeper Test Cases",
      "startDateTime": {
        "dateTime": {
          "date": {
            "year": 2022,
            "month": 2,
            "day": 22
          },
          "time": {
            "hour": 8,
            "minute": 34,
            "second": 35,
            "nano": 770000000
          }
        },
        "offset": {
          "totalSeconds": 0
        },
        "zone": {
          "totalSeconds": 0
        }
      },
      "endDateTime": {
        "dateTime": {
          "date": {
            "year": 2022,
            "month": 2,
            "day": 22
          },
          "time": {
            "hour": 8,
            "minute": 34,
            "second": 35,
            "nano": 817000000
          }
        },
        "offset": {
          "totalSeconds": 0
        },
        "zone": {
          "totalSeconds": 0
        }
      },
      "duration": "00h:00m:00s",
      "statusEnum": "PASSED",
      "status": "PASSED",
      "tests": []
    },
    {
      "name": "User Story Test Cases for CAG Application",
      "startDateTime": {
        "dateTime": {
          "date": {
            "year": 2022,
            "month": 2,
            "day": 22
          },
          "time": {
            "hour": 8,
            "minute": 34,
            "second": 35,
            "nano": 817000000
          }
        },
        "offset": {
          "totalSeconds": 0
        },
        "zone": {
          "totalSeconds": 0
        }
      },
      "endDateTime": {
        "dateTime": {
          "date": {
            "year": 2022,
            "month": 2,
            "day": 22
          },
          "time": {
            "hour": 8,
            "minute": 34,
            "second": 35,
            "nano": 836000000
          }
        },
        "offset": {
          "totalSeconds": 0
        },
        "zone": {
          "totalSeconds": 0
        }
      },
      "duration": "00h:00m:00s",
      "statusEnum": "PASSED",
      "status": "PASSED",
      "tests": []
    },
    {
      "name": "Sanity Test Cases for QA Pull",
      "startDateTime": {
        "dateTime": {
          "date": {
            "year": 2022,
            "month": 2,
            "day": 22
          },
          "time": {
            "hour": 8,
            "minute": 34,
            "second": 35,
            "nano": 837000000
          }
        },
        "offset": {
          "totalSeconds": 0
        },
        "zone": {
          "totalSeconds": 0
        }
      },
      "endDateTime": {
        "dateTime": {
          "date": {
            "year": 2022,
            "month": 2,
            "day": 22
          },
          "time": {
            "hour": 8,
            "minute": 34,
            "second": 36,
            "nano": 6000000
          }
        },
        "offset": {
          "totalSeconds": 0
        },
        "zone": {
          "totalSeconds": 0
        }
      },
      "duration": "00h:00m:00s",
      "statusEnum": "PASSED",
      "status": "PASSED",
      "tests": [
        {
          "name": "Edit Household Page Navigation Validation",
          "startDateTime": {
            "dateTime": {
              "date": {
                "year": 2022,
                "month": 2,
                "day": 22
              },
              "time": {
                "hour": 8,
                "minute": 34,
                "second": 35,
                "nano": 896000000
              }
            },
            "offset": {
              "totalSeconds": 0
            },
            "zone": {
              "totalSeconds": 0
            }
          },
          "endDateTime": {
            "dateTime": {
              "date": {
                "year": 2022,
                "month": 2,
                "day": 22
              },
              "time": {
                "hour": 8,
                "minute": 34,
                "second": 35,
                "nano": 914000000
              }
            },
            "offset": {
              "totalSeconds": 0
            },
            "zone": {
              "totalSeconds": 0
            }
          },
          "duration": "00h:00m:00s",
          "statusEnum": "PASSED",
          "status": "PASSED",
          "testMethods": [
            {
              "id": "BEFOREHook_1645518875899_1",
              "testMethodId": "BEFOREHook_1645518875899_1",
              "name": "BEFOREHook",
              "configuration": true,
              "methodType": "TestMethod",
              "startDateTime": {
                "dateTime": {
                  "date": {
                    "year": 2022,
                    "month": 2,
                    "day": 22
                  },
                  "time": {
                    "hour": 8,
                    "minute": 34,
                    "second": 35,
                    "nano": 899000000
                  }
                },
                "offset": {
                  "totalSeconds": 0
                },
                "zone": {
                  "totalSeconds": 0
                }
              },
              "endDateTime": {
                "dateTime": {
                  "date": {
                    "year": 2022,
                    "month": 2,
                    "day": 22
                  },
                  "time": {
                    "hour": 8,
                    "minute": 34,
                    "second": 35,
                    "nano": 899000000
                  }
                },
                "offset": {
                  "totalSeconds": 0
                },
                "zone": {
                  "totalSeconds": 0
                }
              },
              "duration": "00h:00m:00s",
              "statusEnum": "PASSED",
              "status": "PASSED",
              "testClass": "io.cucumber.core.runner.HookTestStep",
              "test": "Edit Household Page Navigation Validation",
              "parameters": [],
              "suite": "Sanity Test Cases for QA Pull",
              "logOutput": [],
              "resourceMetaDataList": [],
              "userInterfaces": [],
              "webservices": []
            },
            {
              "id": "I login into ClientWorks application_1645518875901_1",
              "testMethodId": "I login into ClientWorks application_1645518875901_1",
              "name": "I login into ClientWorks application",
              "description": "Given ",
              "configuration": false,
              "methodType": "Step",
              "startDateTime": {
                "dateTime": {
                  "date": {
                    "year": 2022,
                    "month": 2,
                    "day": 22
                  },
                  "time": {
                    "hour": 8,
                    "minute": 34,
                    "second": 35,
                    "nano": 901000000
                  }
                },
                "offset": {
                  "totalSeconds": 0
                },
                "zone": {
                  "totalSeconds": 0
                }
              },
              "endDateTime": {
                "dateTime": {
                  "date": {
                    "year": 2022,
                    "month": 2,
                    "day": 22
                  },
                  "time": {
                    "hour": 8,
                    "minute": 34,
                    "second": 35,
                    "nano": 901000000
                  }
                },
                "offset": {
                  "totalSeconds": 0
                },
                "zone": {
                  "totalSeconds": 0
                }
              },
              "duration": "00h:00m:00s",
              "statusEnum": "PASSED",
              "status": "PASSED",
              "testClass": "io.cucumber.core.runner.PickleStepTestStep",
              "test": "Edit Household Page Navigation Validation",
              "parameters": [],
              "suite": "Sanity Test Cases for QA Pull",
              "logOutput": [],
              "resourceMetaDataList": [],
              "userInterfaces": [],
              "webservices": []
            },
            {
              "id": "I should view Client Management Page is displayed_1645518875902_1",
              "testMethodId": "I should view Client Management Page is displayed_1645518875902_1",
              "name": "I should view Client Management Page is displayed",
              "description": "Then ",
              "configuration": false,
              "methodType": "Step",
              "startDateTime": {
                "dateTime": {
                  "date": {
                    "year": 2022,
                    "month": 2,
                    "day": 22
                  },
                  "time": {
                    "hour": 8,
                    "minute": 34,
                    "second": 35,
                    "nano": 902000000
                  }
                },
                "offset": {
                  "totalSeconds": 0
                },
                "zone": {
                  "totalSeconds": 0
                }
              },
              "endDateTime": {
                "dateTime": {
                  "date": {
                    "year": 2022,
                    "month": 2,
                    "day": 22
                  },
                  "time": {
                    "hour": 8,
                    "minute": 34,
                    "second": 35,
                    "nano": 902000000
                  }
                },
                "offset": {
                  "totalSeconds": 0
                },
                "zone": {
                  "totalSeconds": 0
                }
              },
              "duration": "00h:00m:00s",
              "statusEnum": "PASSED",
              "status": "PASSED",
              "testClass": "io.cucumber.core.runner.PickleStepTestStep",
              "test": "Edit Household Page Navigation Validation",
              "parameters": [],
              "suite": "Sanity Test Cases for QA Pull",
              "logOutput": [],
              "resourceMetaDataList": [],
              "userInterfaces": [],
              "webservices": []
            },
            {
              "id": "I should navigate into Groups tab_1645518875902_1",
              "testMethodId": "I should navigate into Groups tab_1645518875902_1",
              "name": "I should navigate into Groups tab",
              "description": "And ",
              "configuration": false,
              "methodType": "Step",
              "startDateTime": {
                "dateTime": {
                  "date": {
                    "year": 2022,
                    "month": 2,
                    "day": 22
                  },
                  "time": {
                    "hour": 8,
                    "minute": 34,
                    "second": 35,
                    "nano": 902000000
                  }
                },
                "offset": {
                  "totalSeconds": 0
                },
                "zone": {
                  "totalSeconds": 0
                }
              },
              "endDateTime": {
                "dateTime": {
                  "date": {
                    "year": 2022,
                    "month": 2,
                    "day": 22
                  },
                  "time": {
                    "hour": 8,
                    "minute": 34,
                    "second": 35,
                    "nano": 902000000
                  }
                },
                "offset": {
                  "totalSeconds": 0
                },
                "zone": {
                  "totalSeconds": 0
                }
              },
              "duration": "00h:00m:00s",
              "statusEnum": "PASSED",
              "status": "PASSED",
              "testClass": "io.cucumber.core.runner.PickleStepTestStep",
              "test": "Edit Household Page Navigation Validation",
              "parameters": [],
              "suite": "Sanity Test Cases for QA Pull",
              "logOutput": [],
              "resourceMetaDataList": [],
              "userInterfaces": [],
              "webservices": []
            },
            {
              "id": "I enter Groupname_1645518875903_1",
              "testMethodId": "I enter Groupname_1645518875903_1",
              "name": "I enter Groupname",
              "description": "When ",
              "configuration": false,
              "methodType": "Step",
              "startDateTime": {
                "dateTime": {
                  "date": {
                    "year": 2022,
                    "month": 2,
                    "day": 22
                  },
                  "time": {
                    "hour": 8,
                    "minute": 34,
                    "second": 35,
                    "nano": 903000000
                  }
                },
                "offset": {
                  "totalSeconds": 0
                },
                "zone": {
                  "totalSeconds": 0
                }
              },
              "endDateTime": {
                "dateTime": {
                  "date": {
                    "year": 2022,
                    "month": 2,
                    "day": 22
                  },
                  "time": {
                    "hour": 8,
                    "minute": 34,
                    "second": 35,
                    "nano": 903000000
                  }
                },
                "offset": {
                  "totalSeconds": 0
                },
                "zone": {
                  "totalSeconds": 0
                }
              },
              "duration": "00h:00m:00s",
              "statusEnum": "PASSED",
              "status": "PASSED",
              "testClass": "io.cucumber.core.runner.PickleStepTestStep",
              "test": "Edit Household Page Navigation Validation",
              "parameters": [],
              "suite": "Sanity Test Cases for QA Pull",
              "logOutput": [],
              "resourceMetaDataList": [],
              "userInterfaces": [],
              "webservices": []
            },
            {
              "id": "I click on search button_1645518875904_1",
              "testMethodId": "I click on search button_1645518875904_1",
              "name": "I click on search button",
              "description": "Then ",
              "configuration": false,
              "methodType": "Step",
              "startDateTime": {
                "dateTime": {
                  "date": {
                    "year": 2022,
                    "month": 2,
                    "day": 22
                  },
                  "time": {
                    "hour": 8,
                    "minute": 34,
                    "second": 35,
                    "nano": 904000000
                  }
                },
                "offset": {
                  "totalSeconds": 0
                },
                "zone": {
                  "totalSeconds": 0
                }
              },
              "endDateTime": {
                "dateTime": {
                  "date": {
                    "year": 2022,
                    "month": 2,
                    "day": 22
                  },
                  "time": {
                    "hour": 8,
                    "minute": 34,
                    "second": 35,
                    "nano": 904000000
                  }
                },
                "offset": {
                  "totalSeconds": 0
                },
                "zone": {
                  "totalSeconds": 0
                }
              },
              "duration": "00h:00m:00s",
              "statusEnum": "PASSED",
              "status": "PASSED",
              "testClass": "io.cucumber.core.runner.PickleStepTestStep",
              "test": "Edit Household Page Navigation Validation",
              "parameters": [],
              "suite": "Sanity Test Cases for QA Pull",
              "logOutput": [],
              "resourceMetaDataList": [],
              "userInterfaces": [],
              "webservices": []
            },
            {
              "id": "I click on a hyperlinked Household Group name_1645518875904_1",
              "testMethodId": "I click on a hyperlinked Household Group name_1645518875904_1",
              "name": "I click on a hyperlinked Household Group name",
              "description": "When ",
              "configuration": false,
              "methodType": "Step",
              "startDateTime": {
                "dateTime": {
                  "date": {
                    "year": 2022,
                    "month": 2,
                    "day": 22
                  },
                  "time": {
                    "hour": 8,
                    "minute": 34,
                    "second": 35,
                    "nano": 904000000
                  }
                },
                "offset": {
                  "totalSeconds": 0
                },
                "zone": {
                  "totalSeconds": 0
                }
              },
              "endDateTime": {
                "dateTime": {
                  "date": {
                    "year": 2022,
                    "month": 2,
                    "day": 22
                  },
                  "time": {
                    "hour": 8,
                    "minute": 34,
                    "second": 35,
                    "nano": 905000000
                  }
                },
                "offset": {
                  "totalSeconds": 0
                },
                "zone": {
                  "totalSeconds": 0
                }
              },
              "duration": "00h:00m:00s",
              "statusEnum": "PASSED",
              "status": "PASSED",
              "testClass": "io.cucumber.core.runner.PickleStepTestStep",
              "test": "Edit Household Page Navigation Validation",
              "parameters": [],
              "suite": "Sanity Test Cases for QA Pull",
              "logOutput": [],
              "resourceMetaDataList": [],
              "userInterfaces": [],
              "webservices": []
            },
            {
              "id": "I should see household group Dashboard page_1645518875905_1",
              "testMethodId": "I should see household group Dashboard page_1645518875905_1",
              "name": "I should see household group Dashboard page",
              "description": "Then ",
              "configuration": false,
              "methodType": "Step",
              "startDateTime": {
                "dateTime": {
                  "date": {
                    "year": 2022,
                    "month": 2,
                    "day": 22
                  },
                  "time": {
                    "hour": 8,
                    "minute": 34,
                    "second": 35,
                    "nano": 905000000
                  }
                },
                "offset": {
                  "totalSeconds": 0
                },
                "zone": {
                  "totalSeconds": 0
                }
              },
              "endDateTime": {
                "dateTime": {
                  "date": {
                    "year": 2022,
                    "month": 2,
                    "day": 22
                  },
                  "time": {
                    "hour": 8,
                    "minute": 34,
                    "second": 35,
                    "nano": 905000000
                  }
                },
                "offset": {
                  "totalSeconds": 0
                },
                "zone": {
                  "totalSeconds": 0
                }
              },
              "duration": "00h:00m:00s",
              "statusEnum": "PASSED",
              "status": "PASSED",
              "testClass": "io.cucumber.core.runner.PickleStepTestStep",
              "test": "Edit Household Page Navigation Validation",
              "parameters": [],
              "suite": "Sanity Test Cases for QA Pull",
              "logOutput": [],
              "resourceMetaDataList": [],
              "userInterfaces": [],
              "webservices": []
            },
            {
              "id": "I click on Edit Summary Button_1645518875906_1",
              "testMethodId": "I click on Edit Summary Button_1645518875906_1",
              "name": "I click on Edit Summary Button",
              "description": "When ",
              "configuration": false,
              "methodType": "Step",
              "startDateTime": {
                "dateTime": {
                  "date": {
                    "year": 2022,
                    "month": 2,
                    "day": 22
                  },
                  "time": {
                    "hour": 8,
                    "minute": 34,
                    "second": 35,
                    "nano": 906000000
                  }
                },
                "offset": {
                  "totalSeconds": 0
                },
                "zone": {
                  "totalSeconds": 0
                }
              },
              "endDateTime": {
                "dateTime": {
                  "date": {
                    "year": 2022,
                    "month": 2,
                    "day": 22
                  },
                  "time": {
                    "hour": 8,
                    "minute": 34,
                    "second": 35,
                    "nano": 906000000
                  }
                },
                "offset": {
                  "totalSeconds": 0
                },
                "zone": {
                  "totalSeconds": 0
                }
              },
              "duration": "00h:00m:00s",
              "statusEnum": "PASSED",
              "status": "PASSED",
              "testClass": "io.cucumber.core.runner.PickleStepTestStep",
              "test": "Edit Household Page Navigation Validation",
              "parameters": [],
              "suite": "Sanity Test Cases for QA Pull",
              "logOutput": [],
              "resourceMetaDataList": [],
              "userInterfaces": [],
              "webservices": []
            },
            {
              "id": "I click on edit HH pencil icon_1645518875906_1",
              "testMethodId": "I click on edit HH pencil icon_1645518875906_1",
              "name": "I click on edit HH pencil icon",
              "description": "When ",
              "configuration": false,
              "methodType": "Step",
              "startDateTime": {
                "dateTime": {
                  "date": {
                    "year": 2022,
                    "month": 2,
                    "day": 22
                  },
                  "time": {
                    "hour": 8,
                    "minute": 34,
                    "second": 35,
                    "nano": 906000000
                  }
                },
                "offset": {
                  "totalSeconds": 0
                },
                "zone": {
                  "totalSeconds": 0
                }
              },
              "endDateTime": {
                "dateTime": {
                  "date": {
                    "year": 2022,
                    "month": 2,
                    "day": 22
                  },
                  "time": {
                    "hour": 8,
                    "minute": 34,
                    "second": 35,
                    "nano": 907000000
                  }
                },
                "offset": {
                  "totalSeconds": 0
                },
                "zone": {
                  "totalSeconds": 0
                }
              },
              "duration": "00h:00m:00s",
              "statusEnum": "PASSED",
              "status": "PASSED",
              "testClass": "io.cucumber.core.runner.PickleStepTestStep",
              "test": "Edit Household Page Navigation Validation",
              "parameters": [],
              "suite": "Sanity Test Cases for QA Pull",
              "logOutput": [],
              "resourceMetaDataList": [],
              "userInterfaces": [],
              "webservices": []
            },
            {
              "id": "I should see Edit Household Page_1645518875907_1",
              "testMethodId": "I should see Edit Household Page_1645518875907_1",
              "name": "I should see Edit Household Page",
              "description": "Then ",
              "configuration": false,
              "methodType": "Step",
              "startDateTime": {
                "dateTime": {
                  "date": {
                    "year": 2022,
                    "month": 2,
                    "day": 22
                  },
                  "time": {
                    "hour": 8,
                    "minute": 34,
                    "second": 35,
                    "nano": 907000000
                  }
                },
                "offset": {
                  "totalSeconds": 0
                },
                "zone": {
                  "totalSeconds": 0
                }
              },
              "endDateTime": {
                "dateTime": {
                  "date": {
                    "year": 2022,
                    "month": 2,
                    "day": 22
                  },
                  "time": {
                    "hour": 8,
                    "minute": 34,
                    "second": 35,
                    "nano": 907000000
                  }
                },
                "offset": {
                  "totalSeconds": 0
                },
                "zone": {
                  "totalSeconds": 0
                }
              },
              "duration": "00h:00m:00s",
              "statusEnum": "PASSED",
              "status": "PASSED",
              "testClass": "io.cucumber.core.runner.PickleStepTestStep",
              "test": "Edit Household Page Navigation Validation",
              "parameters": [],
              "suite": "Sanity Test Cases for QA Pull",
              "logOutput": [],
              "resourceMetaDataList": [],
              "userInterfaces": [],
              "webservices": []
            },
            {
              "id": "I click on edit group name_1645518875908_1",
              "testMethodId": "I click on edit group name_1645518875908_1",
              "name": "I click on edit group name",
              "description": "When ",
              "configuration": false,
              "methodType": "Step",
              "startDateTime": {
                "dateTime": {
                  "date": {
                    "year": 2022,
                    "month": 2,
                    "day": 22
                  },
                  "time": {
                    "hour": 8,
                    "minute": 34,
                    "second": 35,
                    "nano": 908000000
                  }
                },
                "offset": {
                  "totalSeconds": 0
                },
                "zone": {
                  "totalSeconds": 0
                }
              },
              "endDateTime": {
                "dateTime": {
                  "date": {
                    "year": 2022,
                    "month": 2,
                    "day": 22
                  },
                  "time": {
                    "hour": 8,
                    "minute": 34,
                    "second": 35,
                    "nano": 908000000
                  }
                },
                "offset": {
                  "totalSeconds": 0
                },
                "zone": {
                  "totalSeconds": 0
                }
              },
              "duration": "00h:00m:00s",
              "statusEnum": "PASSED",
              "status": "PASSED",
              "testClass": "io.cucumber.core.runner.PickleStepTestStep",
              "test": "Edit Household Page Navigation Validation",
              "parameters": [],
              "suite": "Sanity Test Cases for QA Pull",
              "logOutput": [],
              "resourceMetaDataList": [],
              "userInterfaces": [],
              "webservices": []
            },
            {
              "id": "I clear and enter group name with exceeding characters_1645518875908_1",
              "testMethodId": "I clear and enter group name with exceeding characters_1645518875908_1",
              "name": "I clear and enter group name with exceeding characters",
              "description": "When ",
              "configuration": false,
              "methodType": "Step",
              "startDateTime": {
                "dateTime": {
                  "date": {
                    "year": 2022,
                    "month": 2,
                    "day": 22
                  },
                  "time": {
                    "hour": 8,
                    "minute": 34,
                    "second": 35,
                    "nano": 908000000
                  }
                },
                "offset": {
                  "totalSeconds": 0
                },
                "zone": {
                  "totalSeconds": 0
                }
              },
              "endDateTime": {
                "dateTime": {
                  "date": {
                    "year": 2022,
                    "month": 2,
                    "day": 22
                  },
                  "time": {
                    "hour": 8,
                    "minute": 34,
                    "second": 35,
                    "nano": 908000000
                  }
                },
                "offset": {
                  "totalSeconds": 0
                },
                "zone": {
                  "totalSeconds": 0
                }
              },
              "duration": "00h:00m:00s",
              "statusEnum": "PASSED",
              "status": "PASSED",
              "testClass": "io.cucumber.core.runner.PickleStepTestStep",
              "test": "Edit Household Page Navigation Validation",
              "parameters": [],
              "suite": "Sanity Test Cases for QA Pull",
              "logOutput": [],
              "resourceMetaDataList": [],
              "userInterfaces": [],
              "webservices": []
            },
            {
              "id": "I see execeeding length error message_1645518875909_1",
              "testMethodId": "I see execeeding length error message_1645518875909_1",
              "name": "I see execeeding length error message",
              "description": "Then ",
              "configuration": false,
              "methodType": "Step",
              "startDateTime": {
                "dateTime": {
                  "date": {
                    "year": 2022,
                    "month": 2,
                    "day": 22
                  },
                  "time": {
                    "hour": 8,
                    "minute": 34,
                    "second": 35,
                    "nano": 909000000
                  }
                },
                "offset": {
                  "totalSeconds": 0
                },
                "zone": {
                  "totalSeconds": 0
                }
              },
              "endDateTime": {
                "dateTime": {
                  "date": {
                    "year": 2022,
                    "month": 2,
                    "day": 22
                  },
                  "time": {
                    "hour": 8,
                    "minute": 34,
                    "second": 35,
                    "nano": 909000000
                  }
                },
                "offset": {
                  "totalSeconds": 0
                },
                "zone": {
                  "totalSeconds": 0
                }
              },
              "duration": "00h:00m:00s",
              "statusEnum": "PASSED",
              "status": "PASSED",
              "testClass": "io.cucumber.core.runner.PickleStepTestStep",
              "test": "Edit Household Page Navigation Validation",
              "parameters": [],
              "suite": "Sanity Test Cases for QA Pull",
              "logOutput": [],
              "resourceMetaDataList": [],
              "userInterfaces": [],
              "webservices": []
            },
            {
              "id": "AFTERHook_1645518875909_1",
              "testMethodId": "AFTERHook_1645518875909_1",
              "name": "AFTERHook",
              "configuration": true,
              "methodType": "TestMethod",
              "startDateTime": {
                "dateTime": {
                  "date": {
                    "year": 2022,
                    "month": 2,
                    "day": 22
                  },
                  "time": {
                    "hour": 8,
                    "minute": 34,
                    "second": 35,
                    "nano": 909000000
                  }
                },
                "offset": {
                  "totalSeconds": 0
                },
                "zone": {
                  "totalSeconds": 0
                }
              },
              "endDateTime": {
                "dateTime": {
                  "date": {
                    "year": 2022,
                    "month": 2,
                    "day": 22
                  },
                  "time": {
                    "hour": 8,
                    "minute": 34,
                    "second": 35,
                    "nano": 909000000
                  }
                },
                "offset": {
                  "totalSeconds": 0
                },
                "zone": {
                  "totalSeconds": 0
                }
              },
              "duration": "00h:00m:00s",
              "statusEnum": "PASSED",
              "status": "PASSED",
              "testClass": "io.cucumber.core.runner.HookTestStep",
              "test": "Edit Household Page Navigation Validation",
              "parameters": [],
              "suite": "Sanity Test Cases for QA Pull",
              "logOutput": [],
              "resourceMetaDataList": [],
              "userInterfaces": [],
              "webservices": []
            }
          ]
        }
      ]
    }
  ],
  "testMethodList": [
    {
      "id": "BEFOREHook_1645518875899_1",
      "testMethodId": "BEFOREHook_1645518875899_1",
      "name": "BEFOREHook",
      "configuration": true,
      "methodType": "TestMethod",
      "startDateTime": {
        "dateTime": {
          "date": {
            "year": 2022,
            "month": 2,
            "day": 22
          },
          "time": {
            "hour": 8,
            "minute": 34,
            "second": 35,
            "nano": 899000000
          }
        },
        "offset": {
          "totalSeconds": 0
        },
        "zone": {
          "totalSeconds": 0
        }
      },
      "endDateTime": {
        "dateTime": {
          "date": {
            "year": 2022,
            "month": 2,
            "day": 22
          },
          "time": {
            "hour": 8,
            "minute": 34,
            "second": 35,
            "nano": 899000000
          }
        },
        "offset": {
          "totalSeconds": 0
        },
        "zone": {
          "totalSeconds": 0
        }
      },
      "duration": "00h:00m:00s",
      "statusEnum": "PASSED",
      "status": "PASSED",
      "testClass": "io.cucumber.core.runner.HookTestStep",
      "test": "Edit Household Page Navigation Validation",
      "parameters": [],
      "suite": "Sanity Test Cases for QA Pull",
      "logOutput": [],
      "resourceMetaDataList": [],
      "userInterfaces": [],
      "webservices": []
    },
    {
      "id": "I login into ClientWorks application_1645518875901_1",
      "testMethodId": "I login into ClientWorks application_1645518875901_1",
      "name": "I login into ClientWorks application",
      "description": "Given ",
      "configuration": false,
      "methodType": "Step",
      "startDateTime": {
        "dateTime": {
          "date": {
            "year": 2022,
            "month": 2,
            "day": 22
          },
          "time": {
            "hour": 8,
            "minute": 34,
            "second": 35,
            "nano": 901000000
          }
        },
        "offset": {
          "totalSeconds": 0
        },
        "zone": {
          "totalSeconds": 0
        }
      },
      "endDateTime": {
        "dateTime": {
          "date": {
            "year": 2022,
            "month": 2,
            "day": 22
          },
          "time": {
            "hour": 8,
            "minute": 34,
            "second": 35,
            "nano": 901000000
          }
        },
        "offset": {
          "totalSeconds": 0
        },
        "zone": {
          "totalSeconds": 0
        }
      },
      "duration": "00h:00m:00s",
      "statusEnum": "PASSED",
      "status": "PASSED",
      "testClass": "io.cucumber.core.runner.PickleStepTestStep",
      "test": "Edit Household Page Navigation Validation",
      "parameters": [],
      "suite": "Sanity Test Cases for QA Pull",
      "logOutput": [],
      "resourceMetaDataList": [],
      "userInterfaces": [],
      "webservices": []
    },
    {
      "id": "I should view Client Management Page is displayed_1645518875902_1",
      "testMethodId": "I should view Client Management Page is displayed_1645518875902_1",
      "name": "I should view Client Management Page is displayed",
      "description": "Then ",
      "configuration": false,
      "methodType": "Step",
      "startDateTime": {
        "dateTime": {
          "date": {
            "year": 2022,
            "month": 2,
            "day": 22
          },
          "time": {
            "hour": 8,
            "minute": 34,
            "second": 35,
            "nano": 902000000
          }
        },
        "offset": {
          "totalSeconds": 0
        },
        "zone": {
          "totalSeconds": 0
        }
      },
      "endDateTime": {
        "dateTime": {
          "date": {
            "year": 2022,
            "month": 2,
            "day": 22
          },
          "time": {
            "hour": 8,
            "minute": 34,
            "second": 35,
            "nano": 902000000
          }
        },
        "offset": {
          "totalSeconds": 0
        },
        "zone": {
          "totalSeconds": 0
        }
      },
      "duration": "00h:00m:00s",
      "statusEnum": "PASSED",
      "status": "PASSED",
      "testClass": "io.cucumber.core.runner.PickleStepTestStep",
      "test": "Edit Household Page Navigation Validation",
      "parameters": [],
      "suite": "Sanity Test Cases for QA Pull",
      "logOutput": [],
      "resourceMetaDataList": [],
      "userInterfaces": [],
      "webservices": []
    },
    {
      "id": "I should navigate into Groups tab_1645518875902_1",
      "testMethodId": "I should navigate into Groups tab_1645518875902_1",
      "name": "I should navigate into Groups tab",
      "description": "And ",
      "configuration": false,
      "methodType": "Step",
      "startDateTime": {
        "dateTime": {
          "date": {
            "year": 2022,
            "month": 2,
            "day": 22
          },
          "time": {
            "hour": 8,
            "minute": 34,
            "second": 35,
            "nano": 902000000
          }
        },
        "offset": {
          "totalSeconds": 0
        },
        "zone": {
          "totalSeconds": 0
        }
      },
      "endDateTime": {
        "dateTime": {
          "date": {
            "year": 2022,
            "month": 2,
            "day": 22
          },
          "time": {
            "hour": 8,
            "minute": 34,
            "second": 35,
            "nano": 902000000
          }
        },
        "offset": {
          "totalSeconds": 0
        },
        "zone": {
          "totalSeconds": 0
        }
      },
      "duration": "00h:00m:00s",
      "statusEnum": "PASSED",
      "status": "PASSED",
      "testClass": "io.cucumber.core.runner.PickleStepTestStep",
      "test": "Edit Household Page Navigation Validation",
      "parameters": [],
      "suite": "Sanity Test Cases for QA Pull",
      "logOutput": [],
      "resourceMetaDataList": [],
      "userInterfaces": [],
      "webservices": []
    },
    {
      "id": "I enter Groupname_1645518875903_1",
      "testMethodId": "I enter Groupname_1645518875903_1",
      "name": "I enter Groupname",
      "description": "When ",
      "configuration": false,
      "methodType": "Step",
      "startDateTime": {
        "dateTime": {
          "date": {
            "year": 2022,
            "month": 2,
            "day": 22
          },
          "time": {
            "hour": 8,
            "minute": 34,
            "second": 35,
            "nano": 903000000
          }
        },
        "offset": {
          "totalSeconds": 0
        },
        "zone": {
          "totalSeconds": 0
        }
      },
      "endDateTime": {
        "dateTime": {
          "date": {
            "year": 2022,
            "month": 2,
            "day": 22
          },
          "time": {
            "hour": 8,
            "minute": 34,
            "second": 35,
            "nano": 903000000
          }
        },
        "offset": {
          "totalSeconds": 0
        },
        "zone": {
          "totalSeconds": 0
        }
      },
      "duration": "00h:00m:00s",
      "statusEnum": "PASSED",
      "status": "PASSED",
      "testClass": "io.cucumber.core.runner.PickleStepTestStep",
      "test": "Edit Household Page Navigation Validation",
      "parameters": [],
      "suite": "Sanity Test Cases for QA Pull",
      "logOutput": [],
      "resourceMetaDataList": [],
      "userInterfaces": [],
      "webservices": []
    },
    {
      "id": "I click on search button_1645518875904_1",
      "testMethodId": "I click on search button_1645518875904_1",
      "name": "I click on search button",
      "description": "Then ",
      "configuration": false,
      "methodType": "Step",
      "startDateTime": {
        "dateTime": {
          "date": {
            "year": 2022,
            "month": 2,
            "day": 22
          },
          "time": {
            "hour": 8,
            "minute": 34,
            "second": 35,
            "nano": 904000000
          }
        },
        "offset": {
          "totalSeconds": 0
        },
        "zone": {
          "totalSeconds": 0
        }
      },
      "endDateTime": {
        "dateTime": {
          "date": {
            "year": 2022,
            "month": 2,
            "day": 22
          },
          "time": {
            "hour": 8,
            "minute": 34,
            "second": 35,
            "nano": 904000000
          }
        },
        "offset": {
          "totalSeconds": 0
        },
        "zone": {
          "totalSeconds": 0
        }
      },
      "duration": "00h:00m:00s",
      "statusEnum": "PASSED",
      "status": "PASSED",
      "testClass": "io.cucumber.core.runner.PickleStepTestStep",
      "test": "Edit Household Page Navigation Validation",
      "parameters": [],
      "suite": "Sanity Test Cases for QA Pull",
      "logOutput": [],
      "resourceMetaDataList": [],
      "userInterfaces": [],
      "webservices": []
    },
    {
      "id": "I click on a hyperlinked Household Group name_1645518875904_1",
      "testMethodId": "I click on a hyperlinked Household Group name_1645518875904_1",
      "name": "I click on a hyperlinked Household Group name",
      "description": "When ",
      "configuration": false,
      "methodType": "Step",
      "startDateTime": {
        "dateTime": {
          "date": {
            "year": 2022,
            "month": 2,
            "day": 22
          },
          "time": {
            "hour": 8,
            "minute": 34,
            "second": 35,
            "nano": 904000000
          }
        },
        "offset": {
          "totalSeconds": 0
        },
        "zone": {
          "totalSeconds": 0
        }
      },
      "endDateTime": {
        "dateTime": {
          "date": {
            "year": 2022,
            "month": 2,
            "day": 22
          },
          "time": {
            "hour": 8,
            "minute": 34,
            "second": 35,
            "nano": 905000000
          }
        },
        "offset": {
          "totalSeconds": 0
        },
        "zone": {
          "totalSeconds": 0
        }
      },
      "duration": "00h:00m:00s",
      "statusEnum": "PASSED",
      "status": "PASSED",
      "testClass": "io.cucumber.core.runner.PickleStepTestStep",
      "test": "Edit Household Page Navigation Validation",
      "parameters": [],
      "suite": "Sanity Test Cases for QA Pull",
      "logOutput": [],
      "resourceMetaDataList": [],
      "userInterfaces": [],
      "webservices": []
    },
    {
      "id": "I should see household group Dashboard page_1645518875905_1",
      "testMethodId": "I should see household group Dashboard page_1645518875905_1",
      "name": "I should see household group Dashboard page",
      "description": "Then ",
      "configuration": false,
      "methodType": "Step",
      "startDateTime": {
        "dateTime": {
          "date": {
            "year": 2022,
            "month": 2,
            "day": 22
          },
          "time": {
            "hour": 8,
            "minute": 34,
            "second": 35,
            "nano": 905000000
          }
        },
        "offset": {
          "totalSeconds": 0
        },
        "zone": {
          "totalSeconds": 0
        }
      },
      "endDateTime": {
        "dateTime": {
          "date": {
            "year": 2022,
            "month": 2,
            "day": 22
          },
          "time": {
            "hour": 8,
            "minute": 34,
            "second": 35,
            "nano": 905000000
          }
        },
        "offset": {
          "totalSeconds": 0
        },
        "zone": {
          "totalSeconds": 0
        }
      },
      "duration": "00h:00m:00s",
      "statusEnum": "PASSED",
      "status": "PASSED",
      "testClass": "io.cucumber.core.runner.PickleStepTestStep",
      "test": "Edit Household Page Navigation Validation",
      "parameters": [],
      "suite": "Sanity Test Cases for QA Pull",
      "logOutput": [],
      "resourceMetaDataList": [],
      "userInterfaces": [],
      "webservices": []
    },
    {
      "id": "I click on Edit Summary Button_1645518875906_1",
      "testMethodId": "I click on Edit Summary Button_1645518875906_1",
      "name": "I click on Edit Summary Button",
      "description": "When ",
      "configuration": false,
      "methodType": "Step",
      "startDateTime": {
        "dateTime": {
          "date": {
            "year": 2022,
            "month": 2,
            "day": 22
          },
          "time": {
            "hour": 8,
            "minute": 34,
            "second": 35,
            "nano": 906000000
          }
        },
        "offset": {
          "totalSeconds": 0
        },
        "zone": {
          "totalSeconds": 0
        }
      },
      "endDateTime": {
        "dateTime": {
          "date": {
            "year": 2022,
            "month": 2,
            "day": 22
          },
          "time": {
            "hour": 8,
            "minute": 34,
            "second": 35,
            "nano": 906000000
          }
        },
        "offset": {
          "totalSeconds": 0
        },
        "zone": {
          "totalSeconds": 0
        }
      },
      "duration": "00h:00m:00s",
      "statusEnum": "PASSED",
      "status": "PASSED",
      "testClass": "io.cucumber.core.runner.PickleStepTestStep",
      "test": "Edit Household Page Navigation Validation",
      "parameters": [],
      "suite": "Sanity Test Cases for QA Pull",
      "logOutput": [],
      "resourceMetaDataList": [],
      "userInterfaces": [],
      "webservices": []
    },
    {
      "id": "I click on edit HH pencil icon_1645518875906_1",
      "testMethodId": "I click on edit HH pencil icon_1645518875906_1",
      "name": "I click on edit HH pencil icon",
      "description": "When ",
      "configuration": false,
      "methodType": "Step",
      "startDateTime": {
        "dateTime": {
          "date": {
            "year": 2022,
            "month": 2,
            "day": 22
          },
          "time": {
            "hour": 8,
            "minute": 34,
            "second": 35,
            "nano": 906000000
          }
        },
        "offset": {
          "totalSeconds": 0
        },
        "zone": {
          "totalSeconds": 0
        }
      },
      "endDateTime": {
        "dateTime": {
          "date": {
            "year": 2022,
            "month": 2,
            "day": 22
          },
          "time": {
            "hour": 8,
            "minute": 34,
            "second": 35,
            "nano": 907000000
          }
        },
        "offset": {
          "totalSeconds": 0
        },
        "zone": {
          "totalSeconds": 0
        }
      },
      "duration": "00h:00m:00s",
      "statusEnum": "PASSED",
      "status": "PASSED",
      "testClass": "io.cucumber.core.runner.PickleStepTestStep",
      "test": "Edit Household Page Navigation Validation",
      "parameters": [],
      "suite": "Sanity Test Cases for QA Pull",
      "logOutput": [],
      "resourceMetaDataList": [],
      "userInterfaces": [],
      "webservices": []
    },
    {
      "id": "I should see Edit Household Page_1645518875907_1",
      "testMethodId": "I should see Edit Household Page_1645518875907_1",
      "name": "I should see Edit Household Page",
      "description": "Then ",
      "configuration": false,
      "methodType": "Step",
      "startDateTime": {
        "dateTime": {
          "date": {
            "year": 2022,
            "month": 2,
            "day": 22
          },
          "time": {
            "hour": 8,
            "minute": 34,
            "second": 35,
            "nano": 907000000
          }
        },
        "offset": {
          "totalSeconds": 0
        },
        "zone": {
          "totalSeconds": 0
        }
      },
      "endDateTime": {
        "dateTime": {
          "date": {
            "year": 2022,
            "month": 2,
            "day": 22
          },
          "time": {
            "hour": 8,
            "minute": 34,
            "second": 35,
            "nano": 907000000
          }
        },
        "offset": {
          "totalSeconds": 0
        },
        "zone": {
          "totalSeconds": 0
        }
      },
      "duration": "00h:00m:00s",
      "statusEnum": "PASSED",
      "status": "PASSED",
      "testClass": "io.cucumber.core.runner.PickleStepTestStep",
      "test": "Edit Household Page Navigation Validation",
      "parameters": [],
      "suite": "Sanity Test Cases for QA Pull",
      "logOutput": [],
      "resourceMetaDataList": [],
      "userInterfaces": [],
      "webservices": []
    },
    {
      "id": "I click on edit group name_1645518875908_1",
      "testMethodId": "I click on edit group name_1645518875908_1",
      "name": "I click on edit group name",
      "description": "When ",
      "configuration": false,
      "methodType": "Step",
      "startDateTime": {
        "dateTime": {
          "date": {
            "year": 2022,
            "month": 2,
            "day": 22
          },
          "time": {
            "hour": 8,
            "minute": 34,
            "second": 35,
            "nano": 908000000
          }
        },
        "offset": {
          "totalSeconds": 0
        },
        "zone": {
          "totalSeconds": 0
        }
      },
      "endDateTime": {
        "dateTime": {
          "date": {
            "year": 2022,
            "month": 2,
            "day": 22
          },
          "time": {
            "hour": 8,
            "minute": 34,
            "second": 35,
            "nano": 908000000
          }
        },
        "offset": {
          "totalSeconds": 0
        },
        "zone": {
          "totalSeconds": 0
        }
      },
      "duration": "00h:00m:00s",
      "statusEnum": "PASSED",
      "status": "PASSED",
      "testClass": "io.cucumber.core.runner.PickleStepTestStep",
      "test": "Edit Household Page Navigation Validation",
      "parameters": [],
      "suite": "Sanity Test Cases for QA Pull",
      "logOutput": [],
      "resourceMetaDataList": [],
      "userInterfaces": [],
      "webservices": []
    },
    {
      "id": "I clear and enter group name with exceeding characters_1645518875908_1",
      "testMethodId": "I clear and enter group name with exceeding characters_1645518875908_1",
      "name": "I clear and enter group name with exceeding characters",
      "description": "When ",
      "configuration": false,
      "methodType": "Step",
      "startDateTime": {
        "dateTime": {
          "date": {
            "year": 2022,
            "month": 2,
            "day": 22
          },
          "time": {
            "hour": 8,
            "minute": 34,
            "second": 35,
            "nano": 908000000
          }
        },
        "offset": {
          "totalSeconds": 0
        },
        "zone": {
          "totalSeconds": 0
        }
      },
      "endDateTime": {
        "dateTime": {
          "date": {
            "year": 2022,
            "month": 2,
            "day": 22
          },
          "time": {
            "hour": 8,
            "minute": 34,
            "second": 35,
            "nano": 908000000
          }
        },
        "offset": {
          "totalSeconds": 0
        },
        "zone": {
          "totalSeconds": 0
        }
      },
      "duration": "00h:00m:00s",
      "statusEnum": "PASSED",
      "status": "PASSED",
      "testClass": "io.cucumber.core.runner.PickleStepTestStep",
      "test": "Edit Household Page Navigation Validation",
      "parameters": [],
      "suite": "Sanity Test Cases for QA Pull",
      "logOutput": [],
      "resourceMetaDataList": [],
      "userInterfaces": [],
      "webservices": []
    },
    {
      "id": "I see execeeding length error message_1645518875909_1",
      "testMethodId": "I see execeeding length error message_1645518875909_1",
      "name": "I see execeeding length error message",
      "description": "Then ",
      "configuration": false,
      "methodType": "Step",
      "startDateTime": {
        "dateTime": {
          "date": {
            "year": 2022,
            "month": 2,
            "day": 22
          },
          "time": {
            "hour": 8,
            "minute": 34,
            "second": 35,
            "nano": 909000000
          }
        },
        "offset": {
          "totalSeconds": 0
        },
        "zone": {
          "totalSeconds": 0
        }
      },
      "endDateTime": {
        "dateTime": {
          "date": {
            "year": 2022,
            "month": 2,
            "day": 22
          },
          "time": {
            "hour": 8,
            "minute": 34,
            "second": 35,
            "nano": 909000000
          }
        },
        "offset": {
          "totalSeconds": 0
        },
        "zone": {
          "totalSeconds": 0
        }
      },
      "duration": "00h:00m:00s",
      "statusEnum": "PASSED",
      "status": "PASSED",
      "testClass": "io.cucumber.core.runner.PickleStepTestStep",
      "test": "Edit Household Page Navigation Validation",
      "parameters": [],
      "suite": "Sanity Test Cases for QA Pull",
      "logOutput": [],
      "resourceMetaDataList": [],
      "userInterfaces": [],
      "webservices": []
    },
    {
      "id": "AFTERHook_1645518875909_1",
      "testMethodId": "AFTERHook_1645518875909_1",
      "name": "AFTERHook",
      "configuration": true,
      "methodType": "TestMethod",
      "startDateTime": {
        "dateTime": {
          "date": {
            "year": 2022,
            "month": 2,
            "day": 22
          },
          "time": {
            "hour": 8,
            "minute": 34,
            "second": 35,
            "nano": 909000000
          }
        },
        "offset": {
          "totalSeconds": 0
        },
        "zone": {
          "totalSeconds": 0
        }
      },
      "endDateTime": {
        "dateTime": {
          "date": {
            "year": 2022,
            "month": 2,
            "day": 22
          },
          "time": {
            "hour": 8,
            "minute": 34,
            "second": 35,
            "nano": 909000000
          }
        },
        "offset": {
          "totalSeconds": 0
        },
        "zone": {
          "totalSeconds": 0
        }
      },
      "duration": "00h:00m:00s",
      "statusEnum": "PASSED",
      "status": "PASSED",
      "testClass": "io.cucumber.core.runner.HookTestStep",
      "test": "Edit Household Page Navigation Validation",
      "parameters": [],
      "suite": "Sanity Test Cases for QA Pull",
      "logOutput": [],
      "resourceMetaDataList": [],
      "userInterfaces": [],
      "webservices": []
    },
    {
      "id": "BEFOREHook_1645518875899_1",
      "testMethodId": "BEFOREHook_1645518875899_1",
      "name": "BEFOREHook",
      "configuration": true,
      "methodType": "TestMethod",
      "startDateTime": {
        "dateTime": {
          "date": {
            "year": 2022,
            "month": 2,
            "day": 22
          },
          "time": {
            "hour": 8,
            "minute": 34,
            "second": 35,
            "nano": 899000000
          }
        },
        "offset": {
          "totalSeconds": 0
        },
        "zone": {
          "totalSeconds": 0
        }
      },
      "endDateTime": {
        "dateTime": {
          "date": {
            "year": 2022,
            "month": 2,
            "day": 22
          },
          "time": {
            "hour": 8,
            "minute": 34,
            "second": 35,
            "nano": 899000000
          }
        },
        "offset": {
          "totalSeconds": 0
        },
        "zone": {
          "totalSeconds": 0
        }
      },
      "duration": "00h:00m:00s",
      "statusEnum": "PASSED",
      "status": "PASSED",
      "testClass": "io.cucumber.core.runner.HookTestStep",
      "test": "Edit Household Page Navigation Validation",
      "parameters": [],
      "suite": "Sanity Test Cases for QA Pull",
      "logOutput": [],
      "resourceMetaDataList": [],
      "userInterfaces": [],
      "webservices": []
    },
    {
      "id": "I login into ClientWorks application_1645518875901_1",
      "testMethodId": "I login into ClientWorks application_1645518875901_1",
      "name": "I login into ClientWorks application",
      "description": "Given ",
      "configuration": false,
      "methodType": "Step",
      "startDateTime": {
        "dateTime": {
          "date": {
            "year": 2022,
            "month": 2,
            "day": 22
          },
          "time": {
            "hour": 8,
            "minute": 34,
            "second": 35,
            "nano": 901000000
          }
        },
        "offset": {
          "totalSeconds": 0
        },
        "zone": {
          "totalSeconds": 0
        }
      },
      "endDateTime": {
        "dateTime": {
          "date": {
            "year": 2022,
            "month": 2,
            "day": 22
          },
          "time": {
            "hour": 8,
            "minute": 34,
            "second": 35,
            "nano": 901000000
          }
        },
        "offset": {
          "totalSeconds": 0
        },
        "zone": {
          "totalSeconds": 0
        }
      },
      "duration": "00h:00m:00s",
      "statusEnum": "PASSED",
      "status": "PASSED",
      "testClass": "io.cucumber.core.runner.PickleStepTestStep",
      "test": "Edit Household Page Navigation Validation",
      "parameters": [],
      "suite": "Sanity Test Cases for QA Pull",
      "logOutput": [],
      "resourceMetaDataList": [],
      "userInterfaces": [],
      "webservices": []
    },
    {
      "id": "I should view Client Management Page is displayed_1645518875902_1",
      "testMethodId": "I should view Client Management Page is displayed_1645518875902_1",
      "name": "I should view Client Management Page is displayed",
      "description": "Then ",
      "configuration": false,
      "methodType": "Step",
      "startDateTime": {
        "dateTime": {
          "date": {
            "year": 2022,
            "month": 2,
            "day": 22
          },
          "time": {
            "hour": 8,
            "minute": 34,
            "second": 35,
            "nano": 902000000
          }
        },
        "offset": {
          "totalSeconds": 0
        },
        "zone": {
          "totalSeconds": 0
        }
      },
      "endDateTime": {
        "dateTime": {
          "date": {
            "year": 2022,
            "month": 2,
            "day": 22
          },
          "time": {
            "hour": 8,
            "minute": 34,
            "second": 35,
            "nano": 902000000
          }
        },
        "offset": {
          "totalSeconds": 0
        },
        "zone": {
          "totalSeconds": 0
        }
      },
      "duration": "00h:00m:00s",
      "statusEnum": "PASSED",
      "status": "PASSED",
      "testClass": "io.cucumber.core.runner.PickleStepTestStep",
      "test": "Edit Household Page Navigation Validation",
      "parameters": [],
      "suite": "Sanity Test Cases for QA Pull",
      "logOutput": [],
      "resourceMetaDataList": [],
      "userInterfaces": [],
      "webservices": []
    },
    {
      "id": "I should navigate into Groups tab_1645518875902_1",
      "testMethodId": "I should navigate into Groups tab_1645518875902_1",
      "name": "I should navigate into Groups tab",
      "description": "And ",
      "configuration": false,
      "methodType": "Step",
      "startDateTime": {
        "dateTime": {
          "date": {
            "year": 2022,
            "month": 2,
            "day": 22
          },
          "time": {
            "hour": 8,
            "minute": 34,
            "second": 35,
            "nano": 902000000
          }
        },
        "offset": {
          "totalSeconds": 0
        },
        "zone": {
          "totalSeconds": 0
        }
      },
      "endDateTime": {
        "dateTime": {
          "date": {
            "year": 2022,
            "month": 2,
            "day": 22
          },
          "time": {
            "hour": 8,
            "minute": 34,
            "second": 35,
            "nano": 902000000
          }
        },
        "offset": {
          "totalSeconds": 0
        },
        "zone": {
          "totalSeconds": 0
        }
      },
      "duration": "00h:00m:00s",
      "statusEnum": "PASSED",
      "status": "PASSED",
      "testClass": "io.cucumber.core.runner.PickleStepTestStep",
      "test": "Edit Household Page Navigation Validation",
      "parameters": [],
      "suite": "Sanity Test Cases for QA Pull",
      "logOutput": [],
      "resourceMetaDataList": [],
      "userInterfaces": [],
      "webservices": []
    },
    {
      "id": "I enter Groupname_1645518875903_1",
      "testMethodId": "I enter Groupname_1645518875903_1",
      "name": "I enter Groupname",
      "description": "When ",
      "configuration": false,
      "methodType": "Step",
      "startDateTime": {
        "dateTime": {
          "date": {
            "year": 2022,
            "month": 2,
            "day": 22
          },
          "time": {
            "hour": 8,
            "minute": 34,
            "second": 35,
            "nano": 903000000
          }
        },
        "offset": {
          "totalSeconds": 0
        },
        "zone": {
          "totalSeconds": 0
        }
      },
      "endDateTime": {
        "dateTime": {
          "date": {
            "year": 2022,
            "month": 2,
            "day": 22
          },
          "time": {
            "hour": 8,
            "minute": 34,
            "second": 35,
            "nano": 903000000
          }
        },
        "offset": {
          "totalSeconds": 0
        },
        "zone": {
          "totalSeconds": 0
        }
      },
      "duration": "00h:00m:00s",
      "statusEnum": "PASSED",
      "status": "PASSED",
      "testClass": "io.cucumber.core.runner.PickleStepTestStep",
      "test": "Edit Household Page Navigation Validation",
      "parameters": [],
      "suite": "Sanity Test Cases for QA Pull",
      "logOutput": [],
      "resourceMetaDataList": [],
      "userInterfaces": [],
      "webservices": []
    },
    {
      "id": "I click on search button_1645518875904_1",
      "testMethodId": "I click on search button_1645518875904_1",
      "name": "I click on search button",
      "description": "Then ",
      "configuration": false,
      "methodType": "Step",
      "startDateTime": {
        "dateTime": {
          "date": {
            "year": 2022,
            "month": 2,
            "day": 22
          },
          "time": {
            "hour": 8,
            "minute": 34,
            "second": 35,
            "nano": 904000000
          }
        },
        "offset": {
          "totalSeconds": 0
        },
        "zone": {
          "totalSeconds": 0
        }
      },
      "endDateTime": {
        "dateTime": {
          "date": {
            "year": 2022,
            "month": 2,
            "day": 22
          },
          "time": {
            "hour": 8,
            "minute": 34,
            "second": 35,
            "nano": 904000000
          }
        },
        "offset": {
          "totalSeconds": 0
        },
        "zone": {
          "totalSeconds": 0
        }
      },
      "duration": "00h:00m:00s",
      "statusEnum": "PASSED",
      "status": "PASSED",
      "testClass": "io.cucumber.core.runner.PickleStepTestStep",
      "test": "Edit Household Page Navigation Validation",
      "parameters": [],
      "suite": "Sanity Test Cases for QA Pull",
      "logOutput": [],
      "resourceMetaDataList": [],
      "userInterfaces": [],
      "webservices": []
    },
    {
      "id": "I click on a hyperlinked Household Group name_1645518875904_1",
      "testMethodId": "I click on a hyperlinked Household Group name_1645518875904_1",
      "name": "I click on a hyperlinked Household Group name",
      "description": "When ",
      "configuration": false,
      "methodType": "Step",
      "startDateTime": {
        "dateTime": {
          "date": {
            "year": 2022,
            "month": 2,
            "day": 22
          },
          "time": {
            "hour": 8,
            "minute": 34,
            "second": 35,
            "nano": 904000000
          }
        },
        "offset": {
          "totalSeconds": 0
        },
        "zone": {
          "totalSeconds": 0
        }
      },
      "endDateTime": {
        "dateTime": {
          "date": {
            "year": 2022,
            "month": 2,
            "day": 22
          },
          "time": {
            "hour": 8,
            "minute": 34,
            "second": 35,
            "nano": 905000000
          }
        },
        "offset": {
          "totalSeconds": 0
        },
        "zone": {
          "totalSeconds": 0
        }
      },
      "duration": "00h:00m:00s",
      "statusEnum": "PASSED",
      "status": "PASSED",
      "testClass": "io.cucumber.core.runner.PickleStepTestStep",
      "test": "Edit Household Page Navigation Validation",
      "parameters": [],
      "suite": "Sanity Test Cases for QA Pull",
      "logOutput": [],
      "resourceMetaDataList": [],
      "userInterfaces": [],
      "webservices": []
    },
    {
      "id": "I should see household group Dashboard page_1645518875905_1",
      "testMethodId": "I should see household group Dashboard page_1645518875905_1",
      "name": "I should see household group Dashboard page",
      "description": "Then ",
      "configuration": false,
      "methodType": "Step",
      "startDateTime": {
        "dateTime": {
          "date": {
            "year": 2022,
            "month": 2,
            "day": 22
          },
          "time": {
            "hour": 8,
            "minute": 34,
            "second": 35,
            "nano": 905000000
          }
        },
        "offset": {
          "totalSeconds": 0
        },
        "zone": {
          "totalSeconds": 0
        }
      },
      "endDateTime": {
        "dateTime": {
          "date": {
            "year": 2022,
            "month": 2,
            "day": 22
          },
          "time": {
            "hour": 8,
            "minute": 34,
            "second": 35,
            "nano": 905000000
          }
        },
        "offset": {
          "totalSeconds": 0
        },
        "zone": {
          "totalSeconds": 0
        }
      },
      "duration": "00h:00m:00s",
      "statusEnum": "PASSED",
      "status": "PASSED",
      "testClass": "io.cucumber.core.runner.PickleStepTestStep",
      "test": "Edit Household Page Navigation Validation",
      "parameters": [],
      "suite": "Sanity Test Cases for QA Pull",
      "logOutput": [],
      "resourceMetaDataList": [],
      "userInterfaces": [],
      "webservices": []
    },
    {
      "id": "I click on Edit Summary Button_1645518875906_1",
      "testMethodId": "I click on Edit Summary Button_1645518875906_1",
      "name": "I click on Edit Summary Button",
      "description": "When ",
      "configuration": false,
      "methodType": "Step",
      "startDateTime": {
        "dateTime": {
          "date": {
            "year": 2022,
            "month": 2,
            "day": 22
          },
          "time": {
            "hour": 8,
            "minute": 34,
            "second": 35,
            "nano": 906000000
          }
        },
        "offset": {
          "totalSeconds": 0
        },
        "zone": {
          "totalSeconds": 0
        }
      },
      "endDateTime": {
        "dateTime": {
          "date": {
            "year": 2022,
            "month": 2,
            "day": 22
          },
          "time": {
            "hour": 8,
            "minute": 34,
            "second": 35,
            "nano": 906000000
          }
        },
        "offset": {
          "totalSeconds": 0
        },
        "zone": {
          "totalSeconds": 0
        }
      },
      "duration": "00h:00m:00s",
      "statusEnum": "PASSED",
      "status": "PASSED",
      "testClass": "io.cucumber.core.runner.PickleStepTestStep",
      "test": "Edit Household Page Navigation Validation",
      "parameters": [],
      "suite": "Sanity Test Cases for QA Pull",
      "logOutput": [],
      "resourceMetaDataList": [],
      "userInterfaces": [],
      "webservices": []
    },
    {
      "id": "I click on edit HH pencil icon_1645518875906_1",
      "testMethodId": "I click on edit HH pencil icon_1645518875906_1",
      "name": "I click on edit HH pencil icon",
      "description": "When ",
      "configuration": false,
      "methodType": "Step",
      "startDateTime": {
        "dateTime": {
          "date": {
            "year": 2022,
            "month": 2,
            "day": 22
          },
          "time": {
            "hour": 8,
            "minute": 34,
            "second": 35,
            "nano": 906000000
          }
        },
        "offset": {
          "totalSeconds": 0
        },
        "zone": {
          "totalSeconds": 0
        }
      },
      "endDateTime": {
        "dateTime": {
          "date": {
            "year": 2022,
            "month": 2,
            "day": 22
          },
          "time": {
            "hour": 8,
            "minute": 34,
            "second": 35,
            "nano": 907000000
          }
        },
        "offset": {
          "totalSeconds": 0
        },
        "zone": {
          "totalSeconds": 0
        }
      },
      "duration": "00h:00m:00s",
      "statusEnum": "PASSED",
      "status": "PASSED",
      "testClass": "io.cucumber.core.runner.PickleStepTestStep",
      "test": "Edit Household Page Navigation Validation",
      "parameters": [],
      "suite": "Sanity Test Cases for QA Pull",
      "logOutput": [],
      "resourceMetaDataList": [],
      "userInterfaces": [],
      "webservices": []
    },
    {
      "id": "I should see Edit Household Page_1645518875907_1",
      "testMethodId": "I should see Edit Household Page_1645518875907_1",
      "name": "I should see Edit Household Page",
      "description": "Then ",
      "configuration": false,
      "methodType": "Step",
      "startDateTime": {
        "dateTime": {
          "date": {
            "year": 2022,
            "month": 2,
            "day": 22
          },
          "time": {
            "hour": 8,
            "minute": 34,
            "second": 35,
            "nano": 907000000
          }
        },
        "offset": {
          "totalSeconds": 0
        },
        "zone": {
          "totalSeconds": 0
        }
      },
      "endDateTime": {
        "dateTime": {
          "date": {
            "year": 2022,
            "month": 2,
            "day": 22
          },
          "time": {
            "hour": 8,
            "minute": 34,
            "second": 35,
            "nano": 907000000
          }
        },
        "offset": {
          "totalSeconds": 0
        },
        "zone": {
          "totalSeconds": 0
        }
      },
      "duration": "00h:00m:00s",
      "statusEnum": "PASSED",
      "status": "PASSED",
      "testClass": "io.cucumber.core.runner.PickleStepTestStep",
      "test": "Edit Household Page Navigation Validation",
      "parameters": [],
      "suite": "Sanity Test Cases for QA Pull",
      "logOutput": [],
      "resourceMetaDataList": [],
      "userInterfaces": [],
      "webservices": []
    },
    {
      "id": "I click on edit group name_1645518875908_1",
      "testMethodId": "I click on edit group name_1645518875908_1",
      "name": "I click on edit group name",
      "description": "When ",
      "configuration": false,
      "methodType": "Step",
      "startDateTime": {
        "dateTime": {
          "date": {
            "year": 2022,
            "month": 2,
            "day": 22
          },
          "time": {
            "hour": 8,
            "minute": 34,
            "second": 35,
            "nano": 908000000
          }
        },
        "offset": {
          "totalSeconds": 0
        },
        "zone": {
          "totalSeconds": 0
        }
      },
      "endDateTime": {
        "dateTime": {
          "date": {
            "year": 2022,
            "month": 2,
            "day": 22
          },
          "time": {
            "hour": 8,
            "minute": 34,
            "second": 35,
            "nano": 908000000
          }
        },
        "offset": {
          "totalSeconds": 0
        },
        "zone": {
          "totalSeconds": 0
        }
      },
      "duration": "00h:00m:00s",
      "statusEnum": "PASSED",
      "status": "PASSED",
      "testClass": "io.cucumber.core.runner.PickleStepTestStep",
      "test": "Edit Household Page Navigation Validation",
      "parameters": [],
      "suite": "Sanity Test Cases for QA Pull",
      "logOutput": [],
      "resourceMetaDataList": [],
      "userInterfaces": [],
      "webservices": []
    },
    {
      "id": "I clear and enter group name with exceeding characters_1645518875908_1",
      "testMethodId": "I clear and enter group name with exceeding characters_1645518875908_1",
      "name": "I clear and enter group name with exceeding characters",
      "description": "When ",
      "configuration": false,
      "methodType": "Step",
      "startDateTime": {
        "dateTime": {
          "date": {
            "year": 2022,
            "month": 2,
            "day": 22
          },
          "time": {
            "hour": 8,
            "minute": 34,
            "second": 35,
            "nano": 908000000
          }
        },
        "offset": {
          "totalSeconds": 0
        },
        "zone": {
          "totalSeconds": 0
        }
      },
      "endDateTime": {
        "dateTime": {
          "date": {
            "year": 2022,
            "month": 2,
            "day": 22
          },
          "time": {
            "hour": 8,
            "minute": 34,
            "second": 35,
            "nano": 908000000
          }
        },
        "offset": {
          "totalSeconds": 0
        },
        "zone": {
          "totalSeconds": 0
        }
      },
      "duration": "00h:00m:00s",
      "statusEnum": "PASSED",
      "status": "PASSED",
      "testClass": "io.cucumber.core.runner.PickleStepTestStep",
      "test": "Edit Household Page Navigation Validation",
      "parameters": [],
      "suite": "Sanity Test Cases for QA Pull",
      "logOutput": [],
      "resourceMetaDataList": [],
      "userInterfaces": [],
      "webservices": []
    },
    {
      "id": "I see execeeding length error message_1645518875909_1",
      "testMethodId": "I see execeeding length error message_1645518875909_1",
      "name": "I see execeeding length error message",
      "description": "Then ",
      "configuration": false,
      "methodType": "Step",
      "startDateTime": {
        "dateTime": {
          "date": {
            "year": 2022,
            "month": 2,
            "day": 22
          },
          "time": {
            "hour": 8,
            "minute": 34,
            "second": 35,
            "nano": 909000000
          }
        },
        "offset": {
          "totalSeconds": 0
        },
        "zone": {
          "totalSeconds": 0
        }
      },
      "endDateTime": {
        "dateTime": {
          "date": {
            "year": 2022,
            "month": 2,
            "day": 22
          },
          "time": {
            "hour": 8,
            "minute": 34,
            "second": 35,
            "nano": 909000000
          }
        },
        "offset": {
          "totalSeconds": 0
        },
        "zone": {
          "totalSeconds": 0
        }
      },
      "duration": "00h:00m:00s",
      "statusEnum": "PASSED",
      "status": "PASSED",
      "testClass": "io.cucumber.core.runner.PickleStepTestStep",
      "test": "Edit Household Page Navigation Validation",
      "parameters": [],
      "suite": "Sanity Test Cases for QA Pull",
      "logOutput": [],
      "resourceMetaDataList": [],
      "userInterfaces": [],
      "webservices": []
    },
    {
      "id": "AFTERHook_1645518875909_1",
      "testMethodId": "AFTERHook_1645518875909_1",
      "name": "AFTERHook",
      "configuration": true,
      "methodType": "TestMethod",
      "startDateTime": {
        "dateTime": {
          "date": {
            "year": 2022,
            "month": 2,
            "day": 22
          },
          "time": {
            "hour": 8,
            "minute": 34,
            "second": 35,
            "nano": 909000000
          }
        },
        "offset": {
          "totalSeconds": 0
        },
        "zone": {
          "totalSeconds": 0
        }
      },
      "endDateTime": {
        "dateTime": {
          "date": {
            "year": 2022,
            "month": 2,
            "day": 22
          },
          "time": {
            "hour": 8,
            "minute": 34,
            "second": 35,
            "nano": 909000000
          }
        },
        "offset": {
          "totalSeconds": 0
        },
        "zone": {
          "totalSeconds": 0
        }
      },
      "duration": "00h:00m:00s",
      "statusEnum": "PASSED",
      "status": "PASSED",
      "testClass": "io.cucumber.core.runner.HookTestStep",
      "test": "Edit Household Page Navigation Validation",
      "parameters": [],
      "suite": "Sanity Test Cases for QA Pull",
      "logOutput": [],
      "resourceMetaDataList": [],
      "userInterfaces": [],
      "webservices": []
    }
  ],
  "bugListMap": {}
}