{
  "about": {
    "projectName": "portfolio-accounting-fee-billing",
    "team": "QE",
    "releaseVersion": "1.0",
    "executionOS": "Windows 10 10.0",
    "environment": "QA",
    "userName": "sethupar"
  },
  "name": "run_1669279803253",
  "startDateTime": {
    "dateTime": {
      "date": {
        "year": 2022,
        "month": 11,
        "day": 24
      },
      "time": {
        "hour": 8,
        "minute": 50,
        "second": 4,
        "nano": 365000000
      }
    },
    "offset": {
      "totalSeconds": 0
    },
    "zone": {
      "totalSeconds": 0
    }
  },
  "endDateTime": {
    "dateTime": {
      "date": {
        "year": 2022,
        "month": 11,
        "day": 24
      },
      "time": {
        "hour": 8,
        "minute": 51,
        "second": 10,
        "nano": 378000000
      }
    },
    "offset": {
      "totalSeconds": 0
    },
    "zone": {
      "totalSeconds": 0
    }
  },
  "duration": "00h:01m:06s",
  "statusEnum": "PASSED",
  "status": "PASSED",
  "testSuites": [
    {
      "name": "Default suite",
      "startDateTime": {
        "dateTime": {
          "date": {
            "year": 2022,
            "month": 11,
            "day": 24
          },
          "time": {
            "hour": 8,
            "minute": 50,
            "second": 6,
            "nano": 19000000
          }
        },
        "offset": {
          "totalSeconds": 0
        },
        "zone": {
          "totalSeconds": 0
        }
      },
      "endDateTime": {
        "dateTime": {
          "date": {
            "year": 2022,
            "month": 11,
            "day": 24
          },
          "time": {
            "hour": 8,
            "minute": 51,
            "second": 10,
            "nano": 373000000
          }
        },
        "offset": {
          "totalSeconds": 0
        },
        "zone": {
          "totalSeconds": 0
        }
      },
      "duration": "00h:01m:04s",
      "statusEnum": "PASSED",
      "status": "PASSED",
      "tests": [
        {
          "name": "Default test",
          "startDateTime": {
            "dateTime": {
              "date": {
                "year": 2022,
                "month": 11,
                "day": 24
              },
              "time": {
                "hour": 8,
                "minute": 50,
                "second": 6,
                "nano": 38000000
              }
            },
            "offset": {
              "totalSeconds": 0
            },
            "zone": {
              "totalSeconds": 0
            }
          },
          "endDateTime": {
            "dateTime": {
              "date": {
                "year": 2022,
                "month": 11,
                "day": 24
              },
              "time": {
                "hour": 8,
                "minute": 51,
                "second": 10,
                "nano": 370000000
              }
            },
            "offset": {
              "totalSeconds": 0
            },
            "zone": {
              "totalSeconds": 0
            }
          },
          "duration": "00h:01m:04s",
          "statusEnum": "PASSED",
          "status": "PASSED",
          "testMethods": [
            {
              "id": "createAndEditFlatfeeBilling_1669279807487_1",
              "testMethodId": "createAndEditFlatfeeBilling_1669279807487_1",
              "name": "createAndEditFlatfeeBilling",
              "description": "",
              "configuration": false,
              "methodType": "TestMethod",
              "startDateTime": {
                "dateTime": {
                  "date": {
                    "year": 2022,
                    "month": 11,
                    "day": 24
                  },
                  "time": {
                    "hour": 8,
                    "minute": 50,
                    "second": 7,
                    "nano": 471000000
                  }
                },
                "offset": {
                  "totalSeconds": 0
                },
                "zone": {
                  "totalSeconds": 0
                }
              },
              "endDateTime": {
                "dateTime": {
                  "date": {
                    "year": 2022,
                    "month": 11,
                    "day": 24
                  },
                  "time": {
                    "hour": 8,
                    "minute": 51,
                    "second": 8,
                    "nano": 688000000
                  }
                },
                "offset": {
                  "totalSeconds": 0
                },
                "zone": {
                  "totalSeconds": 0
                }
              },
              "duration": "00h:01m:01s",
              "statusEnum": "PASSED",
              "status": "PASSED",
              "testClass": "com.lpl.qe.portfolioaccountingfeebilling.householdingCAG.web.GroupBillingCapability",
              "test": "Default test",
              "parameters": [
                {
                  "groupName": "Budd Household",
                  "groupID": "11194314",
                  "repID": "T2XA",
                  "userName": "vaishali.zachrich",
                  "password": "P@ssw0rd"
                }
              ],
              "suite": "Default suite",
              "logOutput": [],
              "resourceMetaDataList": [],
              "userInterfaces": [
                {
                  "operatingSystem": "windows",
                  "systemArchitecture": "64 bit",
                  "deviceType": "",
                  "platformName": "",
                  "userAgent": "chrome",
                  "userAgentVersion": "",
                  "platformVersion": "",
                  "deviceName": "",
                  "appName": "",
                  "appPath": ""
                }
              ],
              "webservices": []
            }
          ]
        }
      ]
    }
  ],
  "testMethodList": [
    {
      "id": "createAndEditFlatfeeBilling_1669279807487_1",
      "testMethodId": "createAndEditFlatfeeBilling_1669279807487_1",
      "name": "createAndEditFlatfeeBilling",
      "description": "",
      "configuration": false,
      "methodType": "TestMethod",
      "startDateTime": {
        "dateTime": {
          "date": {
            "year": 2022,
            "month": 11,
            "day": 24
          },
          "time": {
            "hour": 8,
            "minute": 50,
            "second": 7,
            "nano": 471000000
          }
        },
        "offset": {
          "totalSeconds": 0
        },
        "zone": {
          "totalSeconds": 0
        }
      },
      "endDateTime": {
        "dateTime": {
          "date": {
            "year": 2022,
            "month": 11,
            "day": 24
          },
          "time": {
            "hour": 8,
            "minute": 51,
            "second": 8,
            "nano": 688000000
          }
        },
        "offset": {
          "totalSeconds": 0
        },
        "zone": {
          "totalSeconds": 0
        }
      },
      "duration": "00h:01m:01s",
      "statusEnum": "PASSED",
      "status": "PASSED",
      "testClass": "com.lpl.qe.portfolioaccountingfeebilling.householdingCAG.web.GroupBillingCapability",
      "test": "Default test",
      "parameters": [
        {
          "groupName": "Budd Household",
          "groupID": "11194314",
          "repID": "T2XA",
          "userName": "vaishali.zachrich",
          "password": "P@ssw0rd"
        }
      ],
      "suite": "Default suite",
      "logOutput": [],
      "resourceMetaDataList": [],
      "userInterfaces": [
        {
          "operatingSystem": "windows",
          "systemArchitecture": "64 bit",
          "deviceType": "",
          "platformName": "",
          "userAgent": "chrome",
          "userAgentVersion": "",
          "platformVersion": "",
          "deviceName": "",
          "appName": "",
          "appPath": ""
        }
      ],
      "webservices": []
    }
  ],
  "violationsListMap": {}
}