{
  "about": {
    "projectName": "portfolio-accounting-fee-billing",
    "team": "QE",
    "releaseVersion": "1.0",
    "executionOS": "Windows 10 10.0",
    "environment": "QA",
    "userName": "sethupar"
  },
  "name": "run_1673621522577",
  "startDateTime": {
    "dateTime": {
      "date": {
        "year": 2023,
        "month": 1,
        "day": 13
      },
      "time": {
        "hour": 14,
        "minute": 52,
        "second": 3,
        "nano": 479000000
      }
    },
    "offset": {
      "totalSeconds": 0
    },
    "zone": {
      "totalSeconds": 0
    }
  },
  "endDateTime": {
    "dateTime": {
      "date": {
        "year": 2023,
        "month": 1,
        "day": 13
      },
      "time": {
        "hour": 14,
        "minute": 52,
        "second": 9,
        "nano": 651000000
      }
    },
    "offset": {
      "totalSeconds": 0
    },
    "zone": {
      "totalSeconds": 0
    }
  },
  "duration": "00h:00m:06s",
  "statusEnum": "FAILED",
  "status": "FAILED",
  "testSuites": [
    {
      "name": "Default suite",
      "startDateTime": {
        "dateTime": {
          "date": {
            "year": 2023,
            "month": 1,
            "day": 13
          },
          "time": {
            "hour": 14,
            "minute": 52,
            "second": 4,
            "nano": 648000000
          }
        },
        "offset": {
          "totalSeconds": 0
        },
        "zone": {
          "totalSeconds": 0
        }
      },
      "endDateTime": {
        "dateTime": {
          "date": {
            "year": 2023,
            "month": 1,
            "day": 13
          },
          "time": {
            "hour": 14,
            "minute": 52,
            "second": 9,
            "nano": 318000000
          }
        },
        "offset": {
          "totalSeconds": 0
        },
        "zone": {
          "totalSeconds": 0
        }
      },
      "duration": "00h:00m:04s",
      "statusEnum": "FAILED",
      "status": "FAILED",
      "tests": [
        {
          "name": "Default test",
          "startDateTime": {
            "dateTime": {
              "date": {
                "year": 2023,
                "month": 1,
                "day": 13
              },
              "time": {
                "hour": 14,
                "minute": 52,
                "second": 4,
                "nano": 654000000
              }
            },
            "offset": {
              "totalSeconds": 0
            },
            "zone": {
              "totalSeconds": 0
            }
          },
          "endDateTime": {
            "dateTime": {
              "date": {
                "year": 2023,
                "month": 1,
                "day": 13
              },
              "time": {
                "hour": 14,
                "minute": 52,
                "second": 9,
                "nano": 311000000
              }
            },
            "offset": {
              "totalSeconds": 0
            },
            "zone": {
              "totalSeconds": 0
            }
          },
          "duration": "00h:00m:04s",
          "statusEnum": "FAILED",
          "status": "FAILED",
          "testMethods": [
            {
              "id": "createAndEditFlatfeeBilling_1673621525797_1",
              "testMethodId": "createAndEditFlatfeeBilling_1673621525797_1",
              "name": "createAndEditFlatfeeBilling",
              "description": "",
              "configuration": false,
              "methodType": "TestMethod",
              "startDateTime": {
                "dateTime": {
                  "date": {
                    "year": 2023,
                    "month": 1,
                    "day": 13
                  },
                  "time": {
                    "hour": 14,
                    "minute": 52,
                    "second": 5,
                    "nano": 787000000
                  }
                },
                "offset": {
                  "totalSeconds": 0
                },
                "zone": {
                  "totalSeconds": 0
                }
              },
              "endDateTime": {
                "dateTime": {
                  "date": {
                    "year": 2023,
                    "month": 1,
                    "day": 13
                  },
                  "time": {
                    "hour": 14,
                    "minute": 52,
                    "second": 8,
                    "nano": 941000000
                  }
                },
                "offset": {
                  "totalSeconds": 0
                },
                "zone": {
                  "totalSeconds": 0
                }
              },
              "duration": "00h:00m:03s",
              "statusEnum": "FAILED",
              "status": "FAILED",
              "bug": {
                "message": "SessionNotCreatedException: session not created exception\nfrom tab crashed\n  (Session info: chrome\u003d102.0.5005.115)\n  (Driver info: chromedriver\u003d2.40.565498 (ea082db3280dd6843ebfb08a625e3eb905c4f5ab),platform\u003dWindows NT 10.0.17763 x86_64) (WARNING: The server did not provide any stacktrace information)\nCommand duration or timeout: 2.07 seconds\nBuild info: version: \u00273.141.59\u0027, revision: \u0027e82be7d358\u0027, time: \u00272018-11-14T08:17:03\u0027\nSystem info: host: \u0027P01NDVW-NCTX295\u0027, ip: \u002710.25.71.100\u0027, os.name: \u0027Windows 10\u0027, os.arch: \u0027amd64\u0027, os.version: \u002710.0\u0027, java.version: \u00271.8.0_201\u0027\nDriver info: driver.version: ChromeDriver",
                "stackTrace": "org.openqa.selenium.SessionNotCreatedException: session not created exception\nfrom tab crashed\n  (Session info: chrome\u003d102.0.5005.115)\n  (Driver info: chromedriver\u003d2.40.565498 (ea082db3280dd6843ebfb08a625e3eb905c4f5ab),platform\u003dWindows NT 10.0.17763 x86_64) (WARNING: The server did not provide any stacktrace information)\nCommand duration or timeout: 2.07 seconds\nBuild info: version: \u00273.141.59\u0027, revision: \u0027e82be7d358\u0027, time: \u00272018-11-14T08:17:03\u0027\nSystem info: host: \u0027P01NDVW-NCTX295\u0027, ip: \u002710.25.71.100\u0027, os.name: \u0027Windows 10\u0027, os.arch: \u0027amd64\u0027, os.version: \u002710.0\u0027, java.version: \u00271.8.0_201\u0027\nDriver info: driver.version: ChromeDriver\r\n\tat sun.reflect.NativeConstructorAccessorImpl.newInstance0(Native Method)\r\n\tat sun.reflect.NativeConstructorAccessorImpl.newInstance(Unknown Source)\r\n\tat sun.reflect.DelegatingConstructorAccessorImpl.newInstance(Unknown Source)\r\n\tat java.lang.reflect.Constructor.newInstance(Unknown Source)\r\n\tat org.openqa.selenium.remote.ErrorHandler.createThrowable(ErrorHandler.java:214)\r\n\tat org.openqa.selenium.remote.ErrorHandler.throwIfResponseFailed(ErrorHandler.java:166)\r\n\tat org.openqa.selenium.remote.JsonWireProtocolResponse.lambda$errorHandler$0(JsonWireProtocolResponse.java:54)\r\n\tat org.openqa.selenium.remote.HandshakeResponse.lambda$getResponseFunction$0(HandshakeResponse.java:30)\r\n\tat org.openqa.selenium.remote.ProtocolHandshake.lambda$createSession$0(ProtocolHandshake.java:126)\r\n\tat java.util.stream.ReferencePipeline$3$1.accept(Unknown Source)\r\n\tat java.util.Spliterators$ArraySpliterator.tryAdvance(Unknown Source)\r\n\tat java.util.stream.ReferencePipeline.forEachWithCancel(Unknown Source)\r\n\tat java.util.stream.AbstractPipeline.copyIntoWithCancel(Unknown Source)\r\n\tat java.util.stream.AbstractPipeline.copyInto(Unknown Source)\r\n\tat java.util.stream.AbstractPipeline.wrapAndCopyInto(Unknown Source)\r\n\tat java.util.stream.FindOps$FindOp.evaluateSequential(Unknown Source)\r\n\tat java.util.stream.AbstractPipeline.evaluate(Unknown Source)\r\n\tat java.util.stream.ReferencePipeline.findFirst(Unknown Source)\r\n\tat org.openqa.selenium.remote.ProtocolHandshake.createSession(ProtocolHandshake.java:128)\r\n\tat org.openqa.selenium.remote.ProtocolHandshake.createSession(ProtocolHandshake.java:74)\r\n\tat org.openqa.selenium.remote.HttpCommandExecutor.execute(HttpCommandExecutor.java:136)\r\n\tat org.openqa.selenium.remote.service.DriverCommandExecutor.execute(DriverCommandExecutor.java:83)\r\n\tat org.openqa.selenium.remote.RemoteWebDriver.execute(RemoteWebDriver.java:552)\r\n\tat org.openqa.selenium.remote.RemoteWebDriver.startSession(RemoteWebDriver.java:213)\r\n\tat org.openqa.selenium.remote.RemoteWebDriver.\u003cinit\u003e(RemoteWebDriver.java:131)\r\n\tat org.openqa.selenium.chrome.ChromeDriver.\u003cinit\u003e(ChromeDriver.java:181)\r\n\tat org.openqa.selenium.chrome.ChromeDriver.\u003cinit\u003e(ChromeDriver.java:168)\r\n\tat org.openqa.selenium.chrome.ChromeDriver.\u003cinit\u003e(ChromeDriver.java:157)\r\n\tat com.lpl.qe.blackbird.WebFactory.webDriver(WebFactory.java:91)\r\n\tat com.lpl.qe.blackbird.DriverFactory.build(DriverFactory.java:130)\r\n\tat com.lpl.qe.blackbird.DriverFactory.buildProfile(DriverFactory.java:61)\r\n\tat com.lpl.qe.blackbird.DriverFactory.buildProfile(DriverFactory.java:50)\r\n\tat com.lpl.qe.blackbird.DriverFactory.build(DriverFactory.java:40)\r\n\tat com.lpl.qe.blackbird.testng.listeners.NeedsDriverListener.beforeInvocation(NeedsDriverListener.java:46)\r\n\tat org.testng.internal.invokers.InvokedMethodListenerInvoker.invokeListener(InvokedMethodListenerInvoker.java:56)\r\n\tat org.testng.internal.BaseInvoker.runInvokedMethodListeners(BaseInvoker.java:56)\r\n\tat org.testng.internal.TestInvoker.invokeMethod(TestInvoker.java:573)\r\n\tat org.testng.internal.TestInvoker.invokeTestMethod(TestInvoker.java:173)\r\n\tat org.testng.internal.MethodRunner.runInSequence(MethodRunner.java:46)\r\n\tat org.testng.internal.TestInvoker$MethodInvocationAgent.invoke(TestInvoker.java:824)\r\n\tat org.testng.internal.TestInvoker.invokeTestMethods(TestInvoker.java:146)\r\n\tat org.testng.internal.TestMethodWorker.invokeTestMethods(TestMethodWorker.java:146)\r\n\tat org.testng.internal.TestMethodWorker.run(TestMethodWorker.java:128)\r\n\tat java.util.ArrayList.forEach(Unknown Source)\r\n\tat org.testng.TestRunner.privateRun(TestRunner.java:794)\r\n\tat org.testng.TestRunner.run(TestRunner.java:596)\r\n\tat org.testng.SuiteRunner.runTest(SuiteRunner.java:377)\r\n\tat org.testng.SuiteRunner.runSequentially(SuiteRunner.java:371)\r\n\tat org.testng.SuiteRunner.privateRun(SuiteRunner.java:332)\r\n\tat org.testng.SuiteRunner.run(SuiteRunner.java:276)\r\n\tat org.testng.SuiteRunnerWorker.runSuite(SuiteRunnerWorker.java:53)\r\n\tat org.testng.SuiteRunnerWorker.run(SuiteRunnerWorker.java:96)\r\n\tat org.testng.TestNG.runSuitesSequentially(TestNG.java:1212)\r\n\tat org.testng.TestNG.runSuitesLocally(TestNG.java:1134)\r\n\tat org.testng.TestNG.runSuites(TestNG.java:1063)\r\n\tat org.testng.TestNG.run(TestNG.java:1031)\r\n\tat org.testng.remote.AbstractRemoteTestNG.run(AbstractRemoteTestNG.java:115)\r\n\tat org.testng.remote.RemoteTestNG.initAndRun(RemoteTestNG.java:251)\r\n\tat org.testng.remote.RemoteTestNG.main(RemoteTestNG.java:77)\r\n"
              },
              "testClass": "com.lpl.qe.portfolioaccountingfeebilling.householdingCAG.web.GroupBillingCapability",
              "test": "Default test",
              "parameters": [
                {
                  "flatFeeValue": "1.5",
                  "decimalFlatValue": "0.015",
                  "schedule": "GroupSAM",
                  "userName": "vaishali.zachrich",
                  "password": "P@ssw0rd",
                  "groupName": "25Auto HOUSEHOLD",
                  "groupID": "10814956"
                }
              ],
              "suite": "Default suite",
              "logOutput": [],
              "resourceMetaDataList": [],
              "userInterfaces": [
                {
                  "operatingSystem": "windows",
                  "systemArchitecture": "64 bit",
                  "deviceType": "",
                  "platformName": "",
                  "userAgent": "chrome",
                  "userAgentVersion": "",
                  "platformVersion": "",
                  "deviceName": "",
                  "appName": "",
                  "appPath": ""
                }
              ],
              "webservices": []
            }
          ]
        }
      ]
    }
  ],
  "testMethodList": [
    {
      "id": "createAndEditFlatfeeBilling_1673621525797_1",
      "testMethodId": "createAndEditFlatfeeBilling_1673621525797_1",
      "name": "createAndEditFlatfeeBilling",
      "description": "",
      "configuration": false,
      "methodType": "TestMethod",
      "startDateTime": {
        "dateTime": {
          "date": {
            "year": 2023,
            "month": 1,
            "day": 13
          },
          "time": {
            "hour": 14,
            "minute": 52,
            "second": 5,
            "nano": 787000000
          }
        },
        "offset": {
          "totalSeconds": 0
        },
        "zone": {
          "totalSeconds": 0
        }
      },
      "endDateTime": {
        "dateTime": {
          "date": {
            "year": 2023,
            "month": 1,
            "day": 13
          },
          "time": {
            "hour": 14,
            "minute": 52,
            "second": 8,
            "nano": 941000000
          }
        },
        "offset": {
          "totalSeconds": 0
        },
        "zone": {
          "totalSeconds": 0
        }
      },
      "duration": "00h:00m:03s",
      "statusEnum": "FAILED",
      "status": "FAILED",
      "bug": {
        "message": "SessionNotCreatedException: session not created exception\nfrom tab crashed\n  (Session info: chrome\u003d102.0.5005.115)\n  (Driver info: chromedriver\u003d2.40.565498 (ea082db3280dd6843ebfb08a625e3eb905c4f5ab),platform\u003dWindows NT 10.0.17763 x86_64) (WARNING: The server did not provide any stacktrace information)\nCommand duration or timeout: 2.07 seconds\nBuild info: version: \u00273.141.59\u0027, revision: \u0027e82be7d358\u0027, time: \u00272018-11-14T08:17:03\u0027\nSystem info: host: \u0027P01NDVW-NCTX295\u0027, ip: \u002710.25.71.100\u0027, os.name: \u0027Windows 10\u0027, os.arch: \u0027amd64\u0027, os.version: \u002710.0\u0027, java.version: \u00271.8.0_201\u0027\nDriver info: driver.version: ChromeDriver",
        "stackTrace": "org.openqa.selenium.SessionNotCreatedException: session not created exception\nfrom tab crashed\n  (Session info: chrome\u003d102.0.5005.115)\n  (Driver info: chromedriver\u003d2.40.565498 (ea082db3280dd6843ebfb08a625e3eb905c4f5ab),platform\u003dWindows NT 10.0.17763 x86_64) (WARNING: The server did not provide any stacktrace information)\nCommand duration or timeout: 2.07 seconds\nBuild info: version: \u00273.141.59\u0027, revision: \u0027e82be7d358\u0027, time: \u00272018-11-14T08:17:03\u0027\nSystem info: host: \u0027P01NDVW-NCTX295\u0027, ip: \u002710.25.71.100\u0027, os.name: \u0027Windows 10\u0027, os.arch: \u0027amd64\u0027, os.version: \u002710.0\u0027, java.version: \u00271.8.0_201\u0027\nDriver info: driver.version: ChromeDriver\r\n\tat sun.reflect.NativeConstructorAccessorImpl.newInstance0(Native Method)\r\n\tat sun.reflect.NativeConstructorAccessorImpl.newInstance(Unknown Source)\r\n\tat sun.reflect.DelegatingConstructorAccessorImpl.newInstance(Unknown Source)\r\n\tat java.lang.reflect.Constructor.newInstance(Unknown Source)\r\n\tat org.openqa.selenium.remote.ErrorHandler.createThrowable(ErrorHandler.java:214)\r\n\tat org.openqa.selenium.remote.ErrorHandler.throwIfResponseFailed(ErrorHandler.java:166)\r\n\tat org.openqa.selenium.remote.JsonWireProtocolResponse.lambda$errorHandler$0(JsonWireProtocolResponse.java:54)\r\n\tat org.openqa.selenium.remote.HandshakeResponse.lambda$getResponseFunction$0(HandshakeResponse.java:30)\r\n\tat org.openqa.selenium.remote.ProtocolHandshake.lambda$createSession$0(ProtocolHandshake.java:126)\r\n\tat java.util.stream.ReferencePipeline$3$1.accept(Unknown Source)\r\n\tat java.util.Spliterators$ArraySpliterator.tryAdvance(Unknown Source)\r\n\tat java.util.stream.ReferencePipeline.forEachWithCancel(Unknown Source)\r\n\tat java.util.stream.AbstractPipeline.copyIntoWithCancel(Unknown Source)\r\n\tat java.util.stream.AbstractPipeline.copyInto(Unknown Source)\r\n\tat java.util.stream.AbstractPipeline.wrapAndCopyInto(Unknown Source)\r\n\tat java.util.stream.FindOps$FindOp.evaluateSequential(Unknown Source)\r\n\tat java.util.stream.AbstractPipeline.evaluate(Unknown Source)\r\n\tat java.util.stream.ReferencePipeline.findFirst(Unknown Source)\r\n\tat org.openqa.selenium.remote.ProtocolHandshake.createSession(ProtocolHandshake.java:128)\r\n\tat org.openqa.selenium.remote.ProtocolHandshake.createSession(ProtocolHandshake.java:74)\r\n\tat org.openqa.selenium.remote.HttpCommandExecutor.execute(HttpCommandExecutor.java:136)\r\n\tat org.openqa.selenium.remote.service.DriverCommandExecutor.execute(DriverCommandExecutor.java:83)\r\n\tat org.openqa.selenium.remote.RemoteWebDriver.execute(RemoteWebDriver.java:552)\r\n\tat org.openqa.selenium.remote.RemoteWebDriver.startSession(RemoteWebDriver.java:213)\r\n\tat org.openqa.selenium.remote.RemoteWebDriver.\u003cinit\u003e(RemoteWebDriver.java:131)\r\n\tat org.openqa.selenium.chrome.ChromeDriver.\u003cinit\u003e(ChromeDriver.java:181)\r\n\tat org.openqa.selenium.chrome.ChromeDriver.\u003cinit\u003e(ChromeDriver.java:168)\r\n\tat org.openqa.selenium.chrome.ChromeDriver.\u003cinit\u003e(ChromeDriver.java:157)\r\n\tat com.lpl.qe.blackbird.WebFactory.webDriver(WebFactory.java:91)\r\n\tat com.lpl.qe.blackbird.DriverFactory.build(DriverFactory.java:130)\r\n\tat com.lpl.qe.blackbird.DriverFactory.buildProfile(DriverFactory.java:61)\r\n\tat com.lpl.qe.blackbird.DriverFactory.buildProfile(DriverFactory.java:50)\r\n\tat com.lpl.qe.blackbird.DriverFactory.build(DriverFactory.java:40)\r\n\tat com.lpl.qe.blackbird.testng.listeners.NeedsDriverListener.beforeInvocation(NeedsDriverListener.java:46)\r\n\tat org.testng.internal.invokers.InvokedMethodListenerInvoker.invokeListener(InvokedMethodListenerInvoker.java:56)\r\n\tat org.testng.internal.BaseInvoker.runInvokedMethodListeners(BaseInvoker.java:56)\r\n\tat org.testng.internal.TestInvoker.invokeMethod(TestInvoker.java:573)\r\n\tat org.testng.internal.TestInvoker.invokeTestMethod(TestInvoker.java:173)\r\n\tat org.testng.internal.MethodRunner.runInSequence(MethodRunner.java:46)\r\n\tat org.testng.internal.TestInvoker$MethodInvocationAgent.invoke(TestInvoker.java:824)\r\n\tat org.testng.internal.TestInvoker.invokeTestMethods(TestInvoker.java:146)\r\n\tat org.testng.internal.TestMethodWorker.invokeTestMethods(TestMethodWorker.java:146)\r\n\tat org.testng.internal.TestMethodWorker.run(TestMethodWorker.java:128)\r\n\tat java.util.ArrayList.forEach(Unknown Source)\r\n\tat org.testng.TestRunner.privateRun(TestRunner.java:794)\r\n\tat org.testng.TestRunner.run(TestRunner.java:596)\r\n\tat org.testng.SuiteRunner.runTest(SuiteRunner.java:377)\r\n\tat org.testng.SuiteRunner.runSequentially(SuiteRunner.java:371)\r\n\tat org.testng.SuiteRunner.privateRun(SuiteRunner.java:332)\r\n\tat org.testng.SuiteRunner.run(SuiteRunner.java:276)\r\n\tat org.testng.SuiteRunnerWorker.runSuite(SuiteRunnerWorker.java:53)\r\n\tat org.testng.SuiteRunnerWorker.run(SuiteRunnerWorker.java:96)\r\n\tat org.testng.TestNG.runSuitesSequentially(TestNG.java:1212)\r\n\tat org.testng.TestNG.runSuitesLocally(TestNG.java:1134)\r\n\tat org.testng.TestNG.runSuites(TestNG.java:1063)\r\n\tat org.testng.TestNG.run(TestNG.java:1031)\r\n\tat org.testng.remote.AbstractRemoteTestNG.run(AbstractRemoteTestNG.java:115)\r\n\tat org.testng.remote.RemoteTestNG.initAndRun(RemoteTestNG.java:251)\r\n\tat org.testng.remote.RemoteTestNG.main(RemoteTestNG.java:77)\r\n"
      },
      "testClass": "com.lpl.qe.portfolioaccountingfeebilling.householdingCAG.web.GroupBillingCapability",
      "test": "Default test",
      "parameters": [
        {
          "flatFeeValue": "1.5",
          "decimalFlatValue": "0.015",
          "schedule": "GroupSAM",
          "userName": "vaishali.zachrich",
          "password": "P@ssw0rd",
          "groupName": "25Auto HOUSEHOLD",
          "groupID": "10814956"
        }
      ],
      "suite": "Default suite",
      "logOutput": [],
      "resourceMetaDataList": [],
      "userInterfaces": [
        {
          "operatingSystem": "windows",
          "systemArchitecture": "64 bit",
          "deviceType": "",
          "platformName": "",
          "userAgent": "chrome",
          "userAgentVersion": "",
          "platformVersion": "",
          "deviceName": "",
          "appName": "",
          "appPath": ""
        }
      ],
      "webservices": []
    }
  ],
  "bugListMap": {
    "SessionNotCreatedException: session not created exception\nfrom tab crashed\n  (Session info: chrome\u003d102.0.5005.115)\n  (Driver info: chromedriver\u003d2.40.565498 (ea082db3280dd6843ebfb08a625e3eb905c4f5ab),platform\u003dWindows NT 10.0.17763 x86_64) (WARNING: The server did not provide any stacktrace information)\nCommand duration or timeout: 2.07 seconds\nBuild info: version: \u00273.141.59\u0027, revision: \u0027e82be7d358\u0027, time: \u00272018-11-14T08:17:03\u0027\nSystem info: host: \u0027P01NDVW-NCTX295\u0027, ip: \u002710.25.71.100\u0027, os.name: \u0027Windows 10\u0027, os.arch: \u0027amd64\u0027, os.version: \u002710.0\u0027, java.version: \u00271.8.0_201\u0027\nDriver info: driver.version: ChromeDriver": [
      {
        "id": "createAndEditFlatfeeBilling_1673621525797_1",
        "testMethodId": "createAndEditFlatfeeBilling_1673621525797_1",
        "name": "createAndEditFlatfeeBilling",
        "description": "",
        "configuration": false,
        "methodType": "TestMethod",
        "startDateTime": {
          "dateTime": {
            "date": {
              "year": 2023,
              "month": 1,
              "day": 13
            },
            "time": {
              "hour": 14,
              "minute": 52,
              "second": 5,
              "nano": 787000000
            }
          },
          "offset": {
            "totalSeconds": 0
          },
          "zone": {
            "totalSeconds": 0
          }
        },
        "endDateTime": {
          "dateTime": {
            "date": {
              "year": 2023,
              "month": 1,
              "day": 13
            },
            "time": {
              "hour": 14,
              "minute": 52,
              "second": 8,
              "nano": 941000000
            }
          },
          "offset": {
            "totalSeconds": 0
          },
          "zone": {
            "totalSeconds": 0
          }
        },
        "duration": "00h:00m:03s",
        "statusEnum": "FAILED",
        "status": "FAILED",
        "bug": {
          "message": "SessionNotCreatedException: session not created exception\nfrom tab crashed\n  (Session info: chrome\u003d102.0.5005.115)\n  (Driver info: chromedriver\u003d2.40.565498 (ea082db3280dd6843ebfb08a625e3eb905c4f5ab),platform\u003dWindows NT 10.0.17763 x86_64) (WARNING: The server did not provide any stacktrace information)\nCommand duration or timeout: 2.07 seconds\nBuild info: version: \u00273.141.59\u0027, revision: \u0027e82be7d358\u0027, time: \u00272018-11-14T08:17:03\u0027\nSystem info: host: \u0027P01NDVW-NCTX295\u0027, ip: \u002710.25.71.100\u0027, os.name: \u0027Windows 10\u0027, os.arch: \u0027amd64\u0027, os.version: \u002710.0\u0027, java.version: \u00271.8.0_201\u0027\nDriver info: driver.version: ChromeDriver",
          "stackTrace": "org.openqa.selenium.SessionNotCreatedException: session not created exception\nfrom tab crashed\n  (Session info: chrome\u003d102.0.5005.115)\n  (Driver info: chromedriver\u003d2.40.565498 (ea082db3280dd6843ebfb08a625e3eb905c4f5ab),platform\u003dWindows NT 10.0.17763 x86_64) (WARNING: The server did not provide any stacktrace information)\nCommand duration or timeout: 2.07 seconds\nBuild info: version: \u00273.141.59\u0027, revision: \u0027e82be7d358\u0027, time: \u00272018-11-14T08:17:03\u0027\nSystem info: host: \u0027P01NDVW-NCTX295\u0027, ip: \u002710.25.71.100\u0027, os.name: \u0027Windows 10\u0027, os.arch: \u0027amd64\u0027, os.version: \u002710.0\u0027, java.version: \u00271.8.0_201\u0027\nDriver info: driver.version: ChromeDriver\r\n\tat sun.reflect.NativeConstructorAccessorImpl.newInstance0(Native Method)\r\n\tat sun.reflect.NativeConstructorAccessorImpl.newInstance(Unknown Source)\r\n\tat sun.reflect.DelegatingConstructorAccessorImpl.newInstance(Unknown Source)\r\n\tat java.lang.reflect.Constructor.newInstance(Unknown Source)\r\n\tat org.openqa.selenium.remote.ErrorHandler.createThrowable(ErrorHandler.java:214)\r\n\tat org.openqa.selenium.remote.ErrorHandler.throwIfResponseFailed(ErrorHandler.java:166)\r\n\tat org.openqa.selenium.remote.JsonWireProtocolResponse.lambda$errorHandler$0(JsonWireProtocolResponse.java:54)\r\n\tat org.openqa.selenium.remote.HandshakeResponse.lambda$getResponseFunction$0(HandshakeResponse.java:30)\r\n\tat org.openqa.selenium.remote.ProtocolHandshake.lambda$createSession$0(ProtocolHandshake.java:126)\r\n\tat java.util.stream.ReferencePipeline$3$1.accept(Unknown Source)\r\n\tat java.util.Spliterators$ArraySpliterator.tryAdvance(Unknown Source)\r\n\tat java.util.stream.ReferencePipeline.forEachWithCancel(Unknown Source)\r\n\tat java.util.stream.AbstractPipeline.copyIntoWithCancel(Unknown Source)\r\n\tat java.util.stream.AbstractPipeline.copyInto(Unknown Source)\r\n\tat java.util.stream.AbstractPipeline.wrapAndCopyInto(Unknown Source)\r\n\tat java.util.stream.FindOps$FindOp.evaluateSequential(Unknown Source)\r\n\tat java.util.stream.AbstractPipeline.evaluate(Unknown Source)\r\n\tat java.util.stream.ReferencePipeline.findFirst(Unknown Source)\r\n\tat org.openqa.selenium.remote.ProtocolHandshake.createSession(ProtocolHandshake.java:128)\r\n\tat org.openqa.selenium.remote.ProtocolHandshake.createSession(ProtocolHandshake.java:74)\r\n\tat org.openqa.selenium.remote.HttpCommandExecutor.execute(HttpCommandExecutor.java:136)\r\n\tat org.openqa.selenium.remote.service.DriverCommandExecutor.execute(DriverCommandExecutor.java:83)\r\n\tat org.openqa.selenium.remote.RemoteWebDriver.execute(RemoteWebDriver.java:552)\r\n\tat org.openqa.selenium.remote.RemoteWebDriver.startSession(RemoteWebDriver.java:213)\r\n\tat org.openqa.selenium.remote.RemoteWebDriver.\u003cinit\u003e(RemoteWebDriver.java:131)\r\n\tat org.openqa.selenium.chrome.ChromeDriver.\u003cinit\u003e(ChromeDriver.java:181)\r\n\tat org.openqa.selenium.chrome.ChromeDriver.\u003cinit\u003e(ChromeDriver.java:168)\r\n\tat org.openqa.selenium.chrome.ChromeDriver.\u003cinit\u003e(ChromeDriver.java:157)\r\n\tat com.lpl.qe.blackbird.WebFactory.webDriver(WebFactory.java:91)\r\n\tat com.lpl.qe.blackbird.DriverFactory.build(DriverFactory.java:130)\r\n\tat com.lpl.qe.blackbird.DriverFactory.buildProfile(DriverFactory.java:61)\r\n\tat com.lpl.qe.blackbird.DriverFactory.buildProfile(DriverFactory.java:50)\r\n\tat com.lpl.qe.blackbird.DriverFactory.build(DriverFactory.java:40)\r\n\tat com.lpl.qe.blackbird.testng.listeners.NeedsDriverListener.beforeInvocation(NeedsDriverListener.java:46)\r\n\tat org.testng.internal.invokers.InvokedMethodListenerInvoker.invokeListener(InvokedMethodListenerInvoker.java:56)\r\n\tat org.testng.internal.BaseInvoker.runInvokedMethodListeners(BaseInvoker.java:56)\r\n\tat org.testng.internal.TestInvoker.invokeMethod(TestInvoker.java:573)\r\n\tat org.testng.internal.TestInvoker.invokeTestMethod(TestInvoker.java:173)\r\n\tat org.testng.internal.MethodRunner.runInSequence(MethodRunner.java:46)\r\n\tat org.testng.internal.TestInvoker$MethodInvocationAgent.invoke(TestInvoker.java:824)\r\n\tat org.testng.internal.TestInvoker.invokeTestMethods(TestInvoker.java:146)\r\n\tat org.testng.internal.TestMethodWorker.invokeTestMethods(TestMethodWorker.java:146)\r\n\tat org.testng.internal.TestMethodWorker.run(TestMethodWorker.java:128)\r\n\tat java.util.ArrayList.forEach(Unknown Source)\r\n\tat org.testng.TestRunner.privateRun(TestRunner.java:794)\r\n\tat org.testng.TestRunner.run(TestRunner.java:596)\r\n\tat org.testng.SuiteRunner.runTest(SuiteRunner.java:377)\r\n\tat org.testng.SuiteRunner.runSequentially(SuiteRunner.java:371)\r\n\tat org.testng.SuiteRunner.privateRun(SuiteRunner.java:332)\r\n\tat org.testng.SuiteRunner.run(SuiteRunner.java:276)\r\n\tat org.testng.SuiteRunnerWorker.runSuite(SuiteRunnerWorker.java:53)\r\n\tat org.testng.SuiteRunnerWorker.run(SuiteRunnerWorker.java:96)\r\n\tat org.testng.TestNG.runSuitesSequentially(TestNG.java:1212)\r\n\tat org.testng.TestNG.runSuitesLocally(TestNG.java:1134)\r\n\tat org.testng.TestNG.runSuites(TestNG.java:1063)\r\n\tat org.testng.TestNG.run(TestNG.java:1031)\r\n\tat org.testng.remote.AbstractRemoteTestNG.run(AbstractRemoteTestNG.java:115)\r\n\tat org.testng.remote.RemoteTestNG.initAndRun(RemoteTestNG.java:251)\r\n\tat org.testng.remote.RemoteTestNG.main(RemoteTestNG.java:77)\r\n"
        },
        "testClass": "com.lpl.qe.portfolioaccountingfeebilling.householdingCAG.web.GroupBillingCapability",
        "test": "Default test",
        "parameters": [
          {
            "flatFeeValue": "1.5",
            "decimalFlatValue": "0.015",
            "schedule": "GroupSAM",
            "userName": "vaishali.zachrich",
            "password": "P@ssw0rd",
            "groupName": "25Auto HOUSEHOLD",
            "groupID": "10814956"
          }
        ],
        "suite": "Default suite",
        "logOutput": [],
        "resourceMetaDataList": [],
        "userInterfaces": [
          {
            "operatingSystem": "windows",
            "systemArchitecture": "64 bit",
            "deviceType": "",
            "platformName": "",
            "userAgent": "chrome",
            "userAgentVersion": "",
            "platformVersion": "",
            "deviceName": "",
            "appName": "",
            "appPath": ""
          }
        ],
        "webservices": []
      }
    ]
  },
  "violationsListMap": {}
}