{
  "about": {
    "projectName": "portfolio-accounting-fee-billing",
    "team": "QE",
    "releaseVersion": "1.0",
    "executionOS": "Windows 10 10.0",
    "environment": "QA",
    "userName": "sethupar"
  },
  "name": "run_1670598321634",
  "startDateTime": {
    "dateTime": {
      "date": {
        "year": 2022,
        "month": 12,
        "day": 9
      },
      "time": {
        "hour": 15,
        "minute": 5,
        "second": 22,
        "nano": 657000000
      }
    },
    "offset": {
      "totalSeconds": 0
    },
    "zone": {
      "totalSeconds": 0
    }
  },
  "endDateTime": {
    "dateTime": {
      "date": {
        "year": 2022,
        "month": 12,
        "day": 9
      },
      "time": {
        "hour": 15,
        "minute": 6,
        "second": 53,
        "nano": 947000000
      }
    },
    "offset": {
      "totalSeconds": 0
    },
    "zone": {
      "totalSeconds": 0
    }
  },
  "duration": "00h:01m:31s",
  "statusEnum": "FAILED",
  "status": "FAILED",
  "testSuites": [
    {
      "name": "Default suite",
      "startDateTime": {
        "dateTime": {
          "date": {
            "year": 2022,
            "month": 12,
            "day": 9
          },
          "time": {
            "hour": 15,
            "minute": 5,
            "second": 24,
            "nano": 140000000
          }
        },
        "offset": {
          "totalSeconds": 0
        },
        "zone": {
          "totalSeconds": 0
        }
      },
      "endDateTime": {
        "dateTime": {
          "date": {
            "year": 2022,
            "month": 12,
            "day": 9
          },
          "time": {
            "hour": 15,
            "minute": 6,
            "second": 53,
            "nano": 801000000
          }
        },
        "offset": {
          "totalSeconds": 0
        },
        "zone": {
          "totalSeconds": 0
        }
      },
      "duration": "00h:01m:29s",
      "statusEnum": "FAILED",
      "status": "FAILED",
      "tests": [
        {
          "name": "Default test",
          "startDateTime": {
            "dateTime": {
              "date": {
                "year": 2022,
                "month": 12,
                "day": 9
              },
              "time": {
                "hour": 15,
                "minute": 5,
                "second": 24,
                "nano": 153000000
              }
            },
            "offset": {
              "totalSeconds": 0
            },
            "zone": {
              "totalSeconds": 0
            }
          },
          "endDateTime": {
            "dateTime": {
              "date": {
                "year": 2022,
                "month": 12,
                "day": 9
              },
              "time": {
                "hour": 15,
                "minute": 6,
                "second": 53,
                "nano": 798000000
              }
            },
            "offset": {
              "totalSeconds": 0
            },
            "zone": {
              "totalSeconds": 0
            }
          },
          "duration": "00h:01m:29s",
          "statusEnum": "FAILED",
          "status": "FAILED",
          "testMethods": [
            {
              "id": "createAndEditFlatfeeBilling_1670598325320_1",
              "testMethodId": "createAndEditFlatfeeBilling_1670598325320_1",
              "name": "createAndEditFlatfeeBilling",
              "description": "",
              "configuration": false,
              "methodType": "TestMethod",
              "startDateTime": {
                "dateTime": {
                  "date": {
                    "year": 2022,
                    "month": 12,
                    "day": 9
                  },
                  "time": {
                    "hour": 15,
                    "minute": 5,
                    "second": 25,
                    "nano": 310000000
                  }
                },
                "offset": {
                  "totalSeconds": 0
                },
                "zone": {
                  "totalSeconds": 0
                }
              },
              "endDateTime": {
                "dateTime": {
                  "date": {
                    "year": 2022,
                    "month": 12,
                    "day": 9
                  },
                  "time": {
                    "hour": 15,
                    "minute": 6,
                    "second": 52,
                    "nano": 12000000
                  }
                },
                "offset": {
                  "totalSeconds": 0
                },
                "zone": {
                  "totalSeconds": 0
                }
              },
              "duration": "00h:01m:26s",
              "statusEnum": "FAILED",
              "status": "FAILED",
              "bug": {
                "message": "NoSuchElementException: No element found with selectors : By.xpath: //li[2]/span/span\nFor documentation on this error, please visit: https://www.seleniumhq.org/exceptions/no_such_element.html\nBuild info: version: \u00273.141.59\u0027, revision: \u0027e82be7d358\u0027, time: \u00272018-11-14T08:17:03\u0027\nSystem info: host: \u0027P01NDVW-NCTX278\u0027, ip: \u002710.25.93.84\u0027, os.name: \u0027Windows 10\u0027, os.arch: \u0027amd64\u0027, os.version: \u002710.0\u0027, java.version: \u00271.8.0_201\u0027\nDriver info: driver.version: RemoteWebDriver",
                "stackTrace": "org.openqa.selenium.NoSuchElementException: No element found with selectors : By.xpath: //li[2]/span/span\nFor documentation on this error, please visit: https://www.seleniumhq.org/exceptions/no_such_element.html\nBuild info: version: \u00273.141.59\u0027, revision: \u0027e82be7d358\u0027, time: \u00272018-11-14T08:17:03\u0027\nSystem info: host: \u0027P01NDVW-NCTX278\u0027, ip: \u002710.25.93.84\u0027, os.name: \u0027Windows 10\u0027, os.arch: \u0027amd64\u0027, os.version: \u002710.0\u0027, java.version: \u00271.8.0_201\u0027\nDriver info: driver.version: RemoteWebDriver\r\n\tat com.lpl.qe.codegen.common.ByAnyFromAll.findElement(ByAnyFromAll.java:37)\r\n\tat org.openqa.selenium.remote.RemoteWebDriver.findElement(RemoteWebDriver.java:315)\r\n\tat org.openqa.selenium.support.pagefactory.DefaultElementLocator.findElement(DefaultElementLocator.java:69)\r\n\tat com.lpl.qe.blackbird.pagefactory.factory.internal.ElementHandler.invoke(ElementHandler.java:42)\r\n\tat com.sun.proxy.$Proxy21.isTextPresent(Unknown Source)\r\n\tat com.lpl.qe.CAG.BillingCapability.isTextPresentForFlatFeeDecimalReviewPage(BillingCapability.java:907)\r\n\tat com.lpl.qe.portfolioaccountingfeebilling.householding.utlities.web.BillingCapabilityUtility.verifyFlatFeeDecimalReviewPage(BillingCapabilityUtility.java:71)\r\n\tat com.lpl.qe.portfolioaccountingfeebilling.householdingCAG.web.GroupBillingCapability.createAndEditFlatfeeBilling(GroupBillingCapability.java:66)\r\n\tat sun.reflect.NativeMethodAccessorImpl.invoke0(Native Method)\r\n\tat sun.reflect.NativeMethodAccessorImpl.invoke(Unknown Source)\r\n\tat sun.reflect.DelegatingMethodAccessorImpl.invoke(Unknown Source)\r\n\tat java.lang.reflect.Method.invoke(Unknown Source)\r\n\tat org.testng.internal.MethodInvocationHelper.invokeMethod(MethodInvocationHelper.java:133)\r\n\tat org.testng.internal.TestInvoker.invokeMethod(TestInvoker.java:598)\r\n\tat org.testng.internal.TestInvoker.invokeTestMethod(TestInvoker.java:173)\r\n\tat org.testng.internal.MethodRunner.runInSequence(MethodRunner.java:46)\r\n\tat org.testng.internal.TestInvoker$MethodInvocationAgent.invoke(TestInvoker.java:824)\r\n\tat org.testng.internal.TestInvoker.invokeTestMethods(TestInvoker.java:146)\r\n\tat org.testng.internal.TestMethodWorker.invokeTestMethods(TestMethodWorker.java:146)\r\n\tat org.testng.internal.TestMethodWorker.run(TestMethodWorker.java:128)\r\n\tat java.util.ArrayList.forEach(Unknown Source)\r\n\tat org.testng.TestRunner.privateRun(TestRunner.java:794)\r\n\tat org.testng.TestRunner.run(TestRunner.java:596)\r\n\tat org.testng.SuiteRunner.runTest(SuiteRunner.java:377)\r\n\tat org.testng.SuiteRunner.runSequentially(SuiteRunner.java:371)\r\n\tat org.testng.SuiteRunner.privateRun(SuiteRunner.java:332)\r\n\tat org.testng.SuiteRunner.run(SuiteRunner.java:276)\r\n\tat org.testng.SuiteRunnerWorker.runSuite(SuiteRunnerWorker.java:53)\r\n\tat org.testng.SuiteRunnerWorker.run(SuiteRunnerWorker.java:96)\r\n\tat org.testng.TestNG.runSuitesSequentially(TestNG.java:1212)\r\n\tat org.testng.TestNG.runSuitesLocally(TestNG.java:1134)\r\n\tat org.testng.TestNG.runSuites(TestNG.java:1063)\r\n\tat org.testng.TestNG.run(TestNG.java:1031)\r\n\tat org.testng.remote.AbstractRemoteTestNG.run(AbstractRemoteTestNG.java:115)\r\n\tat org.testng.remote.RemoteTestNG.initAndRun(RemoteTestNG.java:251)\r\n\tat org.testng.remote.RemoteTestNG.main(RemoteTestNG.java:77)\r\n"
              },
              "testClass": "com.lpl.qe.portfolioaccountingfeebilling.householdingCAG.web.GroupBillingCapability",
              "test": "Default test",
              "parameters": [
                {
                  "flatFeeValue": "1.503",
                  "decimalFlatValue": "0.01503",
                  "schedule": "GroupSAM",
                  "userName": "vaishali.zachrich",
                  "password": "P@ssw0rd",
                  "groupName": "25Auto HOUSEHOLD",
                  "groupID": "11290128"
                }
              ],
              "suite": "Default suite",
              "logOutput": [],
              "resourceMetaDataList": [],
              "userInterfaces": [
                {
                  "operatingSystem": "windows",
                  "systemArchitecture": "64 bit",
                  "deviceType": "",
                  "platformName": "",
                  "userAgent": "chrome",
                  "userAgentVersion": "",
                  "platformVersion": "",
                  "deviceName": "",
                  "appName": "",
                  "appPath": ""
                }
              ],
              "webservices": []
            }
          ]
        }
      ]
    }
  ],
  "testMethodList": [
    {
      "id": "createAndEditFlatfeeBilling_1670598325320_1",
      "testMethodId": "createAndEditFlatfeeBilling_1670598325320_1",
      "name": "createAndEditFlatfeeBilling",
      "description": "",
      "configuration": false,
      "methodType": "TestMethod",
      "startDateTime": {
        "dateTime": {
          "date": {
            "year": 2022,
            "month": 12,
            "day": 9
          },
          "time": {
            "hour": 15,
            "minute": 5,
            "second": 25,
            "nano": 310000000
          }
        },
        "offset": {
          "totalSeconds": 0
        },
        "zone": {
          "totalSeconds": 0
        }
      },
      "endDateTime": {
        "dateTime": {
          "date": {
            "year": 2022,
            "month": 12,
            "day": 9
          },
          "time": {
            "hour": 15,
            "minute": 6,
            "second": 52,
            "nano": 12000000
          }
        },
        "offset": {
          "totalSeconds": 0
        },
        "zone": {
          "totalSeconds": 0
        }
      },
      "duration": "00h:01m:26s",
      "statusEnum": "FAILED",
      "status": "FAILED",
      "bug": {
        "message": "NoSuchElementException: No element found with selectors : By.xpath: //li[2]/span/span\nFor documentation on this error, please visit: https://www.seleniumhq.org/exceptions/no_such_element.html\nBuild info: version: \u00273.141.59\u0027, revision: \u0027e82be7d358\u0027, time: \u00272018-11-14T08:17:03\u0027\nSystem info: host: \u0027P01NDVW-NCTX278\u0027, ip: \u002710.25.93.84\u0027, os.name: \u0027Windows 10\u0027, os.arch: \u0027amd64\u0027, os.version: \u002710.0\u0027, java.version: \u00271.8.0_201\u0027\nDriver info: driver.version: RemoteWebDriver",
        "stackTrace": "org.openqa.selenium.NoSuchElementException: No element found with selectors : By.xpath: //li[2]/span/span\nFor documentation on this error, please visit: https://www.seleniumhq.org/exceptions/no_such_element.html\nBuild info: version: \u00273.141.59\u0027, revision: \u0027e82be7d358\u0027, time: \u00272018-11-14T08:17:03\u0027\nSystem info: host: \u0027P01NDVW-NCTX278\u0027, ip: \u002710.25.93.84\u0027, os.name: \u0027Windows 10\u0027, os.arch: \u0027amd64\u0027, os.version: \u002710.0\u0027, java.version: \u00271.8.0_201\u0027\nDriver info: driver.version: RemoteWebDriver\r\n\tat com.lpl.qe.codegen.common.ByAnyFromAll.findElement(ByAnyFromAll.java:37)\r\n\tat org.openqa.selenium.remote.RemoteWebDriver.findElement(RemoteWebDriver.java:315)\r\n\tat org.openqa.selenium.support.pagefactory.DefaultElementLocator.findElement(DefaultElementLocator.java:69)\r\n\tat com.lpl.qe.blackbird.pagefactory.factory.internal.ElementHandler.invoke(ElementHandler.java:42)\r\n\tat com.sun.proxy.$Proxy21.isTextPresent(Unknown Source)\r\n\tat com.lpl.qe.CAG.BillingCapability.isTextPresentForFlatFeeDecimalReviewPage(BillingCapability.java:907)\r\n\tat com.lpl.qe.portfolioaccountingfeebilling.householding.utlities.web.BillingCapabilityUtility.verifyFlatFeeDecimalReviewPage(BillingCapabilityUtility.java:71)\r\n\tat com.lpl.qe.portfolioaccountingfeebilling.householdingCAG.web.GroupBillingCapability.createAndEditFlatfeeBilling(GroupBillingCapability.java:66)\r\n\tat sun.reflect.NativeMethodAccessorImpl.invoke0(Native Method)\r\n\tat sun.reflect.NativeMethodAccessorImpl.invoke(Unknown Source)\r\n\tat sun.reflect.DelegatingMethodAccessorImpl.invoke(Unknown Source)\r\n\tat java.lang.reflect.Method.invoke(Unknown Source)\r\n\tat org.testng.internal.MethodInvocationHelper.invokeMethod(MethodInvocationHelper.java:133)\r\n\tat org.testng.internal.TestInvoker.invokeMethod(TestInvoker.java:598)\r\n\tat org.testng.internal.TestInvoker.invokeTestMethod(TestInvoker.java:173)\r\n\tat org.testng.internal.MethodRunner.runInSequence(MethodRunner.java:46)\r\n\tat org.testng.internal.TestInvoker$MethodInvocationAgent.invoke(TestInvoker.java:824)\r\n\tat org.testng.internal.TestInvoker.invokeTestMethods(TestInvoker.java:146)\r\n\tat org.testng.internal.TestMethodWorker.invokeTestMethods(TestMethodWorker.java:146)\r\n\tat org.testng.internal.TestMethodWorker.run(TestMethodWorker.java:128)\r\n\tat java.util.ArrayList.forEach(Unknown Source)\r\n\tat org.testng.TestRunner.privateRun(TestRunner.java:794)\r\n\tat org.testng.TestRunner.run(TestRunner.java:596)\r\n\tat org.testng.SuiteRunner.runTest(SuiteRunner.java:377)\r\n\tat org.testng.SuiteRunner.runSequentially(SuiteRunner.java:371)\r\n\tat org.testng.SuiteRunner.privateRun(SuiteRunner.java:332)\r\n\tat org.testng.SuiteRunner.run(SuiteRunner.java:276)\r\n\tat org.testng.SuiteRunnerWorker.runSuite(SuiteRunnerWorker.java:53)\r\n\tat org.testng.SuiteRunnerWorker.run(SuiteRunnerWorker.java:96)\r\n\tat org.testng.TestNG.runSuitesSequentially(TestNG.java:1212)\r\n\tat org.testng.TestNG.runSuitesLocally(TestNG.java:1134)\r\n\tat org.testng.TestNG.runSuites(TestNG.java:1063)\r\n\tat org.testng.TestNG.run(TestNG.java:1031)\r\n\tat org.testng.remote.AbstractRemoteTestNG.run(AbstractRemoteTestNG.java:115)\r\n\tat org.testng.remote.RemoteTestNG.initAndRun(RemoteTestNG.java:251)\r\n\tat org.testng.remote.RemoteTestNG.main(RemoteTestNG.java:77)\r\n"
      },
      "testClass": "com.lpl.qe.portfolioaccountingfeebilling.householdingCAG.web.GroupBillingCapability",
      "test": "Default test",
      "parameters": [
        {
          "flatFeeValue": "1.503",
          "decimalFlatValue": "0.01503",
          "schedule": "GroupSAM",
          "userName": "vaishali.zachrich",
          "password": "P@ssw0rd",
          "groupName": "25Auto HOUSEHOLD",
          "groupID": "11290128"
        }
      ],
      "suite": "Default suite",
      "logOutput": [],
      "resourceMetaDataList": [],
      "userInterfaces": [
        {
          "operatingSystem": "windows",
          "systemArchitecture": "64 bit",
          "deviceType": "",
          "platformName": "",
          "userAgent": "chrome",
          "userAgentVersion": "",
          "platformVersion": "",
          "deviceName": "",
          "appName": "",
          "appPath": ""
        }
      ],
      "webservices": []
    }
  ],
  "bugListMap": {
    "NoSuchElementException: No element found with selectors : By.xpath: //li[2]/span/span\nFor documentation on this error, please visit: https://www.seleniumhq.org/exceptions/no_such_element.html\nBuild info: version: \u00273.141.59\u0027, revision: \u0027e82be7d358\u0027, time: \u00272018-11-14T08:17:03\u0027\nSystem info: host: \u0027P01NDVW-NCTX278\u0027, ip: \u002710.25.93.84\u0027, os.name: \u0027Windows 10\u0027, os.arch: \u0027amd64\u0027, os.version: \u002710.0\u0027, java.version: \u00271.8.0_201\u0027\nDriver info: driver.version: RemoteWebDriver": [
      {
        "id": "createAndEditFlatfeeBilling_1670598325320_1",
        "testMethodId": "createAndEditFlatfeeBilling_1670598325320_1",
        "name": "createAndEditFlatfeeBilling",
        "description": "",
        "configuration": false,
        "methodType": "TestMethod",
        "startDateTime": {
          "dateTime": {
            "date": {
              "year": 2022,
              "month": 12,
              "day": 9
            },
            "time": {
              "hour": 15,
              "minute": 5,
              "second": 25,
              "nano": 310000000
            }
          },
          "offset": {
            "totalSeconds": 0
          },
          "zone": {
            "totalSeconds": 0
          }
        },
        "endDateTime": {
          "dateTime": {
            "date": {
              "year": 2022,
              "month": 12,
              "day": 9
            },
            "time": {
              "hour": 15,
              "minute": 6,
              "second": 52,
              "nano": 12000000
            }
          },
          "offset": {
            "totalSeconds": 0
          },
          "zone": {
            "totalSeconds": 0
          }
        },
        "duration": "00h:01m:26s",
        "statusEnum": "FAILED",
        "status": "FAILED",
        "bug": {
          "message": "NoSuchElementException: No element found with selectors : By.xpath: //li[2]/span/span\nFor documentation on this error, please visit: https://www.seleniumhq.org/exceptions/no_such_element.html\nBuild info: version: \u00273.141.59\u0027, revision: \u0027e82be7d358\u0027, time: \u00272018-11-14T08:17:03\u0027\nSystem info: host: \u0027P01NDVW-NCTX278\u0027, ip: \u002710.25.93.84\u0027, os.name: \u0027Windows 10\u0027, os.arch: \u0027amd64\u0027, os.version: \u002710.0\u0027, java.version: \u00271.8.0_201\u0027\nDriver info: driver.version: RemoteWebDriver",
          "stackTrace": "org.openqa.selenium.NoSuchElementException: No element found with selectors : By.xpath: //li[2]/span/span\nFor documentation on this error, please visit: https://www.seleniumhq.org/exceptions/no_such_element.html\nBuild info: version: \u00273.141.59\u0027, revision: \u0027e82be7d358\u0027, time: \u00272018-11-14T08:17:03\u0027\nSystem info: host: \u0027P01NDVW-NCTX278\u0027, ip: \u002710.25.93.84\u0027, os.name: \u0027Windows 10\u0027, os.arch: \u0027amd64\u0027, os.version: \u002710.0\u0027, java.version: \u00271.8.0_201\u0027\nDriver info: driver.version: RemoteWebDriver\r\n\tat com.lpl.qe.codegen.common.ByAnyFromAll.findElement(ByAnyFromAll.java:37)\r\n\tat org.openqa.selenium.remote.RemoteWebDriver.findElement(RemoteWebDriver.java:315)\r\n\tat org.openqa.selenium.support.pagefactory.DefaultElementLocator.findElement(DefaultElementLocator.java:69)\r\n\tat com.lpl.qe.blackbird.pagefactory.factory.internal.ElementHandler.invoke(ElementHandler.java:42)\r\n\tat com.sun.proxy.$Proxy21.isTextPresent(Unknown Source)\r\n\tat com.lpl.qe.CAG.BillingCapability.isTextPresentForFlatFeeDecimalReviewPage(BillingCapability.java:907)\r\n\tat com.lpl.qe.portfolioaccountingfeebilling.householding.utlities.web.BillingCapabilityUtility.verifyFlatFeeDecimalReviewPage(BillingCapabilityUtility.java:71)\r\n\tat com.lpl.qe.portfolioaccountingfeebilling.householdingCAG.web.GroupBillingCapability.createAndEditFlatfeeBilling(GroupBillingCapability.java:66)\r\n\tat sun.reflect.NativeMethodAccessorImpl.invoke0(Native Method)\r\n\tat sun.reflect.NativeMethodAccessorImpl.invoke(Unknown Source)\r\n\tat sun.reflect.DelegatingMethodAccessorImpl.invoke(Unknown Source)\r\n\tat java.lang.reflect.Method.invoke(Unknown Source)\r\n\tat org.testng.internal.MethodInvocationHelper.invokeMethod(MethodInvocationHelper.java:133)\r\n\tat org.testng.internal.TestInvoker.invokeMethod(TestInvoker.java:598)\r\n\tat org.testng.internal.TestInvoker.invokeTestMethod(TestInvoker.java:173)\r\n\tat org.testng.internal.MethodRunner.runInSequence(MethodRunner.java:46)\r\n\tat org.testng.internal.TestInvoker$MethodInvocationAgent.invoke(TestInvoker.java:824)\r\n\tat org.testng.internal.TestInvoker.invokeTestMethods(TestInvoker.java:146)\r\n\tat org.testng.internal.TestMethodWorker.invokeTestMethods(TestMethodWorker.java:146)\r\n\tat org.testng.internal.TestMethodWorker.run(TestMethodWorker.java:128)\r\n\tat java.util.ArrayList.forEach(Unknown Source)\r\n\tat org.testng.TestRunner.privateRun(TestRunner.java:794)\r\n\tat org.testng.TestRunner.run(TestRunner.java:596)\r\n\tat org.testng.SuiteRunner.runTest(SuiteRunner.java:377)\r\n\tat org.testng.SuiteRunner.runSequentially(SuiteRunner.java:371)\r\n\tat org.testng.SuiteRunner.privateRun(SuiteRunner.java:332)\r\n\tat org.testng.SuiteRunner.run(SuiteRunner.java:276)\r\n\tat org.testng.SuiteRunnerWorker.runSuite(SuiteRunnerWorker.java:53)\r\n\tat org.testng.SuiteRunnerWorker.run(SuiteRunnerWorker.java:96)\r\n\tat org.testng.TestNG.runSuitesSequentially(TestNG.java:1212)\r\n\tat org.testng.TestNG.runSuitesLocally(TestNG.java:1134)\r\n\tat org.testng.TestNG.runSuites(TestNG.java:1063)\r\n\tat org.testng.TestNG.run(TestNG.java:1031)\r\n\tat org.testng.remote.AbstractRemoteTestNG.run(AbstractRemoteTestNG.java:115)\r\n\tat org.testng.remote.RemoteTestNG.initAndRun(RemoteTestNG.java:251)\r\n\tat org.testng.remote.RemoteTestNG.main(RemoteTestNG.java:77)\r\n"
        },
        "testClass": "com.lpl.qe.portfolioaccountingfeebilling.householdingCAG.web.GroupBillingCapability",
        "test": "Default test",
        "parameters": [
          {
            "flatFeeValue": "1.503",
            "decimalFlatValue": "0.01503",
            "schedule": "GroupSAM",
            "userName": "vaishali.zachrich",
            "password": "P@ssw0rd",
            "groupName": "25Auto HOUSEHOLD",
            "groupID": "11290128"
          }
        ],
        "suite": "Default suite",
        "logOutput": [],
        "resourceMetaDataList": [],
        "userInterfaces": [
          {
            "operatingSystem": "windows",
            "systemArchitecture": "64 bit",
            "deviceType": "",
            "platformName": "",
            "userAgent": "chrome",
            "userAgentVersion": "",
            "platformVersion": "",
            "deviceName": "",
            "appName": "",
            "appPath": ""
          }
        ],
        "webservices": []
      }
    ]
  },
  "violationsListMap": {}
}