{
  "about": {
    "projectName": "portfolio-accounting-fee-billing",
    "team": "QE",
    "releaseVersion": "1.0",
    "executionOS": "Windows 10 10.0",
    "environment": "QA",
    "userName": "sethupar"
  },
  "name": "run_1670597895938",
  "startDateTime": {
    "dateTime": {
      "date": {
        "year": 2022,
        "month": 12,
        "day": 9
      },
      "time": {
        "hour": 14,
        "minute": 58,
        "second": 16,
        "nano": 825000000
      }
    },
    "offset": {
      "totalSeconds": 0
    },
    "zone": {
      "totalSeconds": 0
    }
  },
  "endDateTime": {
    "dateTime": {
      "date": {
        "year": 2022,
        "month": 12,
        "day": 9
      },
      "time": {
        "hour": 14,
        "minute": 59,
        "second": 8,
        "nano": 989000000
      }
    },
    "offset": {
      "totalSeconds": 0
    },
    "zone": {
      "totalSeconds": 0
    }
  },
  "duration": "00h:00m:52s",
  "statusEnum": "FAILED",
  "status": "FAILED",
  "testSuites": [
    {
      "name": "Default suite",
      "startDateTime": {
        "dateTime": {
          "date": {
            "year": 2022,
            "month": 12,
            "day": 9
          },
          "time": {
            "hour": 14,
            "minute": 58,
            "second": 17,
            "nano": 992000000
          }
        },
        "offset": {
          "totalSeconds": 0
        },
        "zone": {
          "totalSeconds": 0
        }
      },
      "endDateTime": {
        "dateTime": {
          "date": {
            "year": 2022,
            "month": 12,
            "day": 9
          },
          "time": {
            "hour": 14,
            "minute": 59,
            "second": 8,
            "nano": 885000000
          }
        },
        "offset": {
          "totalSeconds": 0
        },
        "zone": {
          "totalSeconds": 0
        }
      },
      "duration": "00h:00m:50s",
      "statusEnum": "FAILED",
      "status": "FAILED",
      "tests": [
        {
          "name": "Default test",
          "startDateTime": {
            "dateTime": {
              "date": {
                "year": 2022,
                "month": 12,
                "day": 9
              },
              "time": {
                "hour": 14,
                "minute": 58,
                "second": 18,
                "nano": 7000000
              }
            },
            "offset": {
              "totalSeconds": 0
            },
            "zone": {
              "totalSeconds": 0
            }
          },
          "endDateTime": {
            "dateTime": {
              "date": {
                "year": 2022,
                "month": 12,
                "day": 9
              },
              "time": {
                "hour": 14,
                "minute": 59,
                "second": 8,
                "nano": 881000000
              }
            },
            "offset": {
              "totalSeconds": 0
            },
            "zone": {
              "totalSeconds": 0
            }
          },
          "duration": "00h:00m:50s",
          "statusEnum": "FAILED",
          "status": "FAILED",
          "testMethods": [
            {
              "id": "createAndEditFlatfeeBilling_1670597899100_1",
              "testMethodId": "createAndEditFlatfeeBilling_1670597899100_1",
              "name": "createAndEditFlatfeeBilling",
              "description": "",
              "configuration": false,
              "methodType": "TestMethod",
              "startDateTime": {
                "dateTime": {
                  "date": {
                    "year": 2022,
                    "month": 12,
                    "day": 9
                  },
                  "time": {
                    "hour": 14,
                    "minute": 58,
                    "second": 19,
                    "nano": 89000000
                  }
                },
                "offset": {
                  "totalSeconds": 0
                },
                "zone": {
                  "totalSeconds": 0
                }
              },
              "endDateTime": {
                "dateTime": {
                  "date": {
                    "year": 2022,
                    "month": 12,
                    "day": 9
                  },
                  "time": {
                    "hour": 14,
                    "minute": 59,
                    "second": 7,
                    "nano": 365000000
                  }
                },
                "offset": {
                  "totalSeconds": 0
                },
                "zone": {
                  "totalSeconds": 0
                }
              },
              "duration": "00h:00m:48s",
              "statusEnum": "FAILED",
              "status": "FAILED",
              "bug": {
                "message": "WebDriverException: unknown error: Element \u003ci class\u003d\"fa fa-search\"\u003e\u003c/i\u003e is not clickable at point (611, 247). Other element would receive the click: \u003cdiv id\u003d\"loading-overlay\" style\u003d\"min-height: 100vh; min-width: 100vw; position: fixed; z-index: 1051; width: 1536px; top: 105px;\"\u003e\u003c/div\u003e\n  (Session info: chrome\u003d102.0.5005.115)\n  (Driver info: chromedriver\u003d2.40.565498 (ea082db3280dd6843ebfb08a625e3eb905c4f5ab),platform\u003dWindows NT 10.0.17763 x86_64) (WARNING: The server did not provide any stacktrace information)\nCommand duration or timeout: 0 milliseconds\nBuild info: version: \u00273.141.59\u0027, revision: \u0027e82be7d358\u0027, time: \u00272018-11-14T08:17:03\u0027\nSystem info: host: \u0027P01NDVW-NCTX278\u0027, ip: \u002710.25.93.84\u0027, os.name: \u0027Windows 10\u0027, os.arch: \u0027amd64\u0027, os.version: \u002710.0\u0027, java.version: \u00271.8.0_201\u0027\nDriver info: org.openqa.selenium.chrome.ChromeDriver\nCapabilities {acceptInsecureCerts: false, acceptSslCerts: false, applicationCacheEnabled: false, browserConnectionEnabled: false, browserName: chrome, chrome: {chromedriverVersion: 2.40.565498 (ea082db3280dd6..., userDataDir: C:\\Users\\sethupar\\AppData\\L...}, cssSelectorsEnabled: true, databaseEnabled: false, handlesAlerts: true, hasTouchScreen: false, javascriptEnabled: true, locationContextEnabled: true, mobileEmulationEnabled: false, nativeEvents: true, networkConnectionEnabled: false, pageLoadStrategy: normal, platform: XP, platformName: XP, rotatable: false, setWindowRect: true, takesHeapSnapshot: true, takesScreenshot: true, unexpectedAlertBehaviour: , unhandledPromptBehavior: , version: 102.0.5005.115, webStorageEnabled: true}\nSession ID: 59b8a8854df3368806cd7cdac37b8e71",
                "stackTrace": "org.openqa.selenium.WebDriverException: unknown error: Element \u003ci class\u003d\"fa fa-search\"\u003e\u003c/i\u003e is not clickable at point (611, 247). Other element would receive the click: \u003cdiv id\u003d\"loading-overlay\" style\u003d\"min-height: 100vh; min-width: 100vw; position: fixed; z-index: 1051; width: 1536px; top: 105px;\"\u003e\u003c/div\u003e\n  (Session info: chrome\u003d102.0.5005.115)\n  (Driver info: chromedriver\u003d2.40.565498 (ea082db3280dd6843ebfb08a625e3eb905c4f5ab),platform\u003dWindows NT 10.0.17763 x86_64) (WARNING: The server did not provide any stacktrace information)\nCommand duration or timeout: 0 milliseconds\nBuild info: version: \u00273.141.59\u0027, revision: \u0027e82be7d358\u0027, time: \u00272018-11-14T08:17:03\u0027\nSystem info: host: \u0027P01NDVW-NCTX278\u0027, ip: \u002710.25.93.84\u0027, os.name: \u0027Windows 10\u0027, os.arch: \u0027amd64\u0027, os.version: \u002710.0\u0027, java.version: \u00271.8.0_201\u0027\nDriver info: org.openqa.selenium.chrome.ChromeDriver\nCapabilities {acceptInsecureCerts: false, acceptSslCerts: false, applicationCacheEnabled: false, browserConnectionEnabled: false, browserName: chrome, chrome: {chromedriverVersion: 2.40.565498 (ea082db3280dd6..., userDataDir: C:\\Users\\sethupar\\AppData\\L...}, cssSelectorsEnabled: true, databaseEnabled: false, handlesAlerts: true, hasTouchScreen: false, javascriptEnabled: true, locationContextEnabled: true, mobileEmulationEnabled: false, nativeEvents: true, networkConnectionEnabled: false, pageLoadStrategy: normal, platform: XP, platformName: XP, rotatable: false, setWindowRect: true, takesHeapSnapshot: true, takesScreenshot: true, unexpectedAlertBehaviour: , unhandledPromptBehavior: , version: 102.0.5005.115, webStorageEnabled: true}\nSession ID: 59b8a8854df3368806cd7cdac37b8e71\r\n\tat sun.reflect.NativeConstructorAccessorImpl.newInstance0(Native Method)\r\n\tat sun.reflect.NativeConstructorAccessorImpl.newInstance(Unknown Source)\r\n\tat sun.reflect.DelegatingConstructorAccessorImpl.newInstance(Unknown Source)\r\n\tat java.lang.reflect.Constructor.newInstance(Unknown Source)\r\n\tat org.openqa.selenium.remote.ErrorHandler.createThrowable(ErrorHandler.java:214)\r\n\tat org.openqa.selenium.remote.ErrorHandler.throwIfResponseFailed(ErrorHandler.java:166)\r\n\tat org.openqa.selenium.remote.http.JsonHttpResponseCodec.reconstructValue(JsonHttpResponseCodec.java:40)\r\n\tat org.openqa.selenium.remote.http.AbstractHttpResponseCodec.decode(AbstractHttpResponseCodec.java:80)\r\n\tat org.openqa.selenium.remote.http.AbstractHttpResponseCodec.decode(AbstractHttpResponseCodec.java:44)\r\n\tat org.openqa.selenium.remote.HttpCommandExecutor.execute(HttpCommandExecutor.java:158)\r\n\tat org.openqa.selenium.remote.service.DriverCommandExecutor.execute(DriverCommandExecutor.java:83)\r\n\tat org.openqa.selenium.remote.RemoteWebDriver.execute(RemoteWebDriver.java:552)\r\n\tat org.openqa.selenium.remote.RemoteWebElement.execute(RemoteWebElement.java:285)\r\n\tat org.openqa.selenium.remote.RemoteWebElement.click(RemoteWebElement.java:84)\r\n\tat com.lpl.qe.blackbird.elements.GenericElement.click(GenericElement.java:50)\r\n\tat sun.reflect.NativeMethodAccessorImpl.invoke0(Native Method)\r\n\tat sun.reflect.NativeMethodAccessorImpl.invoke(Unknown Source)\r\n\tat sun.reflect.DelegatingMethodAccessorImpl.invoke(Unknown Source)\r\n\tat java.lang.reflect.Method.invoke(Unknown Source)\r\n\tat com.lpl.qe.blackbird.pagefactory.factory.internal.ElementHandler.invoke(ElementHandler.java:56)\r\n\tat com.sun.proxy.$Proxy20.click(Unknown Source)\r\n\tat com.lpl.qe.CAG.ClientworksCommon.clickHouseholdSearchButton(ClientworksCommon.java:178)\r\n\tat com.lpl.qe.portfolioaccountingfeebilling.householding.utlities.web.CommonUtility.clickSearchHouseholdButton(CommonUtility.java:71)\r\n\tat com.lpl.qe.portfolioaccountingfeebilling.householdingCAG.web.GroupBillingCapability.createAndEditFlatfeeBilling(GroupBillingCapability.java:47)\r\n\tat sun.reflect.NativeMethodAccessorImpl.invoke0(Native Method)\r\n\tat sun.reflect.NativeMethodAccessorImpl.invoke(Unknown Source)\r\n\tat sun.reflect.DelegatingMethodAccessorImpl.invoke(Unknown Source)\r\n\tat java.lang.reflect.Method.invoke(Unknown Source)\r\n\tat org.testng.internal.MethodInvocationHelper.invokeMethod(MethodInvocationHelper.java:133)\r\n\tat org.testng.internal.TestInvoker.invokeMethod(TestInvoker.java:598)\r\n\tat org.testng.internal.TestInvoker.invokeTestMethod(TestInvoker.java:173)\r\n\tat org.testng.internal.MethodRunner.runInSequence(MethodRunner.java:46)\r\n\tat org.testng.internal.TestInvoker$MethodInvocationAgent.invoke(TestInvoker.java:824)\r\n\tat org.testng.internal.TestInvoker.invokeTestMethods(TestInvoker.java:146)\r\n\tat org.testng.internal.TestMethodWorker.invokeTestMethods(TestMethodWorker.java:146)\r\n\tat org.testng.internal.TestMethodWorker.run(TestMethodWorker.java:128)\r\n\tat java.util.ArrayList.forEach(Unknown Source)\r\n\tat org.testng.TestRunner.privateRun(TestRunner.java:794)\r\n\tat org.testng.TestRunner.run(TestRunner.java:596)\r\n\tat org.testng.SuiteRunner.runTest(SuiteRunner.java:377)\r\n\tat org.testng.SuiteRunner.runSequentially(SuiteRunner.java:371)\r\n\tat org.testng.SuiteRunner.privateRun(SuiteRunner.java:332)\r\n\tat org.testng.SuiteRunner.run(SuiteRunner.java:276)\r\n\tat org.testng.SuiteRunnerWorker.runSuite(SuiteRunnerWorker.java:53)\r\n\tat org.testng.SuiteRunnerWorker.run(SuiteRunnerWorker.java:96)\r\n\tat org.testng.TestNG.runSuitesSequentially(TestNG.java:1212)\r\n\tat org.testng.TestNG.runSuitesLocally(TestNG.java:1134)\r\n\tat org.testng.TestNG.runSuites(TestNG.java:1063)\r\n\tat org.testng.TestNG.run(TestNG.java:1031)\r\n\tat org.testng.remote.AbstractRemoteTestNG.run(AbstractRemoteTestNG.java:115)\r\n\tat org.testng.remote.RemoteTestNG.initAndRun(RemoteTestNG.java:251)\r\n\tat org.testng.remote.RemoteTestNG.main(RemoteTestNG.java:77)\r\n"
              },
              "testClass": "com.lpl.qe.portfolioaccountingfeebilling.householdingCAG.web.GroupBillingCapability",
              "test": "Default test",
              "parameters": [
                {
                  "flatFeeValue": "1.503",
                  "decimalFlatValue": "0.01503",
                  "schedule": "GroupSAM",
                  "userName": "vaishali.zachrich",
                  "password": "P@ssw0rd",
                  "groupName": "25Auto HOUSEHOLD",
                  "groupID": "11290128"
                }
              ],
              "suite": "Default suite",
              "logOutput": [],
              "resourceMetaDataList": [],
              "userInterfaces": [
                {
                  "operatingSystem": "windows",
                  "systemArchitecture": "64 bit",
                  "deviceType": "",
                  "platformName": "",
                  "userAgent": "chrome",
                  "userAgentVersion": "",
                  "platformVersion": "",
                  "deviceName": "",
                  "appName": "",
                  "appPath": ""
                }
              ],
              "webservices": []
            }
          ]
        }
      ]
    }
  ],
  "testMethodList": [
    {
      "id": "createAndEditFlatfeeBilling_1670597899100_1",
      "testMethodId": "createAndEditFlatfeeBilling_1670597899100_1",
      "name": "createAndEditFlatfeeBilling",
      "description": "",
      "configuration": false,
      "methodType": "TestMethod",
      "startDateTime": {
        "dateTime": {
          "date": {
            "year": 2022,
            "month": 12,
            "day": 9
          },
          "time": {
            "hour": 14,
            "minute": 58,
            "second": 19,
            "nano": 89000000
          }
        },
        "offset": {
          "totalSeconds": 0
        },
        "zone": {
          "totalSeconds": 0
        }
      },
      "endDateTime": {
        "dateTime": {
          "date": {
            "year": 2022,
            "month": 12,
            "day": 9
          },
          "time": {
            "hour": 14,
            "minute": 59,
            "second": 7,
            "nano": 365000000
          }
        },
        "offset": {
          "totalSeconds": 0
        },
        "zone": {
          "totalSeconds": 0
        }
      },
      "duration": "00h:00m:48s",
      "statusEnum": "FAILED",
      "status": "FAILED",
      "bug": {
        "message": "WebDriverException: unknown error: Element \u003ci class\u003d\"fa fa-search\"\u003e\u003c/i\u003e is not clickable at point (611, 247). Other element would receive the click: \u003cdiv id\u003d\"loading-overlay\" style\u003d\"min-height: 100vh; min-width: 100vw; position: fixed; z-index: 1051; width: 1536px; top: 105px;\"\u003e\u003c/div\u003e\n  (Session info: chrome\u003d102.0.5005.115)\n  (Driver info: chromedriver\u003d2.40.565498 (ea082db3280dd6843ebfb08a625e3eb905c4f5ab),platform\u003dWindows NT 10.0.17763 x86_64) (WARNING: The server did not provide any stacktrace information)\nCommand duration or timeout: 0 milliseconds\nBuild info: version: \u00273.141.59\u0027, revision: \u0027e82be7d358\u0027, time: \u00272018-11-14T08:17:03\u0027\nSystem info: host: \u0027P01NDVW-NCTX278\u0027, ip: \u002710.25.93.84\u0027, os.name: \u0027Windows 10\u0027, os.arch: \u0027amd64\u0027, os.version: \u002710.0\u0027, java.version: \u00271.8.0_201\u0027\nDriver info: org.openqa.selenium.chrome.ChromeDriver\nCapabilities {acceptInsecureCerts: false, acceptSslCerts: false, applicationCacheEnabled: false, browserConnectionEnabled: false, browserName: chrome, chrome: {chromedriverVersion: 2.40.565498 (ea082db3280dd6..., userDataDir: C:\\Users\\sethupar\\AppData\\L...}, cssSelectorsEnabled: true, databaseEnabled: false, handlesAlerts: true, hasTouchScreen: false, javascriptEnabled: true, locationContextEnabled: true, mobileEmulationEnabled: false, nativeEvents: true, networkConnectionEnabled: false, pageLoadStrategy: normal, platform: XP, platformName: XP, rotatable: false, setWindowRect: true, takesHeapSnapshot: true, takesScreenshot: true, unexpectedAlertBehaviour: , unhandledPromptBehavior: , version: 102.0.5005.115, webStorageEnabled: true}\nSession ID: 59b8a8854df3368806cd7cdac37b8e71",
        "stackTrace": "org.openqa.selenium.WebDriverException: unknown error: Element \u003ci class\u003d\"fa fa-search\"\u003e\u003c/i\u003e is not clickable at point (611, 247). Other element would receive the click: \u003cdiv id\u003d\"loading-overlay\" style\u003d\"min-height: 100vh; min-width: 100vw; position: fixed; z-index: 1051; width: 1536px; top: 105px;\"\u003e\u003c/div\u003e\n  (Session info: chrome\u003d102.0.5005.115)\n  (Driver info: chromedriver\u003d2.40.565498 (ea082db3280dd6843ebfb08a625e3eb905c4f5ab),platform\u003dWindows NT 10.0.17763 x86_64) (WARNING: The server did not provide any stacktrace information)\nCommand duration or timeout: 0 milliseconds\nBuild info: version: \u00273.141.59\u0027, revision: \u0027e82be7d358\u0027, time: \u00272018-11-14T08:17:03\u0027\nSystem info: host: \u0027P01NDVW-NCTX278\u0027, ip: \u002710.25.93.84\u0027, os.name: \u0027Windows 10\u0027, os.arch: \u0027amd64\u0027, os.version: \u002710.0\u0027, java.version: \u00271.8.0_201\u0027\nDriver info: org.openqa.selenium.chrome.ChromeDriver\nCapabilities {acceptInsecureCerts: false, acceptSslCerts: false, applicationCacheEnabled: false, browserConnectionEnabled: false, browserName: chrome, chrome: {chromedriverVersion: 2.40.565498 (ea082db3280dd6..., userDataDir: C:\\Users\\sethupar\\AppData\\L...}, cssSelectorsEnabled: true, databaseEnabled: false, handlesAlerts: true, hasTouchScreen: false, javascriptEnabled: true, locationContextEnabled: true, mobileEmulationEnabled: false, nativeEvents: true, networkConnectionEnabled: false, pageLoadStrategy: normal, platform: XP, platformName: XP, rotatable: false, setWindowRect: true, takesHeapSnapshot: true, takesScreenshot: true, unexpectedAlertBehaviour: , unhandledPromptBehavior: , version: 102.0.5005.115, webStorageEnabled: true}\nSession ID: 59b8a8854df3368806cd7cdac37b8e71\r\n\tat sun.reflect.NativeConstructorAccessorImpl.newInstance0(Native Method)\r\n\tat sun.reflect.NativeConstructorAccessorImpl.newInstance(Unknown Source)\r\n\tat sun.reflect.DelegatingConstructorAccessorImpl.newInstance(Unknown Source)\r\n\tat java.lang.reflect.Constructor.newInstance(Unknown Source)\r\n\tat org.openqa.selenium.remote.ErrorHandler.createThrowable(ErrorHandler.java:214)\r\n\tat org.openqa.selenium.remote.ErrorHandler.throwIfResponseFailed(ErrorHandler.java:166)\r\n\tat org.openqa.selenium.remote.http.JsonHttpResponseCodec.reconstructValue(JsonHttpResponseCodec.java:40)\r\n\tat org.openqa.selenium.remote.http.AbstractHttpResponseCodec.decode(AbstractHttpResponseCodec.java:80)\r\n\tat org.openqa.selenium.remote.http.AbstractHttpResponseCodec.decode(AbstractHttpResponseCodec.java:44)\r\n\tat org.openqa.selenium.remote.HttpCommandExecutor.execute(HttpCommandExecutor.java:158)\r\n\tat org.openqa.selenium.remote.service.DriverCommandExecutor.execute(DriverCommandExecutor.java:83)\r\n\tat org.openqa.selenium.remote.RemoteWebDriver.execute(RemoteWebDriver.java:552)\r\n\tat org.openqa.selenium.remote.RemoteWebElement.execute(RemoteWebElement.java:285)\r\n\tat org.openqa.selenium.remote.RemoteWebElement.click(RemoteWebElement.java:84)\r\n\tat com.lpl.qe.blackbird.elements.GenericElement.click(GenericElement.java:50)\r\n\tat sun.reflect.NativeMethodAccessorImpl.invoke0(Native Method)\r\n\tat sun.reflect.NativeMethodAccessorImpl.invoke(Unknown Source)\r\n\tat sun.reflect.DelegatingMethodAccessorImpl.invoke(Unknown Source)\r\n\tat java.lang.reflect.Method.invoke(Unknown Source)\r\n\tat com.lpl.qe.blackbird.pagefactory.factory.internal.ElementHandler.invoke(ElementHandler.java:56)\r\n\tat com.sun.proxy.$Proxy20.click(Unknown Source)\r\n\tat com.lpl.qe.CAG.ClientworksCommon.clickHouseholdSearchButton(ClientworksCommon.java:178)\r\n\tat com.lpl.qe.portfolioaccountingfeebilling.householding.utlities.web.CommonUtility.clickSearchHouseholdButton(CommonUtility.java:71)\r\n\tat com.lpl.qe.portfolioaccountingfeebilling.householdingCAG.web.GroupBillingCapability.createAndEditFlatfeeBilling(GroupBillingCapability.java:47)\r\n\tat sun.reflect.NativeMethodAccessorImpl.invoke0(Native Method)\r\n\tat sun.reflect.NativeMethodAccessorImpl.invoke(Unknown Source)\r\n\tat sun.reflect.DelegatingMethodAccessorImpl.invoke(Unknown Source)\r\n\tat java.lang.reflect.Method.invoke(Unknown Source)\r\n\tat org.testng.internal.MethodInvocationHelper.invokeMethod(MethodInvocationHelper.java:133)\r\n\tat org.testng.internal.TestInvoker.invokeMethod(TestInvoker.java:598)\r\n\tat org.testng.internal.TestInvoker.invokeTestMethod(TestInvoker.java:173)\r\n\tat org.testng.internal.MethodRunner.runInSequence(MethodRunner.java:46)\r\n\tat org.testng.internal.TestInvoker$MethodInvocationAgent.invoke(TestInvoker.java:824)\r\n\tat org.testng.internal.TestInvoker.invokeTestMethods(TestInvoker.java:146)\r\n\tat org.testng.internal.TestMethodWorker.invokeTestMethods(TestMethodWorker.java:146)\r\n\tat org.testng.internal.TestMethodWorker.run(TestMethodWorker.java:128)\r\n\tat java.util.ArrayList.forEach(Unknown Source)\r\n\tat org.testng.TestRunner.privateRun(TestRunner.java:794)\r\n\tat org.testng.TestRunner.run(TestRunner.java:596)\r\n\tat org.testng.SuiteRunner.runTest(SuiteRunner.java:377)\r\n\tat org.testng.SuiteRunner.runSequentially(SuiteRunner.java:371)\r\n\tat org.testng.SuiteRunner.privateRun(SuiteRunner.java:332)\r\n\tat org.testng.SuiteRunner.run(SuiteRunner.java:276)\r\n\tat org.testng.SuiteRunnerWorker.runSuite(SuiteRunnerWorker.java:53)\r\n\tat org.testng.SuiteRunnerWorker.run(SuiteRunnerWorker.java:96)\r\n\tat org.testng.TestNG.runSuitesSequentially(TestNG.java:1212)\r\n\tat org.testng.TestNG.runSuitesLocally(TestNG.java:1134)\r\n\tat org.testng.TestNG.runSuites(TestNG.java:1063)\r\n\tat org.testng.TestNG.run(TestNG.java:1031)\r\n\tat org.testng.remote.AbstractRemoteTestNG.run(AbstractRemoteTestNG.java:115)\r\n\tat org.testng.remote.RemoteTestNG.initAndRun(RemoteTestNG.java:251)\r\n\tat org.testng.remote.RemoteTestNG.main(RemoteTestNG.java:77)\r\n"
      },
      "testClass": "com.lpl.qe.portfolioaccountingfeebilling.householdingCAG.web.GroupBillingCapability",
      "test": "Default test",
      "parameters": [
        {
          "flatFeeValue": "1.503",
          "decimalFlatValue": "0.01503",
          "schedule": "GroupSAM",
          "userName": "vaishali.zachrich",
          "password": "P@ssw0rd",
          "groupName": "25Auto HOUSEHOLD",
          "groupID": "11290128"
        }
      ],
      "suite": "Default suite",
      "logOutput": [],
      "resourceMetaDataList": [],
      "userInterfaces": [
        {
          "operatingSystem": "windows",
          "systemArchitecture": "64 bit",
          "deviceType": "",
          "platformName": "",
          "userAgent": "chrome",
          "userAgentVersion": "",
          "platformVersion": "",
          "deviceName": "",
          "appName": "",
          "appPath": ""
        }
      ],
      "webservices": []
    }
  ],
  "bugListMap": {
    "WebDriverException: unknown error: Element \u003ci class\u003d\"fa fa-search\"\u003e\u003c/i\u003e is not clickable at point (611, 247). Other element would receive the click: \u003cdiv id\u003d\"loading-overlay\" style\u003d\"min-height: 100vh; min-width: 100vw; position: fixed; z-index: 1051; width: 1536px; top: 105px;\"\u003e\u003c/div\u003e\n  (Session info: chrome\u003d102.0.5005.115)\n  (Driver info: chromedriver\u003d2.40.565498 (ea082db3280dd6843ebfb08a625e3eb905c4f5ab),platform\u003dWindows NT 10.0.17763 x86_64) (WARNING: The server did not provide any stacktrace information)\nCommand duration or timeout: 0 milliseconds\nBuild info: version: \u00273.141.59\u0027, revision: \u0027e82be7d358\u0027, time: \u00272018-11-14T08:17:03\u0027\nSystem info: host: \u0027P01NDVW-NCTX278\u0027, ip: \u002710.25.93.84\u0027, os.name: \u0027Windows 10\u0027, os.arch: \u0027amd64\u0027, os.version: \u002710.0\u0027, java.version: \u00271.8.0_201\u0027\nDriver info: org.openqa.selenium.chrome.ChromeDriver\nCapabilities {acceptInsecureCerts: false, acceptSslCerts: false, applicationCacheEnabled: false, browserConnectionEnabled: false, browserName: chrome, chrome: {chromedriverVersion: 2.40.565498 (ea082db3280dd6..., userDataDir: C:\\Users\\sethupar\\AppData\\L...}, cssSelectorsEnabled: true, databaseEnabled: false, handlesAlerts: true, hasTouchScreen: false, javascriptEnabled: true, locationContextEnabled: true, mobileEmulationEnabled: false, nativeEvents: true, networkConnectionEnabled: false, pageLoadStrategy: normal, platform: XP, platformName: XP, rotatable: false, setWindowRect: true, takesHeapSnapshot: true, takesScreenshot: true, unexpectedAlertBehaviour: , unhandledPromptBehavior: , version: 102.0.5005.115, webStorageEnabled: true}\nSession ID: 59b8a8854df3368806cd7cdac37b8e71": [
      {
        "id": "createAndEditFlatfeeBilling_1670597899100_1",
        "testMethodId": "createAndEditFlatfeeBilling_1670597899100_1",
        "name": "createAndEditFlatfeeBilling",
        "description": "",
        "configuration": false,
        "methodType": "TestMethod",
        "startDateTime": {
          "dateTime": {
            "date": {
              "year": 2022,
              "month": 12,
              "day": 9
            },
            "time": {
              "hour": 14,
              "minute": 58,
              "second": 19,
              "nano": 89000000
            }
          },
          "offset": {
            "totalSeconds": 0
          },
          "zone": {
            "totalSeconds": 0
          }
        },
        "endDateTime": {
          "dateTime": {
            "date": {
              "year": 2022,
              "month": 12,
              "day": 9
            },
            "time": {
              "hour": 14,
              "minute": 59,
              "second": 7,
              "nano": 365000000
            }
          },
          "offset": {
            "totalSeconds": 0
          },
          "zone": {
            "totalSeconds": 0
          }
        },
        "duration": "00h:00m:48s",
        "statusEnum": "FAILED",
        "status": "FAILED",
        "bug": {
          "message": "WebDriverException: unknown error: Element \u003ci class\u003d\"fa fa-search\"\u003e\u003c/i\u003e is not clickable at point (611, 247). Other element would receive the click: \u003cdiv id\u003d\"loading-overlay\" style\u003d\"min-height: 100vh; min-width: 100vw; position: fixed; z-index: 1051; width: 1536px; top: 105px;\"\u003e\u003c/div\u003e\n  (Session info: chrome\u003d102.0.5005.115)\n  (Driver info: chromedriver\u003d2.40.565498 (ea082db3280dd6843ebfb08a625e3eb905c4f5ab),platform\u003dWindows NT 10.0.17763 x86_64) (WARNING: The server did not provide any stacktrace information)\nCommand duration or timeout: 0 milliseconds\nBuild info: version: \u00273.141.59\u0027, revision: \u0027e82be7d358\u0027, time: \u00272018-11-14T08:17:03\u0027\nSystem info: host: \u0027P01NDVW-NCTX278\u0027, ip: \u002710.25.93.84\u0027, os.name: \u0027Windows 10\u0027, os.arch: \u0027amd64\u0027, os.version: \u002710.0\u0027, java.version: \u00271.8.0_201\u0027\nDriver info: org.openqa.selenium.chrome.ChromeDriver\nCapabilities {acceptInsecureCerts: false, acceptSslCerts: false, applicationCacheEnabled: false, browserConnectionEnabled: false, browserName: chrome, chrome: {chromedriverVersion: 2.40.565498 (ea082db3280dd6..., userDataDir: C:\\Users\\sethupar\\AppData\\L...}, cssSelectorsEnabled: true, databaseEnabled: false, handlesAlerts: true, hasTouchScreen: false, javascriptEnabled: true, locationContextEnabled: true, mobileEmulationEnabled: false, nativeEvents: true, networkConnectionEnabled: false, pageLoadStrategy: normal, platform: XP, platformName: XP, rotatable: false, setWindowRect: true, takesHeapSnapshot: true, takesScreenshot: true, unexpectedAlertBehaviour: , unhandledPromptBehavior: , version: 102.0.5005.115, webStorageEnabled: true}\nSession ID: 59b8a8854df3368806cd7cdac37b8e71",
          "stackTrace": "org.openqa.selenium.WebDriverException: unknown error: Element \u003ci class\u003d\"fa fa-search\"\u003e\u003c/i\u003e is not clickable at point (611, 247). Other element would receive the click: \u003cdiv id\u003d\"loading-overlay\" style\u003d\"min-height: 100vh; min-width: 100vw; position: fixed; z-index: 1051; width: 1536px; top: 105px;\"\u003e\u003c/div\u003e\n  (Session info: chrome\u003d102.0.5005.115)\n  (Driver info: chromedriver\u003d2.40.565498 (ea082db3280dd6843ebfb08a625e3eb905c4f5ab),platform\u003dWindows NT 10.0.17763 x86_64) (WARNING: The server did not provide any stacktrace information)\nCommand duration or timeout: 0 milliseconds\nBuild info: version: \u00273.141.59\u0027, revision: \u0027e82be7d358\u0027, time: \u00272018-11-14T08:17:03\u0027\nSystem info: host: \u0027P01NDVW-NCTX278\u0027, ip: \u002710.25.93.84\u0027, os.name: \u0027Windows 10\u0027, os.arch: \u0027amd64\u0027, os.version: \u002710.0\u0027, java.version: \u00271.8.0_201\u0027\nDriver info: org.openqa.selenium.chrome.ChromeDriver\nCapabilities {acceptInsecureCerts: false, acceptSslCerts: false, applicationCacheEnabled: false, browserConnectionEnabled: false, browserName: chrome, chrome: {chromedriverVersion: 2.40.565498 (ea082db3280dd6..., userDataDir: C:\\Users\\sethupar\\AppData\\L...}, cssSelectorsEnabled: true, databaseEnabled: false, handlesAlerts: true, hasTouchScreen: false, javascriptEnabled: true, locationContextEnabled: true, mobileEmulationEnabled: false, nativeEvents: true, networkConnectionEnabled: false, pageLoadStrategy: normal, platform: XP, platformName: XP, rotatable: false, setWindowRect: true, takesHeapSnapshot: true, takesScreenshot: true, unexpectedAlertBehaviour: , unhandledPromptBehavior: , version: 102.0.5005.115, webStorageEnabled: true}\nSession ID: 59b8a8854df3368806cd7cdac37b8e71\r\n\tat sun.reflect.NativeConstructorAccessorImpl.newInstance0(Native Method)\r\n\tat sun.reflect.NativeConstructorAccessorImpl.newInstance(Unknown Source)\r\n\tat sun.reflect.DelegatingConstructorAccessorImpl.newInstance(Unknown Source)\r\n\tat java.lang.reflect.Constructor.newInstance(Unknown Source)\r\n\tat org.openqa.selenium.remote.ErrorHandler.createThrowable(ErrorHandler.java:214)\r\n\tat org.openqa.selenium.remote.ErrorHandler.throwIfResponseFailed(ErrorHandler.java:166)\r\n\tat org.openqa.selenium.remote.http.JsonHttpResponseCodec.reconstructValue(JsonHttpResponseCodec.java:40)\r\n\tat org.openqa.selenium.remote.http.AbstractHttpResponseCodec.decode(AbstractHttpResponseCodec.java:80)\r\n\tat org.openqa.selenium.remote.http.AbstractHttpResponseCodec.decode(AbstractHttpResponseCodec.java:44)\r\n\tat org.openqa.selenium.remote.HttpCommandExecutor.execute(HttpCommandExecutor.java:158)\r\n\tat org.openqa.selenium.remote.service.DriverCommandExecutor.execute(DriverCommandExecutor.java:83)\r\n\tat org.openqa.selenium.remote.RemoteWebDriver.execute(RemoteWebDriver.java:552)\r\n\tat org.openqa.selenium.remote.RemoteWebElement.execute(RemoteWebElement.java:285)\r\n\tat org.openqa.selenium.remote.RemoteWebElement.click(RemoteWebElement.java:84)\r\n\tat com.lpl.qe.blackbird.elements.GenericElement.click(GenericElement.java:50)\r\n\tat sun.reflect.NativeMethodAccessorImpl.invoke0(Native Method)\r\n\tat sun.reflect.NativeMethodAccessorImpl.invoke(Unknown Source)\r\n\tat sun.reflect.DelegatingMethodAccessorImpl.invoke(Unknown Source)\r\n\tat java.lang.reflect.Method.invoke(Unknown Source)\r\n\tat com.lpl.qe.blackbird.pagefactory.factory.internal.ElementHandler.invoke(ElementHandler.java:56)\r\n\tat com.sun.proxy.$Proxy20.click(Unknown Source)\r\n\tat com.lpl.qe.CAG.ClientworksCommon.clickHouseholdSearchButton(ClientworksCommon.java:178)\r\n\tat com.lpl.qe.portfolioaccountingfeebilling.householding.utlities.web.CommonUtility.clickSearchHouseholdButton(CommonUtility.java:71)\r\n\tat com.lpl.qe.portfolioaccountingfeebilling.householdingCAG.web.GroupBillingCapability.createAndEditFlatfeeBilling(GroupBillingCapability.java:47)\r\n\tat sun.reflect.NativeMethodAccessorImpl.invoke0(Native Method)\r\n\tat sun.reflect.NativeMethodAccessorImpl.invoke(Unknown Source)\r\n\tat sun.reflect.DelegatingMethodAccessorImpl.invoke(Unknown Source)\r\n\tat java.lang.reflect.Method.invoke(Unknown Source)\r\n\tat org.testng.internal.MethodInvocationHelper.invokeMethod(MethodInvocationHelper.java:133)\r\n\tat org.testng.internal.TestInvoker.invokeMethod(TestInvoker.java:598)\r\n\tat org.testng.internal.TestInvoker.invokeTestMethod(TestInvoker.java:173)\r\n\tat org.testng.internal.MethodRunner.runInSequence(MethodRunner.java:46)\r\n\tat org.testng.internal.TestInvoker$MethodInvocationAgent.invoke(TestInvoker.java:824)\r\n\tat org.testng.internal.TestInvoker.invokeTestMethods(TestInvoker.java:146)\r\n\tat org.testng.internal.TestMethodWorker.invokeTestMethods(TestMethodWorker.java:146)\r\n\tat org.testng.internal.TestMethodWorker.run(TestMethodWorker.java:128)\r\n\tat java.util.ArrayList.forEach(Unknown Source)\r\n\tat org.testng.TestRunner.privateRun(TestRunner.java:794)\r\n\tat org.testng.TestRunner.run(TestRunner.java:596)\r\n\tat org.testng.SuiteRunner.runTest(SuiteRunner.java:377)\r\n\tat org.testng.SuiteRunner.runSequentially(SuiteRunner.java:371)\r\n\tat org.testng.SuiteRunner.privateRun(SuiteRunner.java:332)\r\n\tat org.testng.SuiteRunner.run(SuiteRunner.java:276)\r\n\tat org.testng.SuiteRunnerWorker.runSuite(SuiteRunnerWorker.java:53)\r\n\tat org.testng.SuiteRunnerWorker.run(SuiteRunnerWorker.java:96)\r\n\tat org.testng.TestNG.runSuitesSequentially(TestNG.java:1212)\r\n\tat org.testng.TestNG.runSuitesLocally(TestNG.java:1134)\r\n\tat org.testng.TestNG.runSuites(TestNG.java:1063)\r\n\tat org.testng.TestNG.run(TestNG.java:1031)\r\n\tat org.testng.remote.AbstractRemoteTestNG.run(AbstractRemoteTestNG.java:115)\r\n\tat org.testng.remote.RemoteTestNG.initAndRun(RemoteTestNG.java:251)\r\n\tat org.testng.remote.RemoteTestNG.main(RemoteTestNG.java:77)\r\n"
        },
        "testClass": "com.lpl.qe.portfolioaccountingfeebilling.householdingCAG.web.GroupBillingCapability",
        "test": "Default test",
        "parameters": [
          {
            "flatFeeValue": "1.503",
            "decimalFlatValue": "0.01503",
            "schedule": "GroupSAM",
            "userName": "vaishali.zachrich",
            "password": "P@ssw0rd",
            "groupName": "25Auto HOUSEHOLD",
            "groupID": "11290128"
          }
        ],
        "suite": "Default suite",
        "logOutput": [],
        "resourceMetaDataList": [],
        "userInterfaces": [
          {
            "operatingSystem": "windows",
            "systemArchitecture": "64 bit",
            "deviceType": "",
            "platformName": "",
            "userAgent": "chrome",
            "userAgentVersion": "",
            "platformVersion": "",
            "deviceName": "",
            "appName": "",
            "appPath": ""
          }
        ],
        "webservices": []
      }
    ]
  },
  "violationsListMap": {}
}