{
  "about": {
    "projectName": "Demo-BlackbirdDemo",
    "team": "QE",
    "releaseVersion": "1.0",
    "executionOS": "Windows 10 10.0",
    "environment": "QA",
    "userName": "vparthas"
  },
  "name": "run_1645534742527",
  "startDateTime": {
    "dateTime": {
      "date": {
        "year": 2022,
        "month": 2,
        "day": 22
      },
      "time": {
        "hour": 12,
        "minute": 59,
        "second": 3,
        "nano": 355000000
      }
    },
    "offset": {
      "totalSeconds": 0
    },
    "zone": {
      "totalSeconds": 0
    }
  },
  "endDateTime": {
    "dateTime": {
      "date": {
        "year": 2022,
        "month": 2,
        "day": 22
      },
      "time": {
        "hour": 13,
        "minute": 0,
        "second": 36,
        "nano": 983000000
      }
    },
    "offset": {
      "totalSeconds": 0
    },
    "zone": {
      "totalSeconds": 0
    }
  },
  "duration": "00h:01m:33s",
  "statusEnum": "PASSED",
  "status": "PASSED",
  "testSuites": [
    {
      "name": "Default suite",
      "startDateTime": {
        "dateTime": {
          "date": {
            "year": 2022,
            "month": 2,
            "day": 22
          },
          "time": {
            "hour": 12,
            "minute": 59,
            "second": 3,
            "nano": 748000000
          }
        },
        "offset": {
          "totalSeconds": 0
        },
        "zone": {
          "totalSeconds": 0
        }
      },
      "endDateTime": {
        "dateTime": {
          "date": {
            "year": 2022,
            "month": 2,
            "day": 22
          },
          "time": {
            "hour": 13,
            "minute": 0,
            "second": 35,
            "nano": 493000000
          }
        },
        "offset": {
          "totalSeconds": 0
        },
        "zone": {
          "totalSeconds": 0
        }
      },
      "duration": "00h:01m:31s",
      "statusEnum": "PASSED",
      "status": "PASSED",
      "tests": []
    },
    {
      "name": "Gatekeeper Test Cases",
      "startDateTime": {
        "dateTime": {
          "date": {
            "year": 2022,
            "month": 2,
            "day": 22
          },
          "time": {
            "hour": 13,
            "minute": 0,
            "second": 35,
            "nano": 494000000
          }
        },
        "offset": {
          "totalSeconds": 0
        },
        "zone": {
          "totalSeconds": 0
        }
      },
      "endDateTime": {
        "dateTime": {
          "date": {
            "year": 2022,
            "month": 2,
            "day": 22
          },
          "time": {
            "hour": 13,
            "minute": 0,
            "second": 35,
            "nano": 577000000
          }
        },
        "offset": {
          "totalSeconds": 0
        },
        "zone": {
          "totalSeconds": 0
        }
      },
      "duration": "00h:00m:00s",
      "statusEnum": "PASSED",
      "status": "PASSED",
      "tests": []
    },
    {
      "name": "Sanity Test Cases for AXA",
      "startDateTime": {
        "dateTime": {
          "date": {
            "year": 2022,
            "month": 2,
            "day": 22
          },
          "time": {
            "hour": 13,
            "minute": 0,
            "second": 35,
            "nano": 577000000
          }
        },
        "offset": {
          "totalSeconds": 0
        },
        "zone": {
          "totalSeconds": 0
        }
      },
      "endDateTime": {
        "dateTime": {
          "date": {
            "year": 2022,
            "month": 2,
            "day": 22
          },
          "time": {
            "hour": 13,
            "minute": 0,
            "second": 35,
            "nano": 579000000
          }
        },
        "offset": {
          "totalSeconds": 0
        },
        "zone": {
          "totalSeconds": 0
        }
      },
      "duration": "00h:00m:00s",
      "statusEnum": "PASSED",
      "status": "PASSED",
      "tests": []
    },
    {
      "name": "Dashboard Gatekeeper Test Cases",
      "startDateTime": {
        "dateTime": {
          "date": {
            "year": 2022,
            "month": 2,
            "day": 22
          },
          "time": {
            "hour": 13,
            "minute": 0,
            "second": 35,
            "nano": 579000000
          }
        },
        "offset": {
          "totalSeconds": 0
        },
        "zone": {
          "totalSeconds": 0
        }
      },
      "endDateTime": {
        "dateTime": {
          "date": {
            "year": 2022,
            "month": 2,
            "day": 22
          },
          "time": {
            "hour": 13,
            "minute": 0,
            "second": 35,
            "nano": 649000000
          }
        },
        "offset": {
          "totalSeconds": 0
        },
        "zone": {
          "totalSeconds": 0
        }
      },
      "duration": "00h:00m:00s",
      "statusEnum": "PASSED",
      "status": "PASSED",
      "tests": []
    },
    {
      "name": "Gatekeeper Test Cases",
      "startDateTime": {
        "dateTime": {
          "date": {
            "year": 2022,
            "month": 2,
            "day": 22
          },
          "time": {
            "hour": 13,
            "minute": 0,
            "second": 35,
            "nano": 649000000
          }
        },
        "offset": {
          "totalSeconds": 0
        },
        "zone": {
          "totalSeconds": 0
        }
      },
      "endDateTime": {
        "dateTime": {
          "date": {
            "year": 2022,
            "month": 2,
            "day": 22
          },
          "time": {
            "hour": 13,
            "minute": 0,
            "second": 35,
            "nano": 683000000
          }
        },
        "offset": {
          "totalSeconds": 0
        },
        "zone": {
          "totalSeconds": 0
        }
      },
      "duration": "00h:00m:00s",
      "statusEnum": "PASSED",
      "status": "PASSED",
      "tests": []
    },
    {
      "name": "User Story Test Cases for CAG Application",
      "startDateTime": {
        "dateTime": {
          "date": {
            "year": 2022,
            "month": 2,
            "day": 22
          },
          "time": {
            "hour": 13,
            "minute": 0,
            "second": 35,
            "nano": 683000000
          }
        },
        "offset": {
          "totalSeconds": 0
        },
        "zone": {
          "totalSeconds": 0
        }
      },
      "endDateTime": {
        "dateTime": {
          "date": {
            "year": 2022,
            "month": 2,
            "day": 22
          },
          "time": {
            "hour": 13,
            "minute": 0,
            "second": 35,
            "nano": 700000000
          }
        },
        "offset": {
          "totalSeconds": 0
        },
        "zone": {
          "totalSeconds": 0
        }
      },
      "duration": "00h:00m:00s",
      "statusEnum": "PASSED",
      "status": "PASSED",
      "tests": []
    },
    {
      "name": "Sanity Test Cases for QA Pull",
      "startDateTime": {
        "dateTime": {
          "date": {
            "year": 2022,
            "month": 2,
            "day": 22
          },
          "time": {
            "hour": 13,
            "minute": 0,
            "second": 35,
            "nano": 700000000
          }
        },
        "offset": {
          "totalSeconds": 0
        },
        "zone": {
          "totalSeconds": 0
        }
      },
      "endDateTime": {
        "dateTime": {
          "date": {
            "year": 2022,
            "month": 2,
            "day": 22
          },
          "time": {
            "hour": 13,
            "minute": 0,
            "second": 35,
            "nano": 862000000
          }
        },
        "offset": {
          "totalSeconds": 0
        },
        "zone": {
          "totalSeconds": 0
        }
      },
      "duration": "00h:00m:00s",
      "statusEnum": "PASSED",
      "status": "PASSED",
      "tests": [
        {
          "name": "Household Accounts Breakdown Validation",
          "startDateTime": {
            "dateTime": {
              "date": {
                "year": 2022,
                "month": 2,
                "day": 22
              },
              "time": {
                "hour": 13,
                "minute": 0,
                "second": 35,
                "nano": 754000000
              }
            },
            "offset": {
              "totalSeconds": 0
            },
            "zone": {
              "totalSeconds": 0
            }
          },
          "endDateTime": {
            "dateTime": {
              "date": {
                "year": 2022,
                "month": 2,
                "day": 22
              },
              "time": {
                "hour": 13,
                "minute": 0,
                "second": 35,
                "nano": 773000000
              }
            },
            "offset": {
              "totalSeconds": 0
            },
            "zone": {
              "totalSeconds": 0
            }
          },
          "duration": "00h:00m:00s",
          "statusEnum": "PASSED",
          "status": "PASSED",
          "testMethods": [
            {
              "id": "BEFOREHook_1645534835756_1",
              "testMethodId": "BEFOREHook_1645534835756_1",
              "name": "BEFOREHook",
              "configuration": true,
              "methodType": "TestMethod",
              "startDateTime": {
                "dateTime": {
                  "date": {
                    "year": 2022,
                    "month": 2,
                    "day": 22
                  },
                  "time": {
                    "hour": 13,
                    "minute": 0,
                    "second": 35,
                    "nano": 756000000
                  }
                },
                "offset": {
                  "totalSeconds": 0
                },
                "zone": {
                  "totalSeconds": 0
                }
              },
              "endDateTime": {
                "dateTime": {
                  "date": {
                    "year": 2022,
                    "month": 2,
                    "day": 22
                  },
                  "time": {
                    "hour": 13,
                    "minute": 0,
                    "second": 35,
                    "nano": 757000000
                  }
                },
                "offset": {
                  "totalSeconds": 0
                },
                "zone": {
                  "totalSeconds": 0
                }
              },
              "duration": "00h:00m:00s",
              "statusEnum": "PASSED",
              "status": "PASSED",
              "testClass": "io.cucumber.core.runner.HookTestStep",
              "test": "Household Accounts Breakdown Validation",
              "parameters": [],
              "suite": "Sanity Test Cases for QA Pull",
              "logOutput": [],
              "resourceMetaDataList": [],
              "userInterfaces": [],
              "webservices": []
            },
            {
              "id": "I login into ClientWorks application_1645534835759_1",
              "testMethodId": "I login into ClientWorks application_1645534835759_1",
              "name": "I login into ClientWorks application",
              "description": "Given ",
              "configuration": false,
              "methodType": "Step",
              "startDateTime": {
                "dateTime": {
                  "date": {
                    "year": 2022,
                    "month": 2,
                    "day": 22
                  },
                  "time": {
                    "hour": 13,
                    "minute": 0,
                    "second": 35,
                    "nano": 759000000
                  }
                },
                "offset": {
                  "totalSeconds": 0
                },
                "zone": {
                  "totalSeconds": 0
                }
              },
              "endDateTime": {
                "dateTime": {
                  "date": {
                    "year": 2022,
                    "month": 2,
                    "day": 22
                  },
                  "time": {
                    "hour": 13,
                    "minute": 0,
                    "second": 35,
                    "nano": 759000000
                  }
                },
                "offset": {
                  "totalSeconds": 0
                },
                "zone": {
                  "totalSeconds": 0
                }
              },
              "duration": "00h:00m:00s",
              "statusEnum": "PASSED",
              "status": "PASSED",
              "testClass": "io.cucumber.core.runner.PickleStepTestStep",
              "test": "Household Accounts Breakdown Validation",
              "parameters": [],
              "suite": "Sanity Test Cases for QA Pull",
              "logOutput": [],
              "resourceMetaDataList": [],
              "userInterfaces": [],
              "webservices": []
            },
            {
              "id": "I should view Client Management Page is displayed_1645534835759_1",
              "testMethodId": "I should view Client Management Page is displayed_1645534835759_1",
              "name": "I should view Client Management Page is displayed",
              "description": "Then ",
              "configuration": false,
              "methodType": "Step",
              "startDateTime": {
                "dateTime": {
                  "date": {
                    "year": 2022,
                    "month": 2,
                    "day": 22
                  },
                  "time": {
                    "hour": 13,
                    "minute": 0,
                    "second": 35,
                    "nano": 759000000
                  }
                },
                "offset": {
                  "totalSeconds": 0
                },
                "zone": {
                  "totalSeconds": 0
                }
              },
              "endDateTime": {
                "dateTime": {
                  "date": {
                    "year": 2022,
                    "month": 2,
                    "day": 22
                  },
                  "time": {
                    "hour": 13,
                    "minute": 0,
                    "second": 35,
                    "nano": 759000000
                  }
                },
                "offset": {
                  "totalSeconds": 0
                },
                "zone": {
                  "totalSeconds": 0
                }
              },
              "duration": "00h:00m:00s",
              "statusEnum": "PASSED",
              "status": "PASSED",
              "testClass": "io.cucumber.core.runner.PickleStepTestStep",
              "test": "Household Accounts Breakdown Validation",
              "parameters": [],
              "suite": "Sanity Test Cases for QA Pull",
              "logOutput": [],
              "resourceMetaDataList": [],
              "userInterfaces": [],
              "webservices": []
            },
            {
              "id": "I should navigate into Groups tab_1645534835760_1",
              "testMethodId": "I should navigate into Groups tab_1645534835760_1",
              "name": "I should navigate into Groups tab",
              "description": "And ",
              "configuration": false,
              "methodType": "Step",
              "startDateTime": {
                "dateTime": {
                  "date": {
                    "year": 2022,
                    "month": 2,
                    "day": 22
                  },
                  "time": {
                    "hour": 13,
                    "minute": 0,
                    "second": 35,
                    "nano": 760000000
                  }
                },
                "offset": {
                  "totalSeconds": 0
                },
                "zone": {
                  "totalSeconds": 0
                }
              },
              "endDateTime": {
                "dateTime": {
                  "date": {
                    "year": 2022,
                    "month": 2,
                    "day": 22
                  },
                  "time": {
                    "hour": 13,
                    "minute": 0,
                    "second": 35,
                    "nano": 760000000
                  }
                },
                "offset": {
                  "totalSeconds": 0
                },
                "zone": {
                  "totalSeconds": 0
                }
              },
              "duration": "00h:00m:00s",
              "statusEnum": "PASSED",
              "status": "PASSED",
              "testClass": "io.cucumber.core.runner.PickleStepTestStep",
              "test": "Household Accounts Breakdown Validation",
              "parameters": [],
              "suite": "Sanity Test Cases for QA Pull",
              "logOutput": [],
              "resourceMetaDataList": [],
              "userInterfaces": [],
              "webservices": []
            },
            {
              "id": "I enter Groupname_1645534835760_1",
              "testMethodId": "I enter Groupname_1645534835760_1",
              "name": "I enter Groupname",
              "description": "When ",
              "configuration": false,
              "methodType": "Step",
              "startDateTime": {
                "dateTime": {
                  "date": {
                    "year": 2022,
                    "month": 2,
                    "day": 22
                  },
                  "time": {
                    "hour": 13,
                    "minute": 0,
                    "second": 35,
                    "nano": 760000000
                  }
                },
                "offset": {
                  "totalSeconds": 0
                },
                "zone": {
                  "totalSeconds": 0
                }
              },
              "endDateTime": {
                "dateTime": {
                  "date": {
                    "year": 2022,
                    "month": 2,
                    "day": 22
                  },
                  "time": {
                    "hour": 13,
                    "minute": 0,
                    "second": 35,
                    "nano": 761000000
                  }
                },
                "offset": {
                  "totalSeconds": 0
                },
                "zone": {
                  "totalSeconds": 0
                }
              },
              "duration": "00h:00m:00s",
              "statusEnum": "PASSED",
              "status": "PASSED",
              "testClass": "io.cucumber.core.runner.PickleStepTestStep",
              "test": "Household Accounts Breakdown Validation",
              "parameters": [],
              "suite": "Sanity Test Cases for QA Pull",
              "logOutput": [],
              "resourceMetaDataList": [],
              "userInterfaces": [],
              "webservices": []
            },
            {
              "id": "I click on search button_1645534835761_1",
              "testMethodId": "I click on search button_1645534835761_1",
              "name": "I click on search button",
              "description": "Then ",
              "configuration": false,
              "methodType": "Step",
              "startDateTime": {
                "dateTime": {
                  "date": {
                    "year": 2022,
                    "month": 2,
                    "day": 22
                  },
                  "time": {
                    "hour": 13,
                    "minute": 0,
                    "second": 35,
                    "nano": 761000000
                  }
                },
                "offset": {
                  "totalSeconds": 0
                },
                "zone": {
                  "totalSeconds": 0
                }
              },
              "endDateTime": {
                "dateTime": {
                  "date": {
                    "year": 2022,
                    "month": 2,
                    "day": 22
                  },
                  "time": {
                    "hour": 13,
                    "minute": 0,
                    "second": 35,
                    "nano": 761000000
                  }
                },
                "offset": {
                  "totalSeconds": 0
                },
                "zone": {
                  "totalSeconds": 0
                }
              },
              "duration": "00h:00m:00s",
              "statusEnum": "PASSED",
              "status": "PASSED",
              "testClass": "io.cucumber.core.runner.PickleStepTestStep",
              "test": "Household Accounts Breakdown Validation",
              "parameters": [],
              "suite": "Sanity Test Cases for QA Pull",
              "logOutput": [],
              "resourceMetaDataList": [],
              "userInterfaces": [],
              "webservices": []
            },
            {
              "id": "I click on a hyperlinked Household Group name_1645534835762_1",
              "testMethodId": "I click on a hyperlinked Household Group name_1645534835762_1",
              "name": "I click on a hyperlinked Household Group name",
              "description": "When ",
              "configuration": false,
              "methodType": "Step",
              "startDateTime": {
                "dateTime": {
                  "date": {
                    "year": 2022,
                    "month": 2,
                    "day": 22
                  },
                  "time": {
                    "hour": 13,
                    "minute": 0,
                    "second": 35,
                    "nano": 762000000
                  }
                },
                "offset": {
                  "totalSeconds": 0
                },
                "zone": {
                  "totalSeconds": 0
                }
              },
              "endDateTime": {
                "dateTime": {
                  "date": {
                    "year": 2022,
                    "month": 2,
                    "day": 22
                  },
                  "time": {
                    "hour": 13,
                    "minute": 0,
                    "second": 35,
                    "nano": 762000000
                  }
                },
                "offset": {
                  "totalSeconds": 0
                },
                "zone": {
                  "totalSeconds": 0
                }
              },
              "duration": "00h:00m:00s",
              "statusEnum": "PASSED",
              "status": "PASSED",
              "testClass": "io.cucumber.core.runner.PickleStepTestStep",
              "test": "Household Accounts Breakdown Validation",
              "parameters": [],
              "suite": "Sanity Test Cases for QA Pull",
              "logOutput": [],
              "resourceMetaDataList": [],
              "userInterfaces": [],
              "webservices": []
            },
            {
              "id": "I should see household group Dashboard page_1645534835762_1",
              "testMethodId": "I should see household group Dashboard page_1645534835762_1",
              "name": "I should see household group Dashboard page",
              "description": "Then ",
              "configuration": false,
              "methodType": "Step",
              "startDateTime": {
                "dateTime": {
                  "date": {
                    "year": 2022,
                    "month": 2,
                    "day": 22
                  },
                  "time": {
                    "hour": 13,
                    "minute": 0,
                    "second": 35,
                    "nano": 762000000
                  }
                },
                "offset": {
                  "totalSeconds": 0
                },
                "zone": {
                  "totalSeconds": 0
                }
              },
              "endDateTime": {
                "dateTime": {
                  "date": {
                    "year": 2022,
                    "month": 2,
                    "day": 22
                  },
                  "time": {
                    "hour": 13,
                    "minute": 0,
                    "second": 35,
                    "nano": 762000000
                  }
                },
                "offset": {
                  "totalSeconds": 0
                },
                "zone": {
                  "totalSeconds": 0
                }
              },
              "duration": "00h:00m:00s",
              "statusEnum": "PASSED",
              "status": "PASSED",
              "testClass": "io.cucumber.core.runner.PickleStepTestStep",
              "test": "Household Accounts Breakdown Validation",
              "parameters": [],
              "suite": "Sanity Test Cases for QA Pull",
              "logOutput": [],
              "resourceMetaDataList": [],
              "userInterfaces": [],
              "webservices": []
            },
            {
              "id": "I see Household Accounts Section_1645534835763_1",
              "testMethodId": "I see Household Accounts Section_1645534835763_1",
              "name": "I see Household Accounts Section",
              "description": "When ",
              "configuration": false,
              "methodType": "Step",
              "startDateTime": {
                "dateTime": {
                  "date": {
                    "year": 2022,
                    "month": 2,
                    "day": 22
                  },
                  "time": {
                    "hour": 13,
                    "minute": 0,
                    "second": 35,
                    "nano": 763000000
                  }
                },
                "offset": {
                  "totalSeconds": 0
                },
                "zone": {
                  "totalSeconds": 0
                }
              },
              "endDateTime": {
                "dateTime": {
                  "date": {
                    "year": 2022,
                    "month": 2,
                    "day": 22
                  },
                  "time": {
                    "hour": 13,
                    "minute": 0,
                    "second": 35,
                    "nano": 763000000
                  }
                },
                "offset": {
                  "totalSeconds": 0
                },
                "zone": {
                  "totalSeconds": 0
                }
              },
              "duration": "00h:00m:00s",
              "statusEnum": "PASSED",
              "status": "PASSED",
              "testClass": "io.cucumber.core.runner.PickleStepTestStep",
              "test": "Household Accounts Breakdown Validation",
              "parameters": [],
              "suite": "Sanity Test Cases for QA Pull",
              "logOutput": [],
              "resourceMetaDataList": [],
              "userInterfaces": [],
              "webservices": []
            },
            {
              "id": "I should see below mention Household accounts breakdown Columns_1645534835764_1",
              "testMethodId": "I should see below mention Household accounts breakdown Columns_1645534835764_1",
              "name": "I should see below mention Household accounts breakdown Columns",
              "description": "Then ",
              "configuration": false,
              "methodType": "Step",
              "startDateTime": {
                "dateTime": {
                  "date": {
                    "year": 2022,
                    "month": 2,
                    "day": 22
                  },
                  "time": {
                    "hour": 13,
                    "minute": 0,
                    "second": 35,
                    "nano": 764000000
                  }
                },
                "offset": {
                  "totalSeconds": 0
                },
                "zone": {
                  "totalSeconds": 0
                }
              },
              "endDateTime": {
                "dateTime": {
                  "date": {
                    "year": 2022,
                    "month": 2,
                    "day": 22
                  },
                  "time": {
                    "hour": 13,
                    "minute": 0,
                    "second": 35,
                    "nano": 764000000
                  }
                },
                "offset": {
                  "totalSeconds": 0
                },
                "zone": {
                  "totalSeconds": 0
                }
              },
              "duration": "00h:00m:00s",
              "statusEnum": "PASSED",
              "status": "PASSED",
              "testClass": "io.cucumber.core.runner.PickleStepTestStep",
              "test": "Household Accounts Breakdown Validation",
              "parameters": [],
              "suite": "Sanity Test Cases for QA Pull",
              "logOutput": [],
              "resourceMetaDataList": [],
              "userInterfaces": [],
              "webservices": []
            },
            {
              "id": "AFTERHook_1645534835765_1",
              "testMethodId": "AFTERHook_1645534835765_1",
              "name": "AFTERHook",
              "configuration": true,
              "methodType": "TestMethod",
              "startDateTime": {
                "dateTime": {
                  "date": {
                    "year": 2022,
                    "month": 2,
                    "day": 22
                  },
                  "time": {
                    "hour": 13,
                    "minute": 0,
                    "second": 35,
                    "nano": 765000000
                  }
                },
                "offset": {
                  "totalSeconds": 0
                },
                "zone": {
                  "totalSeconds": 0
                }
              },
              "endDateTime": {
                "dateTime": {
                  "date": {
                    "year": 2022,
                    "month": 2,
                    "day": 22
                  },
                  "time": {
                    "hour": 13,
                    "minute": 0,
                    "second": 35,
                    "nano": 765000000
                  }
                },
                "offset": {
                  "totalSeconds": 0
                },
                "zone": {
                  "totalSeconds": 0
                }
              },
              "duration": "00h:00m:00s",
              "statusEnum": "PASSED",
              "status": "PASSED",
              "testClass": "io.cucumber.core.runner.HookTestStep",
              "test": "Household Accounts Breakdown Validation",
              "parameters": [],
              "suite": "Sanity Test Cases for QA Pull",
              "logOutput": [],
              "resourceMetaDataList": [],
              "userInterfaces": [],
              "webservices": []
            }
          ]
        }
      ]
    }
  ],
  "testMethodList": [
    {
      "id": "BEFOREHook_1645534835756_1",
      "testMethodId": "BEFOREHook_1645534835756_1",
      "name": "BEFOREHook",
      "configuration": true,
      "methodType": "TestMethod",
      "startDateTime": {
        "dateTime": {
          "date": {
            "year": 2022,
            "month": 2,
            "day": 22
          },
          "time": {
            "hour": 13,
            "minute": 0,
            "second": 35,
            "nano": 756000000
          }
        },
        "offset": {
          "totalSeconds": 0
        },
        "zone": {
          "totalSeconds": 0
        }
      },
      "endDateTime": {
        "dateTime": {
          "date": {
            "year": 2022,
            "month": 2,
            "day": 22
          },
          "time": {
            "hour": 13,
            "minute": 0,
            "second": 35,
            "nano": 757000000
          }
        },
        "offset": {
          "totalSeconds": 0
        },
        "zone": {
          "totalSeconds": 0
        }
      },
      "duration": "00h:00m:00s",
      "statusEnum": "PASSED",
      "status": "PASSED",
      "testClass": "io.cucumber.core.runner.HookTestStep",
      "test": "Household Accounts Breakdown Validation",
      "parameters": [],
      "suite": "Sanity Test Cases for QA Pull",
      "logOutput": [],
      "resourceMetaDataList": [],
      "userInterfaces": [],
      "webservices": []
    },
    {
      "id": "I login into ClientWorks application_1645534835759_1",
      "testMethodId": "I login into ClientWorks application_1645534835759_1",
      "name": "I login into ClientWorks application",
      "description": "Given ",
      "configuration": false,
      "methodType": "Step",
      "startDateTime": {
        "dateTime": {
          "date": {
            "year": 2022,
            "month": 2,
            "day": 22
          },
          "time": {
            "hour": 13,
            "minute": 0,
            "second": 35,
            "nano": 759000000
          }
        },
        "offset": {
          "totalSeconds": 0
        },
        "zone": {
          "totalSeconds": 0
        }
      },
      "endDateTime": {
        "dateTime": {
          "date": {
            "year": 2022,
            "month": 2,
            "day": 22
          },
          "time": {
            "hour": 13,
            "minute": 0,
            "second": 35,
            "nano": 759000000
          }
        },
        "offset": {
          "totalSeconds": 0
        },
        "zone": {
          "totalSeconds": 0
        }
      },
      "duration": "00h:00m:00s",
      "statusEnum": "PASSED",
      "status": "PASSED",
      "testClass": "io.cucumber.core.runner.PickleStepTestStep",
      "test": "Household Accounts Breakdown Validation",
      "parameters": [],
      "suite": "Sanity Test Cases for QA Pull",
      "logOutput": [],
      "resourceMetaDataList": [],
      "userInterfaces": [],
      "webservices": []
    },
    {
      "id": "I should view Client Management Page is displayed_1645534835759_1",
      "testMethodId": "I should view Client Management Page is displayed_1645534835759_1",
      "name": "I should view Client Management Page is displayed",
      "description": "Then ",
      "configuration": false,
      "methodType": "Step",
      "startDateTime": {
        "dateTime": {
          "date": {
            "year": 2022,
            "month": 2,
            "day": 22
          },
          "time": {
            "hour": 13,
            "minute": 0,
            "second": 35,
            "nano": 759000000
          }
        },
        "offset": {
          "totalSeconds": 0
        },
        "zone": {
          "totalSeconds": 0
        }
      },
      "endDateTime": {
        "dateTime": {
          "date": {
            "year": 2022,
            "month": 2,
            "day": 22
          },
          "time": {
            "hour": 13,
            "minute": 0,
            "second": 35,
            "nano": 759000000
          }
        },
        "offset": {
          "totalSeconds": 0
        },
        "zone": {
          "totalSeconds": 0
        }
      },
      "duration": "00h:00m:00s",
      "statusEnum": "PASSED",
      "status": "PASSED",
      "testClass": "io.cucumber.core.runner.PickleStepTestStep",
      "test": "Household Accounts Breakdown Validation",
      "parameters": [],
      "suite": "Sanity Test Cases for QA Pull",
      "logOutput": [],
      "resourceMetaDataList": [],
      "userInterfaces": [],
      "webservices": []
    },
    {
      "id": "I should navigate into Groups tab_1645534835760_1",
      "testMethodId": "I should navigate into Groups tab_1645534835760_1",
      "name": "I should navigate into Groups tab",
      "description": "And ",
      "configuration": false,
      "methodType": "Step",
      "startDateTime": {
        "dateTime": {
          "date": {
            "year": 2022,
            "month": 2,
            "day": 22
          },
          "time": {
            "hour": 13,
            "minute": 0,
            "second": 35,
            "nano": 760000000
          }
        },
        "offset": {
          "totalSeconds": 0
        },
        "zone": {
          "totalSeconds": 0
        }
      },
      "endDateTime": {
        "dateTime": {
          "date": {
            "year": 2022,
            "month": 2,
            "day": 22
          },
          "time": {
            "hour": 13,
            "minute": 0,
            "second": 35,
            "nano": 760000000
          }
        },
        "offset": {
          "totalSeconds": 0
        },
        "zone": {
          "totalSeconds": 0
        }
      },
      "duration": "00h:00m:00s",
      "statusEnum": "PASSED",
      "status": "PASSED",
      "testClass": "io.cucumber.core.runner.PickleStepTestStep",
      "test": "Household Accounts Breakdown Validation",
      "parameters": [],
      "suite": "Sanity Test Cases for QA Pull",
      "logOutput": [],
      "resourceMetaDataList": [],
      "userInterfaces": [],
      "webservices": []
    },
    {
      "id": "I enter Groupname_1645534835760_1",
      "testMethodId": "I enter Groupname_1645534835760_1",
      "name": "I enter Groupname",
      "description": "When ",
      "configuration": false,
      "methodType": "Step",
      "startDateTime": {
        "dateTime": {
          "date": {
            "year": 2022,
            "month": 2,
            "day": 22
          },
          "time": {
            "hour": 13,
            "minute": 0,
            "second": 35,
            "nano": 760000000
          }
        },
        "offset": {
          "totalSeconds": 0
        },
        "zone": {
          "totalSeconds": 0
        }
      },
      "endDateTime": {
        "dateTime": {
          "date": {
            "year": 2022,
            "month": 2,
            "day": 22
          },
          "time": {
            "hour": 13,
            "minute": 0,
            "second": 35,
            "nano": 761000000
          }
        },
        "offset": {
          "totalSeconds": 0
        },
        "zone": {
          "totalSeconds": 0
        }
      },
      "duration": "00h:00m:00s",
      "statusEnum": "PASSED",
      "status": "PASSED",
      "testClass": "io.cucumber.core.runner.PickleStepTestStep",
      "test": "Household Accounts Breakdown Validation",
      "parameters": [],
      "suite": "Sanity Test Cases for QA Pull",
      "logOutput": [],
      "resourceMetaDataList": [],
      "userInterfaces": [],
      "webservices": []
    },
    {
      "id": "I click on search button_1645534835761_1",
      "testMethodId": "I click on search button_1645534835761_1",
      "name": "I click on search button",
      "description": "Then ",
      "configuration": false,
      "methodType": "Step",
      "startDateTime": {
        "dateTime": {
          "date": {
            "year": 2022,
            "month": 2,
            "day": 22
          },
          "time": {
            "hour": 13,
            "minute": 0,
            "second": 35,
            "nano": 761000000
          }
        },
        "offset": {
          "totalSeconds": 0
        },
        "zone": {
          "totalSeconds": 0
        }
      },
      "endDateTime": {
        "dateTime": {
          "date": {
            "year": 2022,
            "month": 2,
            "day": 22
          },
          "time": {
            "hour": 13,
            "minute": 0,
            "second": 35,
            "nano": 761000000
          }
        },
        "offset": {
          "totalSeconds": 0
        },
        "zone": {
          "totalSeconds": 0
        }
      },
      "duration": "00h:00m:00s",
      "statusEnum": "PASSED",
      "status": "PASSED",
      "testClass": "io.cucumber.core.runner.PickleStepTestStep",
      "test": "Household Accounts Breakdown Validation",
      "parameters": [],
      "suite": "Sanity Test Cases for QA Pull",
      "logOutput": [],
      "resourceMetaDataList": [],
      "userInterfaces": [],
      "webservices": []
    },
    {
      "id": "I click on a hyperlinked Household Group name_1645534835762_1",
      "testMethodId": "I click on a hyperlinked Household Group name_1645534835762_1",
      "name": "I click on a hyperlinked Household Group name",
      "description": "When ",
      "configuration": false,
      "methodType": "Step",
      "startDateTime": {
        "dateTime": {
          "date": {
            "year": 2022,
            "month": 2,
            "day": 22
          },
          "time": {
            "hour": 13,
            "minute": 0,
            "second": 35,
            "nano": 762000000
          }
        },
        "offset": {
          "totalSeconds": 0
        },
        "zone": {
          "totalSeconds": 0
        }
      },
      "endDateTime": {
        "dateTime": {
          "date": {
            "year": 2022,
            "month": 2,
            "day": 22
          },
          "time": {
            "hour": 13,
            "minute": 0,
            "second": 35,
            "nano": 762000000
          }
        },
        "offset": {
          "totalSeconds": 0
        },
        "zone": {
          "totalSeconds": 0
        }
      },
      "duration": "00h:00m:00s",
      "statusEnum": "PASSED",
      "status": "PASSED",
      "testClass": "io.cucumber.core.runner.PickleStepTestStep",
      "test": "Household Accounts Breakdown Validation",
      "parameters": [],
      "suite": "Sanity Test Cases for QA Pull",
      "logOutput": [],
      "resourceMetaDataList": [],
      "userInterfaces": [],
      "webservices": []
    },
    {
      "id": "I should see household group Dashboard page_1645534835762_1",
      "testMethodId": "I should see household group Dashboard page_1645534835762_1",
      "name": "I should see household group Dashboard page",
      "description": "Then ",
      "configuration": false,
      "methodType": "Step",
      "startDateTime": {
        "dateTime": {
          "date": {
            "year": 2022,
            "month": 2,
            "day": 22
          },
          "time": {
            "hour": 13,
            "minute": 0,
            "second": 35,
            "nano": 762000000
          }
        },
        "offset": {
          "totalSeconds": 0
        },
        "zone": {
          "totalSeconds": 0
        }
      },
      "endDateTime": {
        "dateTime": {
          "date": {
            "year": 2022,
            "month": 2,
            "day": 22
          },
          "time": {
            "hour": 13,
            "minute": 0,
            "second": 35,
            "nano": 762000000
          }
        },
        "offset": {
          "totalSeconds": 0
        },
        "zone": {
          "totalSeconds": 0
        }
      },
      "duration": "00h:00m:00s",
      "statusEnum": "PASSED",
      "status": "PASSED",
      "testClass": "io.cucumber.core.runner.PickleStepTestStep",
      "test": "Household Accounts Breakdown Validation",
      "parameters": [],
      "suite": "Sanity Test Cases for QA Pull",
      "logOutput": [],
      "resourceMetaDataList": [],
      "userInterfaces": [],
      "webservices": []
    },
    {
      "id": "I see Household Accounts Section_1645534835763_1",
      "testMethodId": "I see Household Accounts Section_1645534835763_1",
      "name": "I see Household Accounts Section",
      "description": "When ",
      "configuration": false,
      "methodType": "Step",
      "startDateTime": {
        "dateTime": {
          "date": {
            "year": 2022,
            "month": 2,
            "day": 22
          },
          "time": {
            "hour": 13,
            "minute": 0,
            "second": 35,
            "nano": 763000000
          }
        },
        "offset": {
          "totalSeconds": 0
        },
        "zone": {
          "totalSeconds": 0
        }
      },
      "endDateTime": {
        "dateTime": {
          "date": {
            "year": 2022,
            "month": 2,
            "day": 22
          },
          "time": {
            "hour": 13,
            "minute": 0,
            "second": 35,
            "nano": 763000000
          }
        },
        "offset": {
          "totalSeconds": 0
        },
        "zone": {
          "totalSeconds": 0
        }
      },
      "duration": "00h:00m:00s",
      "statusEnum": "PASSED",
      "status": "PASSED",
      "testClass": "io.cucumber.core.runner.PickleStepTestStep",
      "test": "Household Accounts Breakdown Validation",
      "parameters": [],
      "suite": "Sanity Test Cases for QA Pull",
      "logOutput": [],
      "resourceMetaDataList": [],
      "userInterfaces": [],
      "webservices": []
    },
    {
      "id": "I should see below mention Household accounts breakdown Columns_1645534835764_1",
      "testMethodId": "I should see below mention Household accounts breakdown Columns_1645534835764_1",
      "name": "I should see below mention Household accounts breakdown Columns",
      "description": "Then ",
      "configuration": false,
      "methodType": "Step",
      "startDateTime": {
        "dateTime": {
          "date": {
            "year": 2022,
            "month": 2,
            "day": 22
          },
          "time": {
            "hour": 13,
            "minute": 0,
            "second": 35,
            "nano": 764000000
          }
        },
        "offset": {
          "totalSeconds": 0
        },
        "zone": {
          "totalSeconds": 0
        }
      },
      "endDateTime": {
        "dateTime": {
          "date": {
            "year": 2022,
            "month": 2,
            "day": 22
          },
          "time": {
            "hour": 13,
            "minute": 0,
            "second": 35,
            "nano": 764000000
          }
        },
        "offset": {
          "totalSeconds": 0
        },
        "zone": {
          "totalSeconds": 0
        }
      },
      "duration": "00h:00m:00s",
      "statusEnum": "PASSED",
      "status": "PASSED",
      "testClass": "io.cucumber.core.runner.PickleStepTestStep",
      "test": "Household Accounts Breakdown Validation",
      "parameters": [],
      "suite": "Sanity Test Cases for QA Pull",
      "logOutput": [],
      "resourceMetaDataList": [],
      "userInterfaces": [],
      "webservices": []
    },
    {
      "id": "AFTERHook_1645534835765_1",
      "testMethodId": "AFTERHook_1645534835765_1",
      "name": "AFTERHook",
      "configuration": true,
      "methodType": "TestMethod",
      "startDateTime": {
        "dateTime": {
          "date": {
            "year": 2022,
            "month": 2,
            "day": 22
          },
          "time": {
            "hour": 13,
            "minute": 0,
            "second": 35,
            "nano": 765000000
          }
        },
        "offset": {
          "totalSeconds": 0
        },
        "zone": {
          "totalSeconds": 0
        }
      },
      "endDateTime": {
        "dateTime": {
          "date": {
            "year": 2022,
            "month": 2,
            "day": 22
          },
          "time": {
            "hour": 13,
            "minute": 0,
            "second": 35,
            "nano": 765000000
          }
        },
        "offset": {
          "totalSeconds": 0
        },
        "zone": {
          "totalSeconds": 0
        }
      },
      "duration": "00h:00m:00s",
      "statusEnum": "PASSED",
      "status": "PASSED",
      "testClass": "io.cucumber.core.runner.HookTestStep",
      "test": "Household Accounts Breakdown Validation",
      "parameters": [],
      "suite": "Sanity Test Cases for QA Pull",
      "logOutput": [],
      "resourceMetaDataList": [],
      "userInterfaces": [],
      "webservices": []
    },
    {
      "id": "BEFOREHook_1645534835756_1",
      "testMethodId": "BEFOREHook_1645534835756_1",
      "name": "BEFOREHook",
      "configuration": true,
      "methodType": "TestMethod",
      "startDateTime": {
        "dateTime": {
          "date": {
            "year": 2022,
            "month": 2,
            "day": 22
          },
          "time": {
            "hour": 13,
            "minute": 0,
            "second": 35,
            "nano": 756000000
          }
        },
        "offset": {
          "totalSeconds": 0
        },
        "zone": {
          "totalSeconds": 0
        }
      },
      "endDateTime": {
        "dateTime": {
          "date": {
            "year": 2022,
            "month": 2,
            "day": 22
          },
          "time": {
            "hour": 13,
            "minute": 0,
            "second": 35,
            "nano": 757000000
          }
        },
        "offset": {
          "totalSeconds": 0
        },
        "zone": {
          "totalSeconds": 0
        }
      },
      "duration": "00h:00m:00s",
      "statusEnum": "PASSED",
      "status": "PASSED",
      "testClass": "io.cucumber.core.runner.HookTestStep",
      "test": "Household Accounts Breakdown Validation",
      "parameters": [],
      "suite": "Sanity Test Cases for QA Pull",
      "logOutput": [],
      "resourceMetaDataList": [],
      "userInterfaces": [],
      "webservices": []
    },
    {
      "id": "I login into ClientWorks application_1645534835759_1",
      "testMethodId": "I login into ClientWorks application_1645534835759_1",
      "name": "I login into ClientWorks application",
      "description": "Given ",
      "configuration": false,
      "methodType": "Step",
      "startDateTime": {
        "dateTime": {
          "date": {
            "year": 2022,
            "month": 2,
            "day": 22
          },
          "time": {
            "hour": 13,
            "minute": 0,
            "second": 35,
            "nano": 759000000
          }
        },
        "offset": {
          "totalSeconds": 0
        },
        "zone": {
          "totalSeconds": 0
        }
      },
      "endDateTime": {
        "dateTime": {
          "date": {
            "year": 2022,
            "month": 2,
            "day": 22
          },
          "time": {
            "hour": 13,
            "minute": 0,
            "second": 35,
            "nano": 759000000
          }
        },
        "offset": {
          "totalSeconds": 0
        },
        "zone": {
          "totalSeconds": 0
        }
      },
      "duration": "00h:00m:00s",
      "statusEnum": "PASSED",
      "status": "PASSED",
      "testClass": "io.cucumber.core.runner.PickleStepTestStep",
      "test": "Household Accounts Breakdown Validation",
      "parameters": [],
      "suite": "Sanity Test Cases for QA Pull",
      "logOutput": [],
      "resourceMetaDataList": [],
      "userInterfaces": [],
      "webservices": []
    },
    {
      "id": "I should view Client Management Page is displayed_1645534835759_1",
      "testMethodId": "I should view Client Management Page is displayed_1645534835759_1",
      "name": "I should view Client Management Page is displayed",
      "description": "Then ",
      "configuration": false,
      "methodType": "Step",
      "startDateTime": {
        "dateTime": {
          "date": {
            "year": 2022,
            "month": 2,
            "day": 22
          },
          "time": {
            "hour": 13,
            "minute": 0,
            "second": 35,
            "nano": 759000000
          }
        },
        "offset": {
          "totalSeconds": 0
        },
        "zone": {
          "totalSeconds": 0
        }
      },
      "endDateTime": {
        "dateTime": {
          "date": {
            "year": 2022,
            "month": 2,
            "day": 22
          },
          "time": {
            "hour": 13,
            "minute": 0,
            "second": 35,
            "nano": 759000000
          }
        },
        "offset": {
          "totalSeconds": 0
        },
        "zone": {
          "totalSeconds": 0
        }
      },
      "duration": "00h:00m:00s",
      "statusEnum": "PASSED",
      "status": "PASSED",
      "testClass": "io.cucumber.core.runner.PickleStepTestStep",
      "test": "Household Accounts Breakdown Validation",
      "parameters": [],
      "suite": "Sanity Test Cases for QA Pull",
      "logOutput": [],
      "resourceMetaDataList": [],
      "userInterfaces": [],
      "webservices": []
    },
    {
      "id": "I should navigate into Groups tab_1645534835760_1",
      "testMethodId": "I should navigate into Groups tab_1645534835760_1",
      "name": "I should navigate into Groups tab",
      "description": "And ",
      "configuration": false,
      "methodType": "Step",
      "startDateTime": {
        "dateTime": {
          "date": {
            "year": 2022,
            "month": 2,
            "day": 22
          },
          "time": {
            "hour": 13,
            "minute": 0,
            "second": 35,
            "nano": 760000000
          }
        },
        "offset": {
          "totalSeconds": 0
        },
        "zone": {
          "totalSeconds": 0
        }
      },
      "endDateTime": {
        "dateTime": {
          "date": {
            "year": 2022,
            "month": 2,
            "day": 22
          },
          "time": {
            "hour": 13,
            "minute": 0,
            "second": 35,
            "nano": 760000000
          }
        },
        "offset": {
          "totalSeconds": 0
        },
        "zone": {
          "totalSeconds": 0
        }
      },
      "duration": "00h:00m:00s",
      "statusEnum": "PASSED",
      "status": "PASSED",
      "testClass": "io.cucumber.core.runner.PickleStepTestStep",
      "test": "Household Accounts Breakdown Validation",
      "parameters": [],
      "suite": "Sanity Test Cases for QA Pull",
      "logOutput": [],
      "resourceMetaDataList": [],
      "userInterfaces": [],
      "webservices": []
    },
    {
      "id": "I enter Groupname_1645534835760_1",
      "testMethodId": "I enter Groupname_1645534835760_1",
      "name": "I enter Groupname",
      "description": "When ",
      "configuration": false,
      "methodType": "Step",
      "startDateTime": {
        "dateTime": {
          "date": {
            "year": 2022,
            "month": 2,
            "day": 22
          },
          "time": {
            "hour": 13,
            "minute": 0,
            "second": 35,
            "nano": 760000000
          }
        },
        "offset": {
          "totalSeconds": 0
        },
        "zone": {
          "totalSeconds": 0
        }
      },
      "endDateTime": {
        "dateTime": {
          "date": {
            "year": 2022,
            "month": 2,
            "day": 22
          },
          "time": {
            "hour": 13,
            "minute": 0,
            "second": 35,
            "nano": 761000000
          }
        },
        "offset": {
          "totalSeconds": 0
        },
        "zone": {
          "totalSeconds": 0
        }
      },
      "duration": "00h:00m:00s",
      "statusEnum": "PASSED",
      "status": "PASSED",
      "testClass": "io.cucumber.core.runner.PickleStepTestStep",
      "test": "Household Accounts Breakdown Validation",
      "parameters": [],
      "suite": "Sanity Test Cases for QA Pull",
      "logOutput": [],
      "resourceMetaDataList": [],
      "userInterfaces": [],
      "webservices": []
    },
    {
      "id": "I click on search button_1645534835761_1",
      "testMethodId": "I click on search button_1645534835761_1",
      "name": "I click on search button",
      "description": "Then ",
      "configuration": false,
      "methodType": "Step",
      "startDateTime": {
        "dateTime": {
          "date": {
            "year": 2022,
            "month": 2,
            "day": 22
          },
          "time": {
            "hour": 13,
            "minute": 0,
            "second": 35,
            "nano": 761000000
          }
        },
        "offset": {
          "totalSeconds": 0
        },
        "zone": {
          "totalSeconds": 0
        }
      },
      "endDateTime": {
        "dateTime": {
          "date": {
            "year": 2022,
            "month": 2,
            "day": 22
          },
          "time": {
            "hour": 13,
            "minute": 0,
            "second": 35,
            "nano": 761000000
          }
        },
        "offset": {
          "totalSeconds": 0
        },
        "zone": {
          "totalSeconds": 0
        }
      },
      "duration": "00h:00m:00s",
      "statusEnum": "PASSED",
      "status": "PASSED",
      "testClass": "io.cucumber.core.runner.PickleStepTestStep",
      "test": "Household Accounts Breakdown Validation",
      "parameters": [],
      "suite": "Sanity Test Cases for QA Pull",
      "logOutput": [],
      "resourceMetaDataList": [],
      "userInterfaces": [],
      "webservices": []
    },
    {
      "id": "I click on a hyperlinked Household Group name_1645534835762_1",
      "testMethodId": "I click on a hyperlinked Household Group name_1645534835762_1",
      "name": "I click on a hyperlinked Household Group name",
      "description": "When ",
      "configuration": false,
      "methodType": "Step",
      "startDateTime": {
        "dateTime": {
          "date": {
            "year": 2022,
            "month": 2,
            "day": 22
          },
          "time": {
            "hour": 13,
            "minute": 0,
            "second": 35,
            "nano": 762000000
          }
        },
        "offset": {
          "totalSeconds": 0
        },
        "zone": {
          "totalSeconds": 0
        }
      },
      "endDateTime": {
        "dateTime": {
          "date": {
            "year": 2022,
            "month": 2,
            "day": 22
          },
          "time": {
            "hour": 13,
            "minute": 0,
            "second": 35,
            "nano": 762000000
          }
        },
        "offset": {
          "totalSeconds": 0
        },
        "zone": {
          "totalSeconds": 0
        }
      },
      "duration": "00h:00m:00s",
      "statusEnum": "PASSED",
      "status": "PASSED",
      "testClass": "io.cucumber.core.runner.PickleStepTestStep",
      "test": "Household Accounts Breakdown Validation",
      "parameters": [],
      "suite": "Sanity Test Cases for QA Pull",
      "logOutput": [],
      "resourceMetaDataList": [],
      "userInterfaces": [],
      "webservices": []
    },
    {
      "id": "I should see household group Dashboard page_1645534835762_1",
      "testMethodId": "I should see household group Dashboard page_1645534835762_1",
      "name": "I should see household group Dashboard page",
      "description": "Then ",
      "configuration": false,
      "methodType": "Step",
      "startDateTime": {
        "dateTime": {
          "date": {
            "year": 2022,
            "month": 2,
            "day": 22
          },
          "time": {
            "hour": 13,
            "minute": 0,
            "second": 35,
            "nano": 762000000
          }
        },
        "offset": {
          "totalSeconds": 0
        },
        "zone": {
          "totalSeconds": 0
        }
      },
      "endDateTime": {
        "dateTime": {
          "date": {
            "year": 2022,
            "month": 2,
            "day": 22
          },
          "time": {
            "hour": 13,
            "minute": 0,
            "second": 35,
            "nano": 762000000
          }
        },
        "offset": {
          "totalSeconds": 0
        },
        "zone": {
          "totalSeconds": 0
        }
      },
      "duration": "00h:00m:00s",
      "statusEnum": "PASSED",
      "status": "PASSED",
      "testClass": "io.cucumber.core.runner.PickleStepTestStep",
      "test": "Household Accounts Breakdown Validation",
      "parameters": [],
      "suite": "Sanity Test Cases for QA Pull",
      "logOutput": [],
      "resourceMetaDataList": [],
      "userInterfaces": [],
      "webservices": []
    },
    {
      "id": "I see Household Accounts Section_1645534835763_1",
      "testMethodId": "I see Household Accounts Section_1645534835763_1",
      "name": "I see Household Accounts Section",
      "description": "When ",
      "configuration": false,
      "methodType": "Step",
      "startDateTime": {
        "dateTime": {
          "date": {
            "year": 2022,
            "month": 2,
            "day": 22
          },
          "time": {
            "hour": 13,
            "minute": 0,
            "second": 35,
            "nano": 763000000
          }
        },
        "offset": {
          "totalSeconds": 0
        },
        "zone": {
          "totalSeconds": 0
        }
      },
      "endDateTime": {
        "dateTime": {
          "date": {
            "year": 2022,
            "month": 2,
            "day": 22
          },
          "time": {
            "hour": 13,
            "minute": 0,
            "second": 35,
            "nano": 763000000
          }
        },
        "offset": {
          "totalSeconds": 0
        },
        "zone": {
          "totalSeconds": 0
        }
      },
      "duration": "00h:00m:00s",
      "statusEnum": "PASSED",
      "status": "PASSED",
      "testClass": "io.cucumber.core.runner.PickleStepTestStep",
      "test": "Household Accounts Breakdown Validation",
      "parameters": [],
      "suite": "Sanity Test Cases for QA Pull",
      "logOutput": [],
      "resourceMetaDataList": [],
      "userInterfaces": [],
      "webservices": []
    },
    {
      "id": "I should see below mention Household accounts breakdown Columns_1645534835764_1",
      "testMethodId": "I should see below mention Household accounts breakdown Columns_1645534835764_1",
      "name": "I should see below mention Household accounts breakdown Columns",
      "description": "Then ",
      "configuration": false,
      "methodType": "Step",
      "startDateTime": {
        "dateTime": {
          "date": {
            "year": 2022,
            "month": 2,
            "day": 22
          },
          "time": {
            "hour": 13,
            "minute": 0,
            "second": 35,
            "nano": 764000000
          }
        },
        "offset": {
          "totalSeconds": 0
        },
        "zone": {
          "totalSeconds": 0
        }
      },
      "endDateTime": {
        "dateTime": {
          "date": {
            "year": 2022,
            "month": 2,
            "day": 22
          },
          "time": {
            "hour": 13,
            "minute": 0,
            "second": 35,
            "nano": 764000000
          }
        },
        "offset": {
          "totalSeconds": 0
        },
        "zone": {
          "totalSeconds": 0
        }
      },
      "duration": "00h:00m:00s",
      "statusEnum": "PASSED",
      "status": "PASSED",
      "testClass": "io.cucumber.core.runner.PickleStepTestStep",
      "test": "Household Accounts Breakdown Validation",
      "parameters": [],
      "suite": "Sanity Test Cases for QA Pull",
      "logOutput": [],
      "resourceMetaDataList": [],
      "userInterfaces": [],
      "webservices": []
    },
    {
      "id": "AFTERHook_1645534835765_1",
      "testMethodId": "AFTERHook_1645534835765_1",
      "name": "AFTERHook",
      "configuration": true,
      "methodType": "TestMethod",
      "startDateTime": {
        "dateTime": {
          "date": {
            "year": 2022,
            "month": 2,
            "day": 22
          },
          "time": {
            "hour": 13,
            "minute": 0,
            "second": 35,
            "nano": 765000000
          }
        },
        "offset": {
          "totalSeconds": 0
        },
        "zone": {
          "totalSeconds": 0
        }
      },
      "endDateTime": {
        "dateTime": {
          "date": {
            "year": 2022,
            "month": 2,
            "day": 22
          },
          "time": {
            "hour": 13,
            "minute": 0,
            "second": 35,
            "nano": 765000000
          }
        },
        "offset": {
          "totalSeconds": 0
        },
        "zone": {
          "totalSeconds": 0
        }
      },
      "duration": "00h:00m:00s",
      "statusEnum": "PASSED",
      "status": "PASSED",
      "testClass": "io.cucumber.core.runner.HookTestStep",
      "test": "Household Accounts Breakdown Validation",
      "parameters": [],
      "suite": "Sanity Test Cases for QA Pull",
      "logOutput": [],
      "resourceMetaDataList": [],
      "userInterfaces": [],
      "webservices": []
    }
  ],
  "bugListMap": {}
}