{
  "about": {
    "projectName": "portfolio-accounting-fee-billing",
    "team": "QE",
    "releaseVersion": "1.0",
    "executionOS": "Windows 10 10.0",
    "environment": "QA",
    "userName": "stalluri"
  },
  "name": "run_1675292697831",
  "startDateTime": {
    "dateTime": {
      "date": {
        "year": 2023,
        "month": 2,
        "day": 1
      },
      "time": {
        "hour": 23,
        "minute": 4,
        "second": 58,
        "nano": 328607000
      }
    },
    "offset": {
      "totalSeconds": 0
    },
    "zone": {
      "totalSeconds": 0
    }
  },
  "endDateTime": {
    "dateTime": {
      "date": {
        "year": 2023,
        "month": 2,
        "day": 1
      },
      "time": {
        "hour": 23,
        "minute": 6,
        "second": 13,
        "nano": 441888500
      }
    },
    "offset": {
      "totalSeconds": 0
    },
    "zone": {
      "totalSeconds": 0
    }
  },
  "duration": "00h:01m:15s",
  "statusEnum": "FAILED",
  "status": "FAILED",
  "testSuites": [
    {
      "name": "Default Suite",
      "startDateTime": {
        "dateTime": {
          "date": {
            "year": 2023,
            "month": 2,
            "day": 1
          },
          "time": {
            "hour": 23,
            "minute": 4,
            "second": 58,
            "nano": 701094200
          }
        },
        "offset": {
          "totalSeconds": 0
        },
        "zone": {
          "totalSeconds": 0
        }
      },
      "endDateTime": {
        "dateTime": {
          "date": {
            "year": 2023,
            "month": 2,
            "day": 1
          },
          "time": {
            "hour": 23,
            "minute": 6,
            "second": 13,
            "nano": 438848200
          }
        },
        "offset": {
          "totalSeconds": 0
        },
        "zone": {
          "totalSeconds": 0
        }
      },
      "duration": "00h:01m:14s",
      "statusEnum": "FAILED",
      "status": "FAILED",
      "tests": [
        {
          "name": "portfolio-accounting-fee-billing",
          "startDateTime": {
            "dateTime": {
              "date": {
                "year": 2023,
                "month": 2,
                "day": 1
              },
              "time": {
                "hour": 23,
                "minute": 4,
                "second": 58,
                "nano": 703087200
              }
            },
            "offset": {
              "totalSeconds": 0
            },
            "zone": {
              "totalSeconds": 0
            }
          },
          "endDateTime": {
            "dateTime": {
              "date": {
                "year": 2023,
                "month": 2,
                "day": 1
              },
              "time": {
                "hour": 23,
                "minute": 6,
                "second": 13,
                "nano": 435786500
              }
            },
            "offset": {
              "totalSeconds": 0
            },
            "zone": {
              "totalSeconds": 0
            }
          },
          "duration": "00h:01m:14s",
          "statusEnum": "FAILED",
          "status": "FAILED",
          "testMethods": [
            {
              "id": "validateHouseholdDashbaord_1675292699231_1",
              "testMethodId": "validateHouseholdDashbaord_1675292699231_1",
              "name": "validateHouseholdDashbaord",
              "description": "",
              "configuration": false,
              "methodType": "TestMethod",
              "startDateTime": {
                "dateTime": {
                  "date": {
                    "year": 2023,
                    "month": 2,
                    "day": 1
                  },
                  "time": {
                    "hour": 23,
                    "minute": 4,
                    "second": 59,
                    "nano": 228000000
                  }
                },
                "offset": {
                  "totalSeconds": 0
                },
                "zone": {
                  "totalSeconds": 0
                }
              },
              "endDateTime": {
                "dateTime": {
                  "date": {
                    "year": 2023,
                    "month": 2,
                    "day": 1
                  },
                  "time": {
                    "hour": 23,
                    "minute": 6,
                    "second": 12,
                    "nano": 671000000
                  }
                },
                "offset": {
                  "totalSeconds": 0
                },
                "zone": {
                  "totalSeconds": 0
                }
              },
              "duration": "00h:01m:13s",
              "statusEnum": "FAILED",
              "status": "FAILED",
              "bug": {
                "message": "NoSuchElementException: no such element: Unable to locate element: {\"method\":\"xpath\",\"selector\":\"//a[contains(@href,\u002710789625\u0027)]\"}\n  (Session info: chrome\u003d108.0.5359.125)\nFor documentation on this error, please visit: https://www.seleniumhq.org/exceptions/no_such_element.html\nBuild info: version: \u00273.141.59\u0027, revision: \u0027e82be7d358\u0027, time: \u00272018-11-14T08:17:03\u0027\nSystem info: host: \u0027SDL5CG2285V64\u0027, ip: \u002710.35.103.22\u0027, os.name: \u0027Windows 10\u0027, os.arch: \u0027amd64\u0027, os.version: \u002710.0\u0027, java.version: \u002711.0.17\u0027\nDriver info: org.openqa.selenium.chrome.ChromeDriver\nCapabilities {acceptInsecureCerts: false, browserName: chrome, browserVersion: 108.0.5359.125, chrome: {chromedriverVersion: 108.0.5359.71 (1e0e3868ee06..., userDataDir: C:\\Users\\stalluri\\AppData\\L...}, goog:chromeOptions: {debuggerAddress: localhost:58153}, javascriptEnabled: true, networkConnectionEnabled: false, pageLoadStrategy: normal, platform: WINDOWS, platformName: WINDOWS, proxy: Proxy(), setWindowRect: true, strictFileInteractability: false, timeouts: {implicit: 0, pageLoad: 300000, script: 30000}, unhandledPromptBehavior: dismiss and notify, webauthn:extension:credBlob: true, webauthn:extension:largeBlob: true, webauthn:virtualAuthenticators: true}\nSession ID: be2bcf74c0db0eca1fc3e78f4ebd1b91\n*** Element info: {Using\u003dxpath, value\u003d//a[contains(@href,\u002710789625\u0027)]}",
                "stackTrace": "org.openqa.selenium.NoSuchElementException: no such element: Unable to locate element: {\"method\":\"xpath\",\"selector\":\"//a[contains(@href,\u002710789625\u0027)]\"}\n  (Session info: chrome\u003d108.0.5359.125)\nFor documentation on this error, please visit: https://www.seleniumhq.org/exceptions/no_such_element.html\nBuild info: version: \u00273.141.59\u0027, revision: \u0027e82be7d358\u0027, time: \u00272018-11-14T08:17:03\u0027\nSystem info: host: \u0027SDL5CG2285V64\u0027, ip: \u002710.35.103.22\u0027, os.name: \u0027Windows 10\u0027, os.arch: \u0027amd64\u0027, os.version: \u002710.0\u0027, java.version: \u002711.0.17\u0027\nDriver info: org.openqa.selenium.chrome.ChromeDriver\nCapabilities {acceptInsecureCerts: false, browserName: chrome, browserVersion: 108.0.5359.125, chrome: {chromedriverVersion: 108.0.5359.71 (1e0e3868ee06..., userDataDir: C:\\Users\\stalluri\\AppData\\L...}, goog:chromeOptions: {debuggerAddress: localhost:58153}, javascriptEnabled: true, networkConnectionEnabled: false, pageLoadStrategy: normal, platform: WINDOWS, platformName: WINDOWS, proxy: Proxy(), setWindowRect: true, strictFileInteractability: false, timeouts: {implicit: 0, pageLoad: 300000, script: 30000}, unhandledPromptBehavior: dismiss and notify, webauthn:extension:credBlob: true, webauthn:extension:largeBlob: true, webauthn:virtualAuthenticators: true}\nSession ID: be2bcf74c0db0eca1fc3e78f4ebd1b91\n*** Element info: {Using\u003dxpath, value\u003d//a[contains(@href,\u002710789625\u0027)]}\r\n\tat java.base/jdk.internal.reflect.NativeConstructorAccessorImpl.newInstance0(Native Method)\r\n\tat java.base/jdk.internal.reflect.NativeConstructorAccessorImpl.newInstance(NativeConstructorAccessorImpl.java:62)\r\n\tat java.base/jdk.internal.reflect.DelegatingConstructorAccessorImpl.newInstance(DelegatingConstructorAccessorImpl.java:45)\r\n\tat java.base/java.lang.reflect.Constructor.newInstance(Constructor.java:490)\r\n\tat org.openqa.selenium.remote.http.W3CHttpResponseCodec.createException(W3CHttpResponseCodec.java:187)\r\n\tat org.openqa.selenium.remote.http.W3CHttpResponseCodec.decode(W3CHttpResponseCodec.java:122)\r\n\tat org.openqa.selenium.remote.http.W3CHttpResponseCodec.decode(W3CHttpResponseCodec.java:49)\r\n\tat org.openqa.selenium.remote.HttpCommandExecutor.execute(HttpCommandExecutor.java:158)\r\n\tat org.openqa.selenium.remote.service.DriverCommandExecutor.execute(DriverCommandExecutor.java:83)\r\n\tat org.openqa.selenium.remote.RemoteWebDriver.execute(RemoteWebDriver.java:552)\r\n\tat org.openqa.selenium.remote.RemoteWebDriver.findElement(RemoteWebDriver.java:323)\r\n\tat org.openqa.selenium.remote.RemoteWebDriver.findElementByXPath(RemoteWebDriver.java:428)\r\n\tat org.openqa.selenium.By$ByXPath.findElement(By.java:353)\r\n\tat org.openqa.selenium.remote.RemoteWebDriver.findElement(RemoteWebDriver.java:315)\r\n\tat com.lpl.qe.portfolioaccountingfeebilling.householding.utlities.web.CommonUtility.clickOnHouseholdName(CommonUtility.java:77)\r\n\tat com.lpl.qe.portfolioaccountingfeebilling.householdingCAG.web.ValidateHouseholdDashbaordPage.validateHouseholdDashbaord(ValidateHouseholdDashbaordPage.java:40)\r\n\tat java.base/jdk.internal.reflect.NativeMethodAccessorImpl.invoke0(Native Method)\r\n\tat java.base/jdk.internal.reflect.NativeMethodAccessorImpl.invoke(NativeMethodAccessorImpl.java:62)\r\n\tat java.base/jdk.internal.reflect.DelegatingMethodAccessorImpl.invoke(DelegatingMethodAccessorImpl.java:43)\r\n\tat java.base/java.lang.reflect.Method.invoke(Method.java:566)\r\n\tat org.testng.internal.MethodInvocationHelper.invokeMethod(MethodInvocationHelper.java:133)\r\n\tat org.testng.internal.TestInvoker.invokeMethod(TestInvoker.java:598)\r\n\tat org.testng.internal.TestInvoker.invokeTestMethod(TestInvoker.java:173)\r\n\tat org.testng.internal.MethodRunner.runInSequence(MethodRunner.java:46)\r\n\tat org.testng.internal.TestInvoker$MethodInvocationAgent.invoke(TestInvoker.java:824)\r\n\tat org.testng.internal.TestInvoker.invokeTestMethods(TestInvoker.java:146)\r\n\tat org.testng.internal.TestMethodWorker.invokeTestMethods(TestMethodWorker.java:146)\r\n\tat org.testng.internal.TestMethodWorker.run(TestMethodWorker.java:128)\r\n\tat java.base/java.util.ArrayList.forEach(ArrayList.java:1541)\r\n\tat org.testng.TestRunner.privateRun(TestRunner.java:794)\r\n\tat org.testng.TestRunner.run(TestRunner.java:596)\r\n\tat org.testng.SuiteRunner.runTest(SuiteRunner.java:377)\r\n\tat org.testng.SuiteRunner.runSequentially(SuiteRunner.java:371)\r\n\tat org.testng.SuiteRunner.privateRun(SuiteRunner.java:332)\r\n\tat org.testng.SuiteRunner.run(SuiteRunner.java:276)\r\n\tat org.testng.SuiteRunnerWorker.runSuite(SuiteRunnerWorker.java:53)\r\n\tat org.testng.SuiteRunnerWorker.run(SuiteRunnerWorker.java:96)\r\n\tat org.testng.TestNG.runSuitesSequentially(TestNG.java:1212)\r\n\tat org.testng.TestNG.runSuitesLocally(TestNG.java:1134)\r\n\tat org.testng.TestNG.runSuites(TestNG.java:1063)\r\n\tat org.testng.TestNG.run(TestNG.java:1031)\r\n\tat com.intellij.rt.testng.IDEARemoteTestNG.run(IDEARemoteTestNG.java:66)\r\n\tat com.intellij.rt.testng.RemoteTestNGStarter.main(RemoteTestNGStarter.java:109)\r\n"
              },
              "testClass": "com.lpl.qe.portfolioaccountingfeebilling.householdingCAG.web.ValidateHouseholdDashbaordPage",
              "test": "portfolio-accounting-fee-billing",
              "parameters": [
                {
                  "groupName": "NORRIS HOUSEHOLD",
                  "groupID": "10789625",
                  "repID": "CCCA",
                  "clientName1": "",
                  "userName": "vaishali.zachrich",
                  "password": "P@ssw0rd",
                  "environment": "QAF3",
                  "noteTitle": "Note Title",
                  "noteText": "Note Test",
                  "noteType": " Note "
                }
              ],
              "suite": "Default Suite",
              "logOutput": [],
              "remoteExecutionEvidence": [],
              "resourceMetaDataList": [],
              "userInterfaces": [
                {
                  "operatingSystem": "windows",
                  "systemArchitecture": "64 bit",
                  "deviceType": "",
                  "platformName": "",
                  "userAgent": "chrome",
                  "userAgentVersion": "",
                  "platformVersion": "",
                  "deviceName": "",
                  "appName": "",
                  "appPath": ""
                }
              ],
              "webservices": []
            }
          ]
        }
      ]
    }
  ],
  "testMethodList": [
    {
      "id": "validateHouseholdDashbaord_1675292699231_1",
      "testMethodId": "validateHouseholdDashbaord_1675292699231_1",
      "name": "validateHouseholdDashbaord",
      "description": "",
      "configuration": false,
      "methodType": "TestMethod",
      "startDateTime": {
        "dateTime": {
          "date": {
            "year": 2023,
            "month": 2,
            "day": 1
          },
          "time": {
            "hour": 23,
            "minute": 4,
            "second": 59,
            "nano": 228000000
          }
        },
        "offset": {
          "totalSeconds": 0
        },
        "zone": {
          "totalSeconds": 0
        }
      },
      "endDateTime": {
        "dateTime": {
          "date": {
            "year": 2023,
            "month": 2,
            "day": 1
          },
          "time": {
            "hour": 23,
            "minute": 6,
            "second": 12,
            "nano": 671000000
          }
        },
        "offset": {
          "totalSeconds": 0
        },
        "zone": {
          "totalSeconds": 0
        }
      },
      "duration": "00h:01m:13s",
      "statusEnum": "FAILED",
      "status": "FAILED",
      "bug": {
        "message": "NoSuchElementException: no such element: Unable to locate element: {\"method\":\"xpath\",\"selector\":\"//a[contains(@href,\u002710789625\u0027)]\"}\n  (Session info: chrome\u003d108.0.5359.125)\nFor documentation on this error, please visit: https://www.seleniumhq.org/exceptions/no_such_element.html\nBuild info: version: \u00273.141.59\u0027, revision: \u0027e82be7d358\u0027, time: \u00272018-11-14T08:17:03\u0027\nSystem info: host: \u0027SDL5CG2285V64\u0027, ip: \u002710.35.103.22\u0027, os.name: \u0027Windows 10\u0027, os.arch: \u0027amd64\u0027, os.version: \u002710.0\u0027, java.version: \u002711.0.17\u0027\nDriver info: org.openqa.selenium.chrome.ChromeDriver\nCapabilities {acceptInsecureCerts: false, browserName: chrome, browserVersion: 108.0.5359.125, chrome: {chromedriverVersion: 108.0.5359.71 (1e0e3868ee06..., userDataDir: C:\\Users\\stalluri\\AppData\\L...}, goog:chromeOptions: {debuggerAddress: localhost:58153}, javascriptEnabled: true, networkConnectionEnabled: false, pageLoadStrategy: normal, platform: WINDOWS, platformName: WINDOWS, proxy: Proxy(), setWindowRect: true, strictFileInteractability: false, timeouts: {implicit: 0, pageLoad: 300000, script: 30000}, unhandledPromptBehavior: dismiss and notify, webauthn:extension:credBlob: true, webauthn:extension:largeBlob: true, webauthn:virtualAuthenticators: true}\nSession ID: be2bcf74c0db0eca1fc3e78f4ebd1b91\n*** Element info: {Using\u003dxpath, value\u003d//a[contains(@href,\u002710789625\u0027)]}",
        "stackTrace": "org.openqa.selenium.NoSuchElementException: no such element: Unable to locate element: {\"method\":\"xpath\",\"selector\":\"//a[contains(@href,\u002710789625\u0027)]\"}\n  (Session info: chrome\u003d108.0.5359.125)\nFor documentation on this error, please visit: https://www.seleniumhq.org/exceptions/no_such_element.html\nBuild info: version: \u00273.141.59\u0027, revision: \u0027e82be7d358\u0027, time: \u00272018-11-14T08:17:03\u0027\nSystem info: host: \u0027SDL5CG2285V64\u0027, ip: \u002710.35.103.22\u0027, os.name: \u0027Windows 10\u0027, os.arch: \u0027amd64\u0027, os.version: \u002710.0\u0027, java.version: \u002711.0.17\u0027\nDriver info: org.openqa.selenium.chrome.ChromeDriver\nCapabilities {acceptInsecureCerts: false, browserName: chrome, browserVersion: 108.0.5359.125, chrome: {chromedriverVersion: 108.0.5359.71 (1e0e3868ee06..., userDataDir: C:\\Users\\stalluri\\AppData\\L...}, goog:chromeOptions: {debuggerAddress: localhost:58153}, javascriptEnabled: true, networkConnectionEnabled: false, pageLoadStrategy: normal, platform: WINDOWS, platformName: WINDOWS, proxy: Proxy(), setWindowRect: true, strictFileInteractability: false, timeouts: {implicit: 0, pageLoad: 300000, script: 30000}, unhandledPromptBehavior: dismiss and notify, webauthn:extension:credBlob: true, webauthn:extension:largeBlob: true, webauthn:virtualAuthenticators: true}\nSession ID: be2bcf74c0db0eca1fc3e78f4ebd1b91\n*** Element info: {Using\u003dxpath, value\u003d//a[contains(@href,\u002710789625\u0027)]}\r\n\tat java.base/jdk.internal.reflect.NativeConstructorAccessorImpl.newInstance0(Native Method)\r\n\tat java.base/jdk.internal.reflect.NativeConstructorAccessorImpl.newInstance(NativeConstructorAccessorImpl.java:62)\r\n\tat java.base/jdk.internal.reflect.DelegatingConstructorAccessorImpl.newInstance(DelegatingConstructorAccessorImpl.java:45)\r\n\tat java.base/java.lang.reflect.Constructor.newInstance(Constructor.java:490)\r\n\tat org.openqa.selenium.remote.http.W3CHttpResponseCodec.createException(W3CHttpResponseCodec.java:187)\r\n\tat org.openqa.selenium.remote.http.W3CHttpResponseCodec.decode(W3CHttpResponseCodec.java:122)\r\n\tat org.openqa.selenium.remote.http.W3CHttpResponseCodec.decode(W3CHttpResponseCodec.java:49)\r\n\tat org.openqa.selenium.remote.HttpCommandExecutor.execute(HttpCommandExecutor.java:158)\r\n\tat org.openqa.selenium.remote.service.DriverCommandExecutor.execute(DriverCommandExecutor.java:83)\r\n\tat org.openqa.selenium.remote.RemoteWebDriver.execute(RemoteWebDriver.java:552)\r\n\tat org.openqa.selenium.remote.RemoteWebDriver.findElement(RemoteWebDriver.java:323)\r\n\tat org.openqa.selenium.remote.RemoteWebDriver.findElementByXPath(RemoteWebDriver.java:428)\r\n\tat org.openqa.selenium.By$ByXPath.findElement(By.java:353)\r\n\tat org.openqa.selenium.remote.RemoteWebDriver.findElement(RemoteWebDriver.java:315)\r\n\tat com.lpl.qe.portfolioaccountingfeebilling.householding.utlities.web.CommonUtility.clickOnHouseholdName(CommonUtility.java:77)\r\n\tat com.lpl.qe.portfolioaccountingfeebilling.householdingCAG.web.ValidateHouseholdDashbaordPage.validateHouseholdDashbaord(ValidateHouseholdDashbaordPage.java:40)\r\n\tat java.base/jdk.internal.reflect.NativeMethodAccessorImpl.invoke0(Native Method)\r\n\tat java.base/jdk.internal.reflect.NativeMethodAccessorImpl.invoke(NativeMethodAccessorImpl.java:62)\r\n\tat java.base/jdk.internal.reflect.DelegatingMethodAccessorImpl.invoke(DelegatingMethodAccessorImpl.java:43)\r\n\tat java.base/java.lang.reflect.Method.invoke(Method.java:566)\r\n\tat org.testng.internal.MethodInvocationHelper.invokeMethod(MethodInvocationHelper.java:133)\r\n\tat org.testng.internal.TestInvoker.invokeMethod(TestInvoker.java:598)\r\n\tat org.testng.internal.TestInvoker.invokeTestMethod(TestInvoker.java:173)\r\n\tat org.testng.internal.MethodRunner.runInSequence(MethodRunner.java:46)\r\n\tat org.testng.internal.TestInvoker$MethodInvocationAgent.invoke(TestInvoker.java:824)\r\n\tat org.testng.internal.TestInvoker.invokeTestMethods(TestInvoker.java:146)\r\n\tat org.testng.internal.TestMethodWorker.invokeTestMethods(TestMethodWorker.java:146)\r\n\tat org.testng.internal.TestMethodWorker.run(TestMethodWorker.java:128)\r\n\tat java.base/java.util.ArrayList.forEach(ArrayList.java:1541)\r\n\tat org.testng.TestRunner.privateRun(TestRunner.java:794)\r\n\tat org.testng.TestRunner.run(TestRunner.java:596)\r\n\tat org.testng.SuiteRunner.runTest(SuiteRunner.java:377)\r\n\tat org.testng.SuiteRunner.runSequentially(SuiteRunner.java:371)\r\n\tat org.testng.SuiteRunner.privateRun(SuiteRunner.java:332)\r\n\tat org.testng.SuiteRunner.run(SuiteRunner.java:276)\r\n\tat org.testng.SuiteRunnerWorker.runSuite(SuiteRunnerWorker.java:53)\r\n\tat org.testng.SuiteRunnerWorker.run(SuiteRunnerWorker.java:96)\r\n\tat org.testng.TestNG.runSuitesSequentially(TestNG.java:1212)\r\n\tat org.testng.TestNG.runSuitesLocally(TestNG.java:1134)\r\n\tat org.testng.TestNG.runSuites(TestNG.java:1063)\r\n\tat org.testng.TestNG.run(TestNG.java:1031)\r\n\tat com.intellij.rt.testng.IDEARemoteTestNG.run(IDEARemoteTestNG.java:66)\r\n\tat com.intellij.rt.testng.RemoteTestNGStarter.main(RemoteTestNGStarter.java:109)\r\n"
      },
      "testClass": "com.lpl.qe.portfolioaccountingfeebilling.householdingCAG.web.ValidateHouseholdDashbaordPage",
      "test": "portfolio-accounting-fee-billing",
      "parameters": [
        {
          "groupName": "NORRIS HOUSEHOLD",
          "groupID": "10789625",
          "repID": "CCCA",
          "clientName1": "",
          "userName": "vaishali.zachrich",
          "password": "P@ssw0rd",
          "environment": "QAF3",
          "noteTitle": "Note Title",
          "noteText": "Note Test",
          "noteType": " Note "
        }
      ],
      "suite": "Default Suite",
      "logOutput": [],
      "remoteExecutionEvidence": [],
      "resourceMetaDataList": [],
      "userInterfaces": [
        {
          "operatingSystem": "windows",
          "systemArchitecture": "64 bit",
          "deviceType": "",
          "platformName": "",
          "userAgent": "chrome",
          "userAgentVersion": "",
          "platformVersion": "",
          "deviceName": "",
          "appName": "",
          "appPath": ""
        }
      ],
      "webservices": []
    }
  ],
  "bugListMap": {
    "NoSuchElementException: no such element: Unable to locate element: {\"method\":\"xpath\",\"selector\":\"//a[contains(@href,\u002710789625\u0027)]\"}\n  (Session info: chrome\u003d108.0.5359.125)\nFor documentation on this error, please visit: https://www.seleniumhq.org/exceptions/no_such_element.html\nBuild info: version: \u00273.141.59\u0027, revision: \u0027e82be7d358\u0027, time: \u00272018-11-14T08:17:03\u0027\nSystem info: host: \u0027SDL5CG2285V64\u0027, ip: \u002710.35.103.22\u0027, os.name: \u0027Windows 10\u0027, os.arch: \u0027amd64\u0027, os.version: \u002710.0\u0027, java.version: \u002711.0.17\u0027\nDriver info: org.openqa.selenium.chrome.ChromeDriver\nCapabilities {acceptInsecureCerts: false, browserName: chrome, browserVersion: 108.0.5359.125, chrome: {chromedriverVersion: 108.0.5359.71 (1e0e3868ee06..., userDataDir: C:\\Users\\stalluri\\AppData\\L...}, goog:chromeOptions: {debuggerAddress: localhost:58153}, javascriptEnabled: true, networkConnectionEnabled: false, pageLoadStrategy: normal, platform: WINDOWS, platformName: WINDOWS, proxy: Proxy(), setWindowRect: true, strictFileInteractability: false, timeouts: {implicit: 0, pageLoad: 300000, script: 30000}, unhandledPromptBehavior: dismiss and notify, webauthn:extension:credBlob: true, webauthn:extension:largeBlob: true, webauthn:virtualAuthenticators: true}\nSession ID: be2bcf74c0db0eca1fc3e78f4ebd1b91\n*** Element info: {Using\u003dxpath, value\u003d//a[contains(@href,\u002710789625\u0027)]}": [
      {
        "id": "validateHouseholdDashbaord_1675292699231_1",
        "testMethodId": "validateHouseholdDashbaord_1675292699231_1",
        "name": "validateHouseholdDashbaord",
        "description": "",
        "configuration": false,
        "methodType": "TestMethod",
        "startDateTime": {
          "dateTime": {
            "date": {
              "year": 2023,
              "month": 2,
              "day": 1
            },
            "time": {
              "hour": 23,
              "minute": 4,
              "second": 59,
              "nano": 228000000
            }
          },
          "offset": {
            "totalSeconds": 0
          },
          "zone": {
            "totalSeconds": 0
          }
        },
        "endDateTime": {
          "dateTime": {
            "date": {
              "year": 2023,
              "month": 2,
              "day": 1
            },
            "time": {
              "hour": 23,
              "minute": 6,
              "second": 12,
              "nano": 671000000
            }
          },
          "offset": {
            "totalSeconds": 0
          },
          "zone": {
            "totalSeconds": 0
          }
        },
        "duration": "00h:01m:13s",
        "statusEnum": "FAILED",
        "status": "FAILED",
        "bug": {
          "message": "NoSuchElementException: no such element: Unable to locate element: {\"method\":\"xpath\",\"selector\":\"//a[contains(@href,\u002710789625\u0027)]\"}\n  (Session info: chrome\u003d108.0.5359.125)\nFor documentation on this error, please visit: https://www.seleniumhq.org/exceptions/no_such_element.html\nBuild info: version: \u00273.141.59\u0027, revision: \u0027e82be7d358\u0027, time: \u00272018-11-14T08:17:03\u0027\nSystem info: host: \u0027SDL5CG2285V64\u0027, ip: \u002710.35.103.22\u0027, os.name: \u0027Windows 10\u0027, os.arch: \u0027amd64\u0027, os.version: \u002710.0\u0027, java.version: \u002711.0.17\u0027\nDriver info: org.openqa.selenium.chrome.ChromeDriver\nCapabilities {acceptInsecureCerts: false, browserName: chrome, browserVersion: 108.0.5359.125, chrome: {chromedriverVersion: 108.0.5359.71 (1e0e3868ee06..., userDataDir: C:\\Users\\stalluri\\AppData\\L...}, goog:chromeOptions: {debuggerAddress: localhost:58153}, javascriptEnabled: true, networkConnectionEnabled: false, pageLoadStrategy: normal, platform: WINDOWS, platformName: WINDOWS, proxy: Proxy(), setWindowRect: true, strictFileInteractability: false, timeouts: {implicit: 0, pageLoad: 300000, script: 30000}, unhandledPromptBehavior: dismiss and notify, webauthn:extension:credBlob: true, webauthn:extension:largeBlob: true, webauthn:virtualAuthenticators: true}\nSession ID: be2bcf74c0db0eca1fc3e78f4ebd1b91\n*** Element info: {Using\u003dxpath, value\u003d//a[contains(@href,\u002710789625\u0027)]}",
          "stackTrace": "org.openqa.selenium.NoSuchElementException: no such element: Unable to locate element: {\"method\":\"xpath\",\"selector\":\"//a[contains(@href,\u002710789625\u0027)]\"}\n  (Session info: chrome\u003d108.0.5359.125)\nFor documentation on this error, please visit: https://www.seleniumhq.org/exceptions/no_such_element.html\nBuild info: version: \u00273.141.59\u0027, revision: \u0027e82be7d358\u0027, time: \u00272018-11-14T08:17:03\u0027\nSystem info: host: \u0027SDL5CG2285V64\u0027, ip: \u002710.35.103.22\u0027, os.name: \u0027Windows 10\u0027, os.arch: \u0027amd64\u0027, os.version: \u002710.0\u0027, java.version: \u002711.0.17\u0027\nDriver info: org.openqa.selenium.chrome.ChromeDriver\nCapabilities {acceptInsecureCerts: false, browserName: chrome, browserVersion: 108.0.5359.125, chrome: {chromedriverVersion: 108.0.5359.71 (1e0e3868ee06..., userDataDir: C:\\Users\\stalluri\\AppData\\L...}, goog:chromeOptions: {debuggerAddress: localhost:58153}, javascriptEnabled: true, networkConnectionEnabled: false, pageLoadStrategy: normal, platform: WINDOWS, platformName: WINDOWS, proxy: Proxy(), setWindowRect: true, strictFileInteractability: false, timeouts: {implicit: 0, pageLoad: 300000, script: 30000}, unhandledPromptBehavior: dismiss and notify, webauthn:extension:credBlob: true, webauthn:extension:largeBlob: true, webauthn:virtualAuthenticators: true}\nSession ID: be2bcf74c0db0eca1fc3e78f4ebd1b91\n*** Element info: {Using\u003dxpath, value\u003d//a[contains(@href,\u002710789625\u0027)]}\r\n\tat java.base/jdk.internal.reflect.NativeConstructorAccessorImpl.newInstance0(Native Method)\r\n\tat java.base/jdk.internal.reflect.NativeConstructorAccessorImpl.newInstance(NativeConstructorAccessorImpl.java:62)\r\n\tat java.base/jdk.internal.reflect.DelegatingConstructorAccessorImpl.newInstance(DelegatingConstructorAccessorImpl.java:45)\r\n\tat java.base/java.lang.reflect.Constructor.newInstance(Constructor.java:490)\r\n\tat org.openqa.selenium.remote.http.W3CHttpResponseCodec.createException(W3CHttpResponseCodec.java:187)\r\n\tat org.openqa.selenium.remote.http.W3CHttpResponseCodec.decode(W3CHttpResponseCodec.java:122)\r\n\tat org.openqa.selenium.remote.http.W3CHttpResponseCodec.decode(W3CHttpResponseCodec.java:49)\r\n\tat org.openqa.selenium.remote.HttpCommandExecutor.execute(HttpCommandExecutor.java:158)\r\n\tat org.openqa.selenium.remote.service.DriverCommandExecutor.execute(DriverCommandExecutor.java:83)\r\n\tat org.openqa.selenium.remote.RemoteWebDriver.execute(RemoteWebDriver.java:552)\r\n\tat org.openqa.selenium.remote.RemoteWebDriver.findElement(RemoteWebDriver.java:323)\r\n\tat org.openqa.selenium.remote.RemoteWebDriver.findElementByXPath(RemoteWebDriver.java:428)\r\n\tat org.openqa.selenium.By$ByXPath.findElement(By.java:353)\r\n\tat org.openqa.selenium.remote.RemoteWebDriver.findElement(RemoteWebDriver.java:315)\r\n\tat com.lpl.qe.portfolioaccountingfeebilling.householding.utlities.web.CommonUtility.clickOnHouseholdName(CommonUtility.java:77)\r\n\tat com.lpl.qe.portfolioaccountingfeebilling.householdingCAG.web.ValidateHouseholdDashbaordPage.validateHouseholdDashbaord(ValidateHouseholdDashbaordPage.java:40)\r\n\tat java.base/jdk.internal.reflect.NativeMethodAccessorImpl.invoke0(Native Method)\r\n\tat java.base/jdk.internal.reflect.NativeMethodAccessorImpl.invoke(NativeMethodAccessorImpl.java:62)\r\n\tat java.base/jdk.internal.reflect.DelegatingMethodAccessorImpl.invoke(DelegatingMethodAccessorImpl.java:43)\r\n\tat java.base/java.lang.reflect.Method.invoke(Method.java:566)\r\n\tat org.testng.internal.MethodInvocationHelper.invokeMethod(MethodInvocationHelper.java:133)\r\n\tat org.testng.internal.TestInvoker.invokeMethod(TestInvoker.java:598)\r\n\tat org.testng.internal.TestInvoker.invokeTestMethod(TestInvoker.java:173)\r\n\tat org.testng.internal.MethodRunner.runInSequence(MethodRunner.java:46)\r\n\tat org.testng.internal.TestInvoker$MethodInvocationAgent.invoke(TestInvoker.java:824)\r\n\tat org.testng.internal.TestInvoker.invokeTestMethods(TestInvoker.java:146)\r\n\tat org.testng.internal.TestMethodWorker.invokeTestMethods(TestMethodWorker.java:146)\r\n\tat org.testng.internal.TestMethodWorker.run(TestMethodWorker.java:128)\r\n\tat java.base/java.util.ArrayList.forEach(ArrayList.java:1541)\r\n\tat org.testng.TestRunner.privateRun(TestRunner.java:794)\r\n\tat org.testng.TestRunner.run(TestRunner.java:596)\r\n\tat org.testng.SuiteRunner.runTest(SuiteRunner.java:377)\r\n\tat org.testng.SuiteRunner.runSequentially(SuiteRunner.java:371)\r\n\tat org.testng.SuiteRunner.privateRun(SuiteRunner.java:332)\r\n\tat org.testng.SuiteRunner.run(SuiteRunner.java:276)\r\n\tat org.testng.SuiteRunnerWorker.runSuite(SuiteRunnerWorker.java:53)\r\n\tat org.testng.SuiteRunnerWorker.run(SuiteRunnerWorker.java:96)\r\n\tat org.testng.TestNG.runSuitesSequentially(TestNG.java:1212)\r\n\tat org.testng.TestNG.runSuitesLocally(TestNG.java:1134)\r\n\tat org.testng.TestNG.runSuites(TestNG.java:1063)\r\n\tat org.testng.TestNG.run(TestNG.java:1031)\r\n\tat com.intellij.rt.testng.IDEARemoteTestNG.run(IDEARemoteTestNG.java:66)\r\n\tat com.intellij.rt.testng.RemoteTestNGStarter.main(RemoteTestNGStarter.java:109)\r\n"
        },
        "testClass": "com.lpl.qe.portfolioaccountingfeebilling.householdingCAG.web.ValidateHouseholdDashbaordPage",
        "test": "portfolio-accounting-fee-billing",
        "parameters": [
          {
            "groupName": "NORRIS HOUSEHOLD",
            "groupID": "10789625",
            "repID": "CCCA",
            "clientName1": "",
            "userName": "vaishali.zachrich",
            "password": "P@ssw0rd",
            "environment": "QAF3",
            "noteTitle": "Note Title",
            "noteText": "Note Test",
            "noteType": " Note "
          }
        ],
        "suite": "Default Suite",
        "logOutput": [],
        "remoteExecutionEvidence": [],
        "resourceMetaDataList": [],
        "userInterfaces": [
          {
            "operatingSystem": "windows",
            "systemArchitecture": "64 bit",
            "deviceType": "",
            "platformName": "",
            "userAgent": "chrome",
            "userAgentVersion": "",
            "platformVersion": "",
            "deviceName": "",
            "appName": "",
            "appPath": ""
          }
        ],
        "webservices": []
      }
    ]
  },
  "violationsListMap": {}
}