{
  "about": {
    "projectName": "Demo-BlackbirdDemo",
    "team": "QE",
    "releaseVersion": "1.0",
    "executionOS": "Windows 10 10.0",
    "environment": "QA",
    "userName": "vparthas"
  },
  "name": "run_1645524691811",
  "startDateTime": {
    "dateTime": {
      "date": {
        "year": 2022,
        "month": 2,
        "day": 22
      },
      "time": {
        "hour": 10,
        "minute": 11,
        "second": 32,
        "nano": 571000000
      }
    },
    "offset": {
      "totalSeconds": 0
    },
    "zone": {
      "totalSeconds": 0
    }
  },
  "endDateTime": {
    "dateTime": {
      "date": {
        "year": 2022,
        "month": 2,
        "day": 22
      },
      "time": {
        "hour": 10,
        "minute": 13,
        "second": 7,
        "nano": 829000000
      }
    },
    "offset": {
      "totalSeconds": 0
    },
    "zone": {
      "totalSeconds": 0
    }
  },
  "duration": "00h:01m:35s",
  "statusEnum": "FAILED",
  "status": "FAILED",
  "testSuites": [
    {
      "name": "Default suite",
      "startDateTime": {
        "dateTime": {
          "date": {
            "year": 2022,
            "month": 2,
            "day": 22
          },
          "time": {
            "hour": 10,
            "minute": 11,
            "second": 32,
            "nano": 946000000
          }
        },
        "offset": {
          "totalSeconds": 0
        },
        "zone": {
          "totalSeconds": 0
        }
      },
      "endDateTime": {
        "dateTime": {
          "date": {
            "year": 2022,
            "month": 2,
            "day": 22
          },
          "time": {
            "hour": 10,
            "minute": 13,
            "second": 6,
            "nano": 268000000
          }
        },
        "offset": {
          "totalSeconds": 0
        },
        "zone": {
          "totalSeconds": 0
        }
      },
      "duration": "00h:01m:33s",
      "statusEnum": "PASSED",
      "status": "PASSED",
      "tests": []
    },
    {
      "name": "Gatekeeper Test Cases",
      "startDateTime": {
        "dateTime": {
          "date": {
            "year": 2022,
            "month": 2,
            "day": 22
          },
          "time": {
            "hour": 10,
            "minute": 13,
            "second": 6,
            "nano": 269000000
          }
        },
        "offset": {
          "totalSeconds": 0
        },
        "zone": {
          "totalSeconds": 0
        }
      },
      "endDateTime": {
        "dateTime": {
          "date": {
            "year": 2022,
            "month": 2,
            "day": 22
          },
          "time": {
            "hour": 10,
            "minute": 13,
            "second": 6,
            "nano": 346000000
          }
        },
        "offset": {
          "totalSeconds": 0
        },
        "zone": {
          "totalSeconds": 0
        }
      },
      "duration": "00h:00m:00s",
      "statusEnum": "PASSED",
      "status": "PASSED",
      "tests": []
    },
    {
      "name": "Sanity Test Cases for AXA",
      "startDateTime": {
        "dateTime": {
          "date": {
            "year": 2022,
            "month": 2,
            "day": 22
          },
          "time": {
            "hour": 10,
            "minute": 13,
            "second": 6,
            "nano": 346000000
          }
        },
        "offset": {
          "totalSeconds": 0
        },
        "zone": {
          "totalSeconds": 0
        }
      },
      "endDateTime": {
        "dateTime": {
          "date": {
            "year": 2022,
            "month": 2,
            "day": 22
          },
          "time": {
            "hour": 10,
            "minute": 13,
            "second": 6,
            "nano": 347000000
          }
        },
        "offset": {
          "totalSeconds": 0
        },
        "zone": {
          "totalSeconds": 0
        }
      },
      "duration": "00h:00m:00s",
      "statusEnum": "PASSED",
      "status": "PASSED",
      "tests": []
    },
    {
      "name": "Dashboard Gatekeeper Test Cases",
      "startDateTime": {
        "dateTime": {
          "date": {
            "year": 2022,
            "month": 2,
            "day": 22
          },
          "time": {
            "hour": 10,
            "minute": 13,
            "second": 6,
            "nano": 347000000
          }
        },
        "offset": {
          "totalSeconds": 0
        },
        "zone": {
          "totalSeconds": 0
        }
      },
      "endDateTime": {
        "dateTime": {
          "date": {
            "year": 2022,
            "month": 2,
            "day": 22
          },
          "time": {
            "hour": 10,
            "minute": 13,
            "second": 6,
            "nano": 393000000
          }
        },
        "offset": {
          "totalSeconds": 0
        },
        "zone": {
          "totalSeconds": 0
        }
      },
      "duration": "00h:00m:00s",
      "statusEnum": "PASSED",
      "status": "PASSED",
      "tests": []
    },
    {
      "name": "Gatekeeper Test Cases",
      "startDateTime": {
        "dateTime": {
          "date": {
            "year": 2022,
            "month": 2,
            "day": 22
          },
          "time": {
            "hour": 10,
            "minute": 13,
            "second": 6,
            "nano": 393000000
          }
        },
        "offset": {
          "totalSeconds": 0
        },
        "zone": {
          "totalSeconds": 0
        }
      },
      "endDateTime": {
        "dateTime": {
          "date": {
            "year": 2022,
            "month": 2,
            "day": 22
          },
          "time": {
            "hour": 10,
            "minute": 13,
            "second": 6,
            "nano": 417000000
          }
        },
        "offset": {
          "totalSeconds": 0
        },
        "zone": {
          "totalSeconds": 0
        }
      },
      "duration": "00h:00m:00s",
      "statusEnum": "PASSED",
      "status": "PASSED",
      "tests": []
    },
    {
      "name": "User Story Test Cases for CAG Application",
      "startDateTime": {
        "dateTime": {
          "date": {
            "year": 2022,
            "month": 2,
            "day": 22
          },
          "time": {
            "hour": 10,
            "minute": 13,
            "second": 6,
            "nano": 417000000
          }
        },
        "offset": {
          "totalSeconds": 0
        },
        "zone": {
          "totalSeconds": 0
        }
      },
      "endDateTime": {
        "dateTime": {
          "date": {
            "year": 2022,
            "month": 2,
            "day": 22
          },
          "time": {
            "hour": 10,
            "minute": 13,
            "second": 6,
            "nano": 431000000
          }
        },
        "offset": {
          "totalSeconds": 0
        },
        "zone": {
          "totalSeconds": 0
        }
      },
      "duration": "00h:00m:00s",
      "statusEnum": "PASSED",
      "status": "PASSED",
      "tests": []
    },
    {
      "name": "Sanity Test Cases for QA Pull",
      "startDateTime": {
        "dateTime": {
          "date": {
            "year": 2022,
            "month": 2,
            "day": 22
          },
          "time": {
            "hour": 10,
            "minute": 13,
            "second": 6,
            "nano": 431000000
          }
        },
        "offset": {
          "totalSeconds": 0
        },
        "zone": {
          "totalSeconds": 0
        }
      },
      "endDateTime": {
        "dateTime": {
          "date": {
            "year": 2022,
            "month": 2,
            "day": 22
          },
          "time": {
            "hour": 10,
            "minute": 13,
            "second": 6,
            "nano": 627000000
          }
        },
        "offset": {
          "totalSeconds": 0
        },
        "zone": {
          "totalSeconds": 0
        }
      },
      "duration": "00h:00m:00s",
      "statusEnum": "FAILED",
      "status": "FAILED",
      "tests": [
        {
          "name": "Balances and Investmentssection Validation",
          "startDateTime": {
            "dateTime": {
              "date": {
                "year": 2022,
                "month": 2,
                "day": 22
              },
              "time": {
                "hour": 10,
                "minute": 13,
                "second": 6,
                "nano": 496000000
              }
            },
            "offset": {
              "totalSeconds": 0
            },
            "zone": {
              "totalSeconds": 0
            }
          },
          "endDateTime": {
            "dateTime": {
              "date": {
                "year": 2022,
                "month": 2,
                "day": 22
              },
              "time": {
                "hour": 10,
                "minute": 13,
                "second": 6,
                "nano": 514000000
              }
            },
            "offset": {
              "totalSeconds": 0
            },
            "zone": {
              "totalSeconds": 0
            }
          },
          "duration": "00h:00m:00s",
          "statusEnum": "FAILED",
          "status": "FAILED",
          "testMethods": [
            {
              "id": "BEFOREHook_1645524786499_1",
              "testMethodId": "BEFOREHook_1645524786499_1",
              "name": "BEFOREHook",
              "configuration": true,
              "methodType": "TestMethod",
              "startDateTime": {
                "dateTime": {
                  "date": {
                    "year": 2022,
                    "month": 2,
                    "day": 22
                  },
                  "time": {
                    "hour": 10,
                    "minute": 13,
                    "second": 6,
                    "nano": 499000000
                  }
                },
                "offset": {
                  "totalSeconds": 0
                },
                "zone": {
                  "totalSeconds": 0
                }
              },
              "endDateTime": {
                "dateTime": {
                  "date": {
                    "year": 2022,
                    "month": 2,
                    "day": 22
                  },
                  "time": {
                    "hour": 10,
                    "minute": 13,
                    "second": 6,
                    "nano": 501000000
                  }
                },
                "offset": {
                  "totalSeconds": 0
                },
                "zone": {
                  "totalSeconds": 0
                }
              },
              "duration": "00h:00m:00s",
              "statusEnum": "PASSED",
              "status": "PASSED",
              "testClass": "io.cucumber.core.runner.HookTestStep",
              "test": "Balances and Investmentssection Validation",
              "parameters": [],
              "suite": "Sanity Test Cases for QA Pull",
              "logOutput": [],
              "resourceMetaDataList": [],
              "userInterfaces": [],
              "webservices": []
            },
            {
              "id": "I login into ClientWorks application_1645524786503_1",
              "testMethodId": "I login into ClientWorks application_1645524786503_1",
              "name": "I login into ClientWorks application",
              "description": "Given ",
              "configuration": false,
              "methodType": "Step",
              "startDateTime": {
                "dateTime": {
                  "date": {
                    "year": 2022,
                    "month": 2,
                    "day": 22
                  },
                  "time": {
                    "hour": 10,
                    "minute": 13,
                    "second": 6,
                    "nano": 503000000
                  }
                },
                "offset": {
                  "totalSeconds": 0
                },
                "zone": {
                  "totalSeconds": 0
                }
              },
              "endDateTime": {
                "dateTime": {
                  "date": {
                    "year": 2022,
                    "month": 2,
                    "day": 22
                  },
                  "time": {
                    "hour": 10,
                    "minute": 13,
                    "second": 6,
                    "nano": 504000000
                  }
                },
                "offset": {
                  "totalSeconds": 0
                },
                "zone": {
                  "totalSeconds": 0
                }
              },
              "duration": "00h:00m:00s",
              "statusEnum": "PASSED",
              "status": "PASSED",
              "testClass": "io.cucumber.core.runner.PickleStepTestStep",
              "test": "Balances and Investmentssection Validation",
              "parameters": [],
              "suite": "Sanity Test Cases for QA Pull",
              "logOutput": [],
              "resourceMetaDataList": [],
              "userInterfaces": [],
              "webservices": []
            },
            {
              "id": "I should view Client Management Page is displayed_1645524786504_1",
              "testMethodId": "I should view Client Management Page is displayed_1645524786504_1",
              "name": "I should view Client Management Page is displayed",
              "description": "Then ",
              "configuration": false,
              "methodType": "Step",
              "startDateTime": {
                "dateTime": {
                  "date": {
                    "year": 2022,
                    "month": 2,
                    "day": 22
                  },
                  "time": {
                    "hour": 10,
                    "minute": 13,
                    "second": 6,
                    "nano": 504000000
                  }
                },
                "offset": {
                  "totalSeconds": 0
                },
                "zone": {
                  "totalSeconds": 0
                }
              },
              "endDateTime": {
                "dateTime": {
                  "date": {
                    "year": 2022,
                    "month": 2,
                    "day": 22
                  },
                  "time": {
                    "hour": 10,
                    "minute": 13,
                    "second": 6,
                    "nano": 505000000
                  }
                },
                "offset": {
                  "totalSeconds": 0
                },
                "zone": {
                  "totalSeconds": 0
                }
              },
              "duration": "00h:00m:00s",
              "statusEnum": "PASSED",
              "status": "PASSED",
              "testClass": "io.cucumber.core.runner.PickleStepTestStep",
              "test": "Balances and Investmentssection Validation",
              "parameters": [],
              "suite": "Sanity Test Cases for QA Pull",
              "logOutput": [],
              "resourceMetaDataList": [],
              "userInterfaces": [],
              "webservices": []
            },
            {
              "id": "I should navigate into Groups tab_1645524786505_1",
              "testMethodId": "I should navigate into Groups tab_1645524786505_1",
              "name": "I should navigate into Groups tab",
              "description": "And ",
              "configuration": false,
              "methodType": "Step",
              "startDateTime": {
                "dateTime": {
                  "date": {
                    "year": 2022,
                    "month": 2,
                    "day": 22
                  },
                  "time": {
                    "hour": 10,
                    "minute": 13,
                    "second": 6,
                    "nano": 505000000
                  }
                },
                "offset": {
                  "totalSeconds": 0
                },
                "zone": {
                  "totalSeconds": 0
                }
              },
              "endDateTime": {
                "dateTime": {
                  "date": {
                    "year": 2022,
                    "month": 2,
                    "day": 22
                  },
                  "time": {
                    "hour": 10,
                    "minute": 13,
                    "second": 6,
                    "nano": 505000000
                  }
                },
                "offset": {
                  "totalSeconds": 0
                },
                "zone": {
                  "totalSeconds": 0
                }
              },
              "duration": "00h:00m:00s",
              "statusEnum": "PASSED",
              "status": "PASSED",
              "testClass": "io.cucumber.core.runner.PickleStepTestStep",
              "test": "Balances and Investmentssection Validation",
              "parameters": [],
              "suite": "Sanity Test Cases for QA Pull",
              "logOutput": [],
              "resourceMetaDataList": [],
              "userInterfaces": [],
              "webservices": []
            },
            {
              "id": "I enter Groupname_1645524786506_1",
              "testMethodId": "I enter Groupname_1645524786506_1",
              "name": "I enter Groupname",
              "description": "When ",
              "configuration": false,
              "methodType": "Step",
              "startDateTime": {
                "dateTime": {
                  "date": {
                    "year": 2022,
                    "month": 2,
                    "day": 22
                  },
                  "time": {
                    "hour": 10,
                    "minute": 13,
                    "second": 6,
                    "nano": 506000000
                  }
                },
                "offset": {
                  "totalSeconds": 0
                },
                "zone": {
                  "totalSeconds": 0
                }
              },
              "endDateTime": {
                "dateTime": {
                  "date": {
                    "year": 2022,
                    "month": 2,
                    "day": 22
                  },
                  "time": {
                    "hour": 10,
                    "minute": 13,
                    "second": 6,
                    "nano": 506000000
                  }
                },
                "offset": {
                  "totalSeconds": 0
                },
                "zone": {
                  "totalSeconds": 0
                }
              },
              "duration": "00h:00m:00s",
              "statusEnum": "PASSED",
              "status": "PASSED",
              "testClass": "io.cucumber.core.runner.PickleStepTestStep",
              "test": "Balances and Investmentssection Validation",
              "parameters": [],
              "suite": "Sanity Test Cases for QA Pull",
              "logOutput": [],
              "resourceMetaDataList": [],
              "userInterfaces": [],
              "webservices": []
            },
            {
              "id": "I click on search button_1645524786506_1",
              "testMethodId": "I click on search button_1645524786506_1",
              "name": "I click on search button",
              "description": "Then ",
              "configuration": false,
              "methodType": "Step",
              "startDateTime": {
                "dateTime": {
                  "date": {
                    "year": 2022,
                    "month": 2,
                    "day": 22
                  },
                  "time": {
                    "hour": 10,
                    "minute": 13,
                    "second": 6,
                    "nano": 506000000
                  }
                },
                "offset": {
                  "totalSeconds": 0
                },
                "zone": {
                  "totalSeconds": 0
                }
              },
              "endDateTime": {
                "dateTime": {
                  "date": {
                    "year": 2022,
                    "month": 2,
                    "day": 22
                  },
                  "time": {
                    "hour": 10,
                    "minute": 13,
                    "second": 6,
                    "nano": 506000000
                  }
                },
                "offset": {
                  "totalSeconds": 0
                },
                "zone": {
                  "totalSeconds": 0
                }
              },
              "duration": "00h:00m:00s",
              "statusEnum": "PASSED",
              "status": "PASSED",
              "testClass": "io.cucumber.core.runner.PickleStepTestStep",
              "test": "Balances and Investmentssection Validation",
              "parameters": [],
              "suite": "Sanity Test Cases for QA Pull",
              "logOutput": [],
              "resourceMetaDataList": [],
              "userInterfaces": [],
              "webservices": []
            },
            {
              "id": "I click on a hyperlinked Household Group name_1645524786507_1",
              "testMethodId": "I click on a hyperlinked Household Group name_1645524786507_1",
              "name": "I click on a hyperlinked Household Group name",
              "description": "When ",
              "configuration": false,
              "methodType": "Step",
              "startDateTime": {
                "dateTime": {
                  "date": {
                    "year": 2022,
                    "month": 2,
                    "day": 22
                  },
                  "time": {
                    "hour": 10,
                    "minute": 13,
                    "second": 6,
                    "nano": 507000000
                  }
                },
                "offset": {
                  "totalSeconds": 0
                },
                "zone": {
                  "totalSeconds": 0
                }
              },
              "endDateTime": {
                "dateTime": {
                  "date": {
                    "year": 2022,
                    "month": 2,
                    "day": 22
                  },
                  "time": {
                    "hour": 10,
                    "minute": 13,
                    "second": 6,
                    "nano": 507000000
                  }
                },
                "offset": {
                  "totalSeconds": 0
                },
                "zone": {
                  "totalSeconds": 0
                }
              },
              "duration": "00h:00m:00s",
              "statusEnum": "FAILED",
              "status": "FAILED",
              "bug": {
                "message": "AssertionError: User retrieves the webelement for  Household Group name is clicked element expected [true] but found [false]",
                "stackTrace": "java.lang.AssertionError: User retrieves the webelement for  Household Group name is clicked element expected [true] but found [false]\r\n\tat org.testng.Assert.fail(Assert.java:99)\r\n\tat org.testng.Assert.failNotEquals(Assert.java:1037)\r\n\tat org.testng.Assert.assertTrue(Assert.java:45)\r\n\tat LPLCoreDriver.LPLCoreReporter.writeStepToReporter(LPLCoreReporter.java:443)\r\n\tat com.lpl.qe.legacy.portfolioaccountingfeebilling.householdinggrouputility.web.cucumber.pages.Common.writeStepToReporter(Common.java:1535)\r\n\tat com.lpl.qe.legacy.portfolioaccountingfeebilling.householdinggrouputility.web.cucumber.pages.Common.getWebElement(Common.java:1166)\r\n\tat com.lpl.qe.legacy.portfolioaccountingfeebilling.householdinggrouputility.web.cucumber.pages.Common.isElementPresentUsingXpath(Common.java:667)\r\n\tat com.lpl.qe.legacy.portfolioaccountingfeebilling.householdinggrouputility.web.cucumber.pages.Common.clickElementUsingXpath(Common.java:449)\r\n\tat com.lpl.qe.legacy.portfolioaccountingfeebilling.householdinggrouputility.web.cucumber.pages.NewHouseholdPage.clickHHGroupName(NewHouseholdPage.java:1990)\r\n\tat com.lpl.qe.legacy.portfolioaccountingfeebilling.householdinggrouputility.web.cucumber.steps.NewHouseholdStepDef.iclickonahyperlinkedhouseholdgroupname(NewHouseholdStepDef.java:884)\r\n\tat ?.I click on a hyperlinked Household Group name(file:///C:/Householding-CAG/src/test/resources/features/householdinggrouputility/web/Dashboard%20Gatekeeper.feature:10)\r\n"
              },
              "testClass": "io.cucumber.core.runner.PickleStepTestStep",
              "test": "Balances and Investmentssection Validation",
              "parameters": [],
              "suite": "Sanity Test Cases for QA Pull",
              "logOutput": [],
              "resourceMetaDataList": [],
              "userInterfaces": [],
              "webservices": []
            },
            {
              "id": "I need to see following values_1645524786508_1",
              "testMethodId": "I need to see following values_1645524786508_1",
              "name": "I need to see following values",
              "description": "Then ",
              "configuration": false,
              "methodType": "Step",
              "startDateTime": {
                "dateTime": {
                  "date": {
                    "year": 2022,
                    "month": 2,
                    "day": 22
                  },
                  "time": {
                    "hour": 10,
                    "minute": 13,
                    "second": 6,
                    "nano": 508000000
                  }
                },
                "offset": {
                  "totalSeconds": 0
                },
                "zone": {
                  "totalSeconds": 0
                }
              },
              "endDateTime": {
                "dateTime": {
                  "date": {
                    "year": 2022,
                    "month": 2,
                    "day": 22
                  },
                  "time": {
                    "hour": 10,
                    "minute": 13,
                    "second": 6,
                    "nano": 508000000
                  }
                },
                "offset": {
                  "totalSeconds": 0
                },
                "zone": {
                  "totalSeconds": 0
                }
              },
              "duration": "00h:00m:00s",
              "statusEnum": "SKIPPED",
              "status": "SKIPPED",
              "testClass": "io.cucumber.core.runner.PickleStepTestStep",
              "test": "Balances and Investmentssection Validation",
              "parameters": [],
              "suite": "Sanity Test Cases for QA Pull",
              "logOutput": [],
              "resourceMetaDataList": [],
              "userInterfaces": [],
              "webservices": []
            },
            {
              "id": "AFTERHook_1645524786509_1",
              "testMethodId": "AFTERHook_1645524786509_1",
              "name": "AFTERHook",
              "configuration": true,
              "methodType": "TestMethod",
              "startDateTime": {
                "dateTime": {
                  "date": {
                    "year": 2022,
                    "month": 2,
                    "day": 22
                  },
                  "time": {
                    "hour": 10,
                    "minute": 13,
                    "second": 6,
                    "nano": 509000000
                  }
                },
                "offset": {
                  "totalSeconds": 0
                },
                "zone": {
                  "totalSeconds": 0
                }
              },
              "endDateTime": {
                "dateTime": {
                  "date": {
                    "year": 2022,
                    "month": 2,
                    "day": 22
                  },
                  "time": {
                    "hour": 10,
                    "minute": 13,
                    "second": 6,
                    "nano": 509000000
                  }
                },
                "offset": {
                  "totalSeconds": 0
                },
                "zone": {
                  "totalSeconds": 0
                }
              },
              "duration": "00h:00m:00s",
              "statusEnum": "PASSED",
              "status": "PASSED",
              "testClass": "io.cucumber.core.runner.HookTestStep",
              "test": "Balances and Investmentssection Validation",
              "parameters": [],
              "suite": "Sanity Test Cases for QA Pull",
              "logOutput": [],
              "resourceMetaDataList": [],
              "userInterfaces": [],
              "webservices": []
            }
          ]
        }
      ]
    }
  ],
  "testMethodList": [
    {
      "id": "BEFOREHook_1645524786499_1",
      "testMethodId": "BEFOREHook_1645524786499_1",
      "name": "BEFOREHook",
      "configuration": true,
      "methodType": "TestMethod",
      "startDateTime": {
        "dateTime": {
          "date": {
            "year": 2022,
            "month": 2,
            "day": 22
          },
          "time": {
            "hour": 10,
            "minute": 13,
            "second": 6,
            "nano": 499000000
          }
        },
        "offset": {
          "totalSeconds": 0
        },
        "zone": {
          "totalSeconds": 0
        }
      },
      "endDateTime": {
        "dateTime": {
          "date": {
            "year": 2022,
            "month": 2,
            "day": 22
          },
          "time": {
            "hour": 10,
            "minute": 13,
            "second": 6,
            "nano": 501000000
          }
        },
        "offset": {
          "totalSeconds": 0
        },
        "zone": {
          "totalSeconds": 0
        }
      },
      "duration": "00h:00m:00s",
      "statusEnum": "PASSED",
      "status": "PASSED",
      "testClass": "io.cucumber.core.runner.HookTestStep",
      "test": "Balances and Investmentssection Validation",
      "parameters": [],
      "suite": "Sanity Test Cases for QA Pull",
      "logOutput": [],
      "resourceMetaDataList": [],
      "userInterfaces": [],
      "webservices": []
    },
    {
      "id": "I login into ClientWorks application_1645524786503_1",
      "testMethodId": "I login into ClientWorks application_1645524786503_1",
      "name": "I login into ClientWorks application",
      "description": "Given ",
      "configuration": false,
      "methodType": "Step",
      "startDateTime": {
        "dateTime": {
          "date": {
            "year": 2022,
            "month": 2,
            "day": 22
          },
          "time": {
            "hour": 10,
            "minute": 13,
            "second": 6,
            "nano": 503000000
          }
        },
        "offset": {
          "totalSeconds": 0
        },
        "zone": {
          "totalSeconds": 0
        }
      },
      "endDateTime": {
        "dateTime": {
          "date": {
            "year": 2022,
            "month": 2,
            "day": 22
          },
          "time": {
            "hour": 10,
            "minute": 13,
            "second": 6,
            "nano": 504000000
          }
        },
        "offset": {
          "totalSeconds": 0
        },
        "zone": {
          "totalSeconds": 0
        }
      },
      "duration": "00h:00m:00s",
      "statusEnum": "PASSED",
      "status": "PASSED",
      "testClass": "io.cucumber.core.runner.PickleStepTestStep",
      "test": "Balances and Investmentssection Validation",
      "parameters": [],
      "suite": "Sanity Test Cases for QA Pull",
      "logOutput": [],
      "resourceMetaDataList": [],
      "userInterfaces": [],
      "webservices": []
    },
    {
      "id": "I should view Client Management Page is displayed_1645524786504_1",
      "testMethodId": "I should view Client Management Page is displayed_1645524786504_1",
      "name": "I should view Client Management Page is displayed",
      "description": "Then ",
      "configuration": false,
      "methodType": "Step",
      "startDateTime": {
        "dateTime": {
          "date": {
            "year": 2022,
            "month": 2,
            "day": 22
          },
          "time": {
            "hour": 10,
            "minute": 13,
            "second": 6,
            "nano": 504000000
          }
        },
        "offset": {
          "totalSeconds": 0
        },
        "zone": {
          "totalSeconds": 0
        }
      },
      "endDateTime": {
        "dateTime": {
          "date": {
            "year": 2022,
            "month": 2,
            "day": 22
          },
          "time": {
            "hour": 10,
            "minute": 13,
            "second": 6,
            "nano": 505000000
          }
        },
        "offset": {
          "totalSeconds": 0
        },
        "zone": {
          "totalSeconds": 0
        }
      },
      "duration": "00h:00m:00s",
      "statusEnum": "PASSED",
      "status": "PASSED",
      "testClass": "io.cucumber.core.runner.PickleStepTestStep",
      "test": "Balances and Investmentssection Validation",
      "parameters": [],
      "suite": "Sanity Test Cases for QA Pull",
      "logOutput": [],
      "resourceMetaDataList": [],
      "userInterfaces": [],
      "webservices": []
    },
    {
      "id": "I should navigate into Groups tab_1645524786505_1",
      "testMethodId": "I should navigate into Groups tab_1645524786505_1",
      "name": "I should navigate into Groups tab",
      "description": "And ",
      "configuration": false,
      "methodType": "Step",
      "startDateTime": {
        "dateTime": {
          "date": {
            "year": 2022,
            "month": 2,
            "day": 22
          },
          "time": {
            "hour": 10,
            "minute": 13,
            "second": 6,
            "nano": 505000000
          }
        },
        "offset": {
          "totalSeconds": 0
        },
        "zone": {
          "totalSeconds": 0
        }
      },
      "endDateTime": {
        "dateTime": {
          "date": {
            "year": 2022,
            "month": 2,
            "day": 22
          },
          "time": {
            "hour": 10,
            "minute": 13,
            "second": 6,
            "nano": 505000000
          }
        },
        "offset": {
          "totalSeconds": 0
        },
        "zone": {
          "totalSeconds": 0
        }
      },
      "duration": "00h:00m:00s",
      "statusEnum": "PASSED",
      "status": "PASSED",
      "testClass": "io.cucumber.core.runner.PickleStepTestStep",
      "test": "Balances and Investmentssection Validation",
      "parameters": [],
      "suite": "Sanity Test Cases for QA Pull",
      "logOutput": [],
      "resourceMetaDataList": [],
      "userInterfaces": [],
      "webservices": []
    },
    {
      "id": "I enter Groupname_1645524786506_1",
      "testMethodId": "I enter Groupname_1645524786506_1",
      "name": "I enter Groupname",
      "description": "When ",
      "configuration": false,
      "methodType": "Step",
      "startDateTime": {
        "dateTime": {
          "date": {
            "year": 2022,
            "month": 2,
            "day": 22
          },
          "time": {
            "hour": 10,
            "minute": 13,
            "second": 6,
            "nano": 506000000
          }
        },
        "offset": {
          "totalSeconds": 0
        },
        "zone": {
          "totalSeconds": 0
        }
      },
      "endDateTime": {
        "dateTime": {
          "date": {
            "year": 2022,
            "month": 2,
            "day": 22
          },
          "time": {
            "hour": 10,
            "minute": 13,
            "second": 6,
            "nano": 506000000
          }
        },
        "offset": {
          "totalSeconds": 0
        },
        "zone": {
          "totalSeconds": 0
        }
      },
      "duration": "00h:00m:00s",
      "statusEnum": "PASSED",
      "status": "PASSED",
      "testClass": "io.cucumber.core.runner.PickleStepTestStep",
      "test": "Balances and Investmentssection Validation",
      "parameters": [],
      "suite": "Sanity Test Cases for QA Pull",
      "logOutput": [],
      "resourceMetaDataList": [],
      "userInterfaces": [],
      "webservices": []
    },
    {
      "id": "I click on search button_1645524786506_1",
      "testMethodId": "I click on search button_1645524786506_1",
      "name": "I click on search button",
      "description": "Then ",
      "configuration": false,
      "methodType": "Step",
      "startDateTime": {
        "dateTime": {
          "date": {
            "year": 2022,
            "month": 2,
            "day": 22
          },
          "time": {
            "hour": 10,
            "minute": 13,
            "second": 6,
            "nano": 506000000
          }
        },
        "offset": {
          "totalSeconds": 0
        },
        "zone": {
          "totalSeconds": 0
        }
      },
      "endDateTime": {
        "dateTime": {
          "date": {
            "year": 2022,
            "month": 2,
            "day": 22
          },
          "time": {
            "hour": 10,
            "minute": 13,
            "second": 6,
            "nano": 506000000
          }
        },
        "offset": {
          "totalSeconds": 0
        },
        "zone": {
          "totalSeconds": 0
        }
      },
      "duration": "00h:00m:00s",
      "statusEnum": "PASSED",
      "status": "PASSED",
      "testClass": "io.cucumber.core.runner.PickleStepTestStep",
      "test": "Balances and Investmentssection Validation",
      "parameters": [],
      "suite": "Sanity Test Cases for QA Pull",
      "logOutput": [],
      "resourceMetaDataList": [],
      "userInterfaces": [],
      "webservices": []
    },
    {
      "id": "I click on a hyperlinked Household Group name_1645524786507_1",
      "testMethodId": "I click on a hyperlinked Household Group name_1645524786507_1",
      "name": "I click on a hyperlinked Household Group name",
      "description": "When ",
      "configuration": false,
      "methodType": "Step",
      "startDateTime": {
        "dateTime": {
          "date": {
            "year": 2022,
            "month": 2,
            "day": 22
          },
          "time": {
            "hour": 10,
            "minute": 13,
            "second": 6,
            "nano": 507000000
          }
        },
        "offset": {
          "totalSeconds": 0
        },
        "zone": {
          "totalSeconds": 0
        }
      },
      "endDateTime": {
        "dateTime": {
          "date": {
            "year": 2022,
            "month": 2,
            "day": 22
          },
          "time": {
            "hour": 10,
            "minute": 13,
            "second": 6,
            "nano": 507000000
          }
        },
        "offset": {
          "totalSeconds": 0
        },
        "zone": {
          "totalSeconds": 0
        }
      },
      "duration": "00h:00m:00s",
      "statusEnum": "FAILED",
      "status": "FAILED",
      "bug": {
        "message": "AssertionError: User retrieves the webelement for  Household Group name is clicked element expected [true] but found [false]",
        "stackTrace": "java.lang.AssertionError: User retrieves the webelement for  Household Group name is clicked element expected [true] but found [false]\r\n\tat org.testng.Assert.fail(Assert.java:99)\r\n\tat org.testng.Assert.failNotEquals(Assert.java:1037)\r\n\tat org.testng.Assert.assertTrue(Assert.java:45)\r\n\tat LPLCoreDriver.LPLCoreReporter.writeStepToReporter(LPLCoreReporter.java:443)\r\n\tat com.lpl.qe.legacy.portfolioaccountingfeebilling.householdinggrouputility.web.cucumber.pages.Common.writeStepToReporter(Common.java:1535)\r\n\tat com.lpl.qe.legacy.portfolioaccountingfeebilling.householdinggrouputility.web.cucumber.pages.Common.getWebElement(Common.java:1166)\r\n\tat com.lpl.qe.legacy.portfolioaccountingfeebilling.householdinggrouputility.web.cucumber.pages.Common.isElementPresentUsingXpath(Common.java:667)\r\n\tat com.lpl.qe.legacy.portfolioaccountingfeebilling.householdinggrouputility.web.cucumber.pages.Common.clickElementUsingXpath(Common.java:449)\r\n\tat com.lpl.qe.legacy.portfolioaccountingfeebilling.householdinggrouputility.web.cucumber.pages.NewHouseholdPage.clickHHGroupName(NewHouseholdPage.java:1990)\r\n\tat com.lpl.qe.legacy.portfolioaccountingfeebilling.householdinggrouputility.web.cucumber.steps.NewHouseholdStepDef.iclickonahyperlinkedhouseholdgroupname(NewHouseholdStepDef.java:884)\r\n\tat ?.I click on a hyperlinked Household Group name(file:///C:/Householding-CAG/src/test/resources/features/householdinggrouputility/web/Dashboard%20Gatekeeper.feature:10)\r\n"
      },
      "testClass": "io.cucumber.core.runner.PickleStepTestStep",
      "test": "Balances and Investmentssection Validation",
      "parameters": [],
      "suite": "Sanity Test Cases for QA Pull",
      "logOutput": [],
      "resourceMetaDataList": [],
      "userInterfaces": [],
      "webservices": []
    },
    {
      "id": "I need to see following values_1645524786508_1",
      "testMethodId": "I need to see following values_1645524786508_1",
      "name": "I need to see following values",
      "description": "Then ",
      "configuration": false,
      "methodType": "Step",
      "startDateTime": {
        "dateTime": {
          "date": {
            "year": 2022,
            "month": 2,
            "day": 22
          },
          "time": {
            "hour": 10,
            "minute": 13,
            "second": 6,
            "nano": 508000000
          }
        },
        "offset": {
          "totalSeconds": 0
        },
        "zone": {
          "totalSeconds": 0
        }
      },
      "endDateTime": {
        "dateTime": {
          "date": {
            "year": 2022,
            "month": 2,
            "day": 22
          },
          "time": {
            "hour": 10,
            "minute": 13,
            "second": 6,
            "nano": 508000000
          }
        },
        "offset": {
          "totalSeconds": 0
        },
        "zone": {
          "totalSeconds": 0
        }
      },
      "duration": "00h:00m:00s",
      "statusEnum": "SKIPPED",
      "status": "SKIPPED",
      "testClass": "io.cucumber.core.runner.PickleStepTestStep",
      "test": "Balances and Investmentssection Validation",
      "parameters": [],
      "suite": "Sanity Test Cases for QA Pull",
      "logOutput": [],
      "resourceMetaDataList": [],
      "userInterfaces": [],
      "webservices": []
    },
    {
      "id": "AFTERHook_1645524786509_1",
      "testMethodId": "AFTERHook_1645524786509_1",
      "name": "AFTERHook",
      "configuration": true,
      "methodType": "TestMethod",
      "startDateTime": {
        "dateTime": {
          "date": {
            "year": 2022,
            "month": 2,
            "day": 22
          },
          "time": {
            "hour": 10,
            "minute": 13,
            "second": 6,
            "nano": 509000000
          }
        },
        "offset": {
          "totalSeconds": 0
        },
        "zone": {
          "totalSeconds": 0
        }
      },
      "endDateTime": {
        "dateTime": {
          "date": {
            "year": 2022,
            "month": 2,
            "day": 22
          },
          "time": {
            "hour": 10,
            "minute": 13,
            "second": 6,
            "nano": 509000000
          }
        },
        "offset": {
          "totalSeconds": 0
        },
        "zone": {
          "totalSeconds": 0
        }
      },
      "duration": "00h:00m:00s",
      "statusEnum": "PASSED",
      "status": "PASSED",
      "testClass": "io.cucumber.core.runner.HookTestStep",
      "test": "Balances and Investmentssection Validation",
      "parameters": [],
      "suite": "Sanity Test Cases for QA Pull",
      "logOutput": [],
      "resourceMetaDataList": [],
      "userInterfaces": [],
      "webservices": []
    },
    {
      "id": "BEFOREHook_1645524786499_1",
      "testMethodId": "BEFOREHook_1645524786499_1",
      "name": "BEFOREHook",
      "configuration": true,
      "methodType": "TestMethod",
      "startDateTime": {
        "dateTime": {
          "date": {
            "year": 2022,
            "month": 2,
            "day": 22
          },
          "time": {
            "hour": 10,
            "minute": 13,
            "second": 6,
            "nano": 499000000
          }
        },
        "offset": {
          "totalSeconds": 0
        },
        "zone": {
          "totalSeconds": 0
        }
      },
      "endDateTime": {
        "dateTime": {
          "date": {
            "year": 2022,
            "month": 2,
            "day": 22
          },
          "time": {
            "hour": 10,
            "minute": 13,
            "second": 6,
            "nano": 501000000
          }
        },
        "offset": {
          "totalSeconds": 0
        },
        "zone": {
          "totalSeconds": 0
        }
      },
      "duration": "00h:00m:00s",
      "statusEnum": "PASSED",
      "status": "PASSED",
      "testClass": "io.cucumber.core.runner.HookTestStep",
      "test": "Balances and Investmentssection Validation",
      "parameters": [],
      "suite": "Sanity Test Cases for QA Pull",
      "logOutput": [],
      "resourceMetaDataList": [],
      "userInterfaces": [],
      "webservices": []
    },
    {
      "id": "I login into ClientWorks application_1645524786503_1",
      "testMethodId": "I login into ClientWorks application_1645524786503_1",
      "name": "I login into ClientWorks application",
      "description": "Given ",
      "configuration": false,
      "methodType": "Step",
      "startDateTime": {
        "dateTime": {
          "date": {
            "year": 2022,
            "month": 2,
            "day": 22
          },
          "time": {
            "hour": 10,
            "minute": 13,
            "second": 6,
            "nano": 503000000
          }
        },
        "offset": {
          "totalSeconds": 0
        },
        "zone": {
          "totalSeconds": 0
        }
      },
      "endDateTime": {
        "dateTime": {
          "date": {
            "year": 2022,
            "month": 2,
            "day": 22
          },
          "time": {
            "hour": 10,
            "minute": 13,
            "second": 6,
            "nano": 504000000
          }
        },
        "offset": {
          "totalSeconds": 0
        },
        "zone": {
          "totalSeconds": 0
        }
      },
      "duration": "00h:00m:00s",
      "statusEnum": "PASSED",
      "status": "PASSED",
      "testClass": "io.cucumber.core.runner.PickleStepTestStep",
      "test": "Balances and Investmentssection Validation",
      "parameters": [],
      "suite": "Sanity Test Cases for QA Pull",
      "logOutput": [],
      "resourceMetaDataList": [],
      "userInterfaces": [],
      "webservices": []
    },
    {
      "id": "I should view Client Management Page is displayed_1645524786504_1",
      "testMethodId": "I should view Client Management Page is displayed_1645524786504_1",
      "name": "I should view Client Management Page is displayed",
      "description": "Then ",
      "configuration": false,
      "methodType": "Step",
      "startDateTime": {
        "dateTime": {
          "date": {
            "year": 2022,
            "month": 2,
            "day": 22
          },
          "time": {
            "hour": 10,
            "minute": 13,
            "second": 6,
            "nano": 504000000
          }
        },
        "offset": {
          "totalSeconds": 0
        },
        "zone": {
          "totalSeconds": 0
        }
      },
      "endDateTime": {
        "dateTime": {
          "date": {
            "year": 2022,
            "month": 2,
            "day": 22
          },
          "time": {
            "hour": 10,
            "minute": 13,
            "second": 6,
            "nano": 505000000
          }
        },
        "offset": {
          "totalSeconds": 0
        },
        "zone": {
          "totalSeconds": 0
        }
      },
      "duration": "00h:00m:00s",
      "statusEnum": "PASSED",
      "status": "PASSED",
      "testClass": "io.cucumber.core.runner.PickleStepTestStep",
      "test": "Balances and Investmentssection Validation",
      "parameters": [],
      "suite": "Sanity Test Cases for QA Pull",
      "logOutput": [],
      "resourceMetaDataList": [],
      "userInterfaces": [],
      "webservices": []
    },
    {
      "id": "I should navigate into Groups tab_1645524786505_1",
      "testMethodId": "I should navigate into Groups tab_1645524786505_1",
      "name": "I should navigate into Groups tab",
      "description": "And ",
      "configuration": false,
      "methodType": "Step",
      "startDateTime": {
        "dateTime": {
          "date": {
            "year": 2022,
            "month": 2,
            "day": 22
          },
          "time": {
            "hour": 10,
            "minute": 13,
            "second": 6,
            "nano": 505000000
          }
        },
        "offset": {
          "totalSeconds": 0
        },
        "zone": {
          "totalSeconds": 0
        }
      },
      "endDateTime": {
        "dateTime": {
          "date": {
            "year": 2022,
            "month": 2,
            "day": 22
          },
          "time": {
            "hour": 10,
            "minute": 13,
            "second": 6,
            "nano": 505000000
          }
        },
        "offset": {
          "totalSeconds": 0
        },
        "zone": {
          "totalSeconds": 0
        }
      },
      "duration": "00h:00m:00s",
      "statusEnum": "PASSED",
      "status": "PASSED",
      "testClass": "io.cucumber.core.runner.PickleStepTestStep",
      "test": "Balances and Investmentssection Validation",
      "parameters": [],
      "suite": "Sanity Test Cases for QA Pull",
      "logOutput": [],
      "resourceMetaDataList": [],
      "userInterfaces": [],
      "webservices": []
    },
    {
      "id": "I enter Groupname_1645524786506_1",
      "testMethodId": "I enter Groupname_1645524786506_1",
      "name": "I enter Groupname",
      "description": "When ",
      "configuration": false,
      "methodType": "Step",
      "startDateTime": {
        "dateTime": {
          "date": {
            "year": 2022,
            "month": 2,
            "day": 22
          },
          "time": {
            "hour": 10,
            "minute": 13,
            "second": 6,
            "nano": 506000000
          }
        },
        "offset": {
          "totalSeconds": 0
        },
        "zone": {
          "totalSeconds": 0
        }
      },
      "endDateTime": {
        "dateTime": {
          "date": {
            "year": 2022,
            "month": 2,
            "day": 22
          },
          "time": {
            "hour": 10,
            "minute": 13,
            "second": 6,
            "nano": 506000000
          }
        },
        "offset": {
          "totalSeconds": 0
        },
        "zone": {
          "totalSeconds": 0
        }
      },
      "duration": "00h:00m:00s",
      "statusEnum": "PASSED",
      "status": "PASSED",
      "testClass": "io.cucumber.core.runner.PickleStepTestStep",
      "test": "Balances and Investmentssection Validation",
      "parameters": [],
      "suite": "Sanity Test Cases for QA Pull",
      "logOutput": [],
      "resourceMetaDataList": [],
      "userInterfaces": [],
      "webservices": []
    },
    {
      "id": "I click on search button_1645524786506_1",
      "testMethodId": "I click on search button_1645524786506_1",
      "name": "I click on search button",
      "description": "Then ",
      "configuration": false,
      "methodType": "Step",
      "startDateTime": {
        "dateTime": {
          "date": {
            "year": 2022,
            "month": 2,
            "day": 22
          },
          "time": {
            "hour": 10,
            "minute": 13,
            "second": 6,
            "nano": 506000000
          }
        },
        "offset": {
          "totalSeconds": 0
        },
        "zone": {
          "totalSeconds": 0
        }
      },
      "endDateTime": {
        "dateTime": {
          "date": {
            "year": 2022,
            "month": 2,
            "day": 22
          },
          "time": {
            "hour": 10,
            "minute": 13,
            "second": 6,
            "nano": 506000000
          }
        },
        "offset": {
          "totalSeconds": 0
        },
        "zone": {
          "totalSeconds": 0
        }
      },
      "duration": "00h:00m:00s",
      "statusEnum": "PASSED",
      "status": "PASSED",
      "testClass": "io.cucumber.core.runner.PickleStepTestStep",
      "test": "Balances and Investmentssection Validation",
      "parameters": [],
      "suite": "Sanity Test Cases for QA Pull",
      "logOutput": [],
      "resourceMetaDataList": [],
      "userInterfaces": [],
      "webservices": []
    },
    {
      "id": "I click on a hyperlinked Household Group name_1645524786507_1",
      "testMethodId": "I click on a hyperlinked Household Group name_1645524786507_1",
      "name": "I click on a hyperlinked Household Group name",
      "description": "When ",
      "configuration": false,
      "methodType": "Step",
      "startDateTime": {
        "dateTime": {
          "date": {
            "year": 2022,
            "month": 2,
            "day": 22
          },
          "time": {
            "hour": 10,
            "minute": 13,
            "second": 6,
            "nano": 507000000
          }
        },
        "offset": {
          "totalSeconds": 0
        },
        "zone": {
          "totalSeconds": 0
        }
      },
      "endDateTime": {
        "dateTime": {
          "date": {
            "year": 2022,
            "month": 2,
            "day": 22
          },
          "time": {
            "hour": 10,
            "minute": 13,
            "second": 6,
            "nano": 507000000
          }
        },
        "offset": {
          "totalSeconds": 0
        },
        "zone": {
          "totalSeconds": 0
        }
      },
      "duration": "00h:00m:00s",
      "statusEnum": "FAILED",
      "status": "FAILED",
      "bug": {
        "message": "AssertionError: User retrieves the webelement for  Household Group name is clicked element expected [true] but found [false]",
        "stackTrace": "java.lang.AssertionError: User retrieves the webelement for  Household Group name is clicked element expected [true] but found [false]\r\n\tat org.testng.Assert.fail(Assert.java:99)\r\n\tat org.testng.Assert.failNotEquals(Assert.java:1037)\r\n\tat org.testng.Assert.assertTrue(Assert.java:45)\r\n\tat LPLCoreDriver.LPLCoreReporter.writeStepToReporter(LPLCoreReporter.java:443)\r\n\tat com.lpl.qe.legacy.portfolioaccountingfeebilling.householdinggrouputility.web.cucumber.pages.Common.writeStepToReporter(Common.java:1535)\r\n\tat com.lpl.qe.legacy.portfolioaccountingfeebilling.householdinggrouputility.web.cucumber.pages.Common.getWebElement(Common.java:1166)\r\n\tat com.lpl.qe.legacy.portfolioaccountingfeebilling.householdinggrouputility.web.cucumber.pages.Common.isElementPresentUsingXpath(Common.java:667)\r\n\tat com.lpl.qe.legacy.portfolioaccountingfeebilling.householdinggrouputility.web.cucumber.pages.Common.clickElementUsingXpath(Common.java:449)\r\n\tat com.lpl.qe.legacy.portfolioaccountingfeebilling.householdinggrouputility.web.cucumber.pages.NewHouseholdPage.clickHHGroupName(NewHouseholdPage.java:1990)\r\n\tat com.lpl.qe.legacy.portfolioaccountingfeebilling.householdinggrouputility.web.cucumber.steps.NewHouseholdStepDef.iclickonahyperlinkedhouseholdgroupname(NewHouseholdStepDef.java:884)\r\n\tat ?.I click on a hyperlinked Household Group name(file:///C:/Householding-CAG/src/test/resources/features/householdinggrouputility/web/Dashboard%20Gatekeeper.feature:10)\r\n"
      },
      "testClass": "io.cucumber.core.runner.PickleStepTestStep",
      "test": "Balances and Investmentssection Validation",
      "parameters": [],
      "suite": "Sanity Test Cases for QA Pull",
      "logOutput": [],
      "resourceMetaDataList": [],
      "userInterfaces": [],
      "webservices": []
    },
    {
      "id": "I need to see following values_1645524786508_1",
      "testMethodId": "I need to see following values_1645524786508_1",
      "name": "I need to see following values",
      "description": "Then ",
      "configuration": false,
      "methodType": "Step",
      "startDateTime": {
        "dateTime": {
          "date": {
            "year": 2022,
            "month": 2,
            "day": 22
          },
          "time": {
            "hour": 10,
            "minute": 13,
            "second": 6,
            "nano": 508000000
          }
        },
        "offset": {
          "totalSeconds": 0
        },
        "zone": {
          "totalSeconds": 0
        }
      },
      "endDateTime": {
        "dateTime": {
          "date": {
            "year": 2022,
            "month": 2,
            "day": 22
          },
          "time": {
            "hour": 10,
            "minute": 13,
            "second": 6,
            "nano": 508000000
          }
        },
        "offset": {
          "totalSeconds": 0
        },
        "zone": {
          "totalSeconds": 0
        }
      },
      "duration": "00h:00m:00s",
      "statusEnum": "SKIPPED",
      "status": "SKIPPED",
      "testClass": "io.cucumber.core.runner.PickleStepTestStep",
      "test": "Balances and Investmentssection Validation",
      "parameters": [],
      "suite": "Sanity Test Cases for QA Pull",
      "logOutput": [],
      "resourceMetaDataList": [],
      "userInterfaces": [],
      "webservices": []
    },
    {
      "id": "AFTERHook_1645524786509_1",
      "testMethodId": "AFTERHook_1645524786509_1",
      "name": "AFTERHook",
      "configuration": true,
      "methodType": "TestMethod",
      "startDateTime": {
        "dateTime": {
          "date": {
            "year": 2022,
            "month": 2,
            "day": 22
          },
          "time": {
            "hour": 10,
            "minute": 13,
            "second": 6,
            "nano": 509000000
          }
        },
        "offset": {
          "totalSeconds": 0
        },
        "zone": {
          "totalSeconds": 0
        }
      },
      "endDateTime": {
        "dateTime": {
          "date": {
            "year": 2022,
            "month": 2,
            "day": 22
          },
          "time": {
            "hour": 10,
            "minute": 13,
            "second": 6,
            "nano": 509000000
          }
        },
        "offset": {
          "totalSeconds": 0
        },
        "zone": {
          "totalSeconds": 0
        }
      },
      "duration": "00h:00m:00s",
      "statusEnum": "PASSED",
      "status": "PASSED",
      "testClass": "io.cucumber.core.runner.HookTestStep",
      "test": "Balances and Investmentssection Validation",
      "parameters": [],
      "suite": "Sanity Test Cases for QA Pull",
      "logOutput": [],
      "resourceMetaDataList": [],
      "userInterfaces": [],
      "webservices": []
    }
  ],
  "bugListMap": {
    "AssertionError: User retrieves the webelement for  Household Group name is clicked element expected [true] but found [false]": [
      {
        "id": "I click on a hyperlinked Household Group name_1645524786507_1",
        "testMethodId": "I click on a hyperlinked Household Group name_1645524786507_1",
        "name": "I click on a hyperlinked Household Group name",
        "description": "When ",
        "configuration": false,
        "methodType": "Step",
        "startDateTime": {
          "dateTime": {
            "date": {
              "year": 2022,
              "month": 2,
              "day": 22
            },
            "time": {
              "hour": 10,
              "minute": 13,
              "second": 6,
              "nano": 507000000
            }
          },
          "offset": {
            "totalSeconds": 0
          },
          "zone": {
            "totalSeconds": 0
          }
        },
        "endDateTime": {
          "dateTime": {
            "date": {
              "year": 2022,
              "month": 2,
              "day": 22
            },
            "time": {
              "hour": 10,
              "minute": 13,
              "second": 6,
              "nano": 507000000
            }
          },
          "offset": {
            "totalSeconds": 0
          },
          "zone": {
            "totalSeconds": 0
          }
        },
        "duration": "00h:00m:00s",
        "statusEnum": "FAILED",
        "status": "FAILED",
        "bug": {
          "message": "AssertionError: User retrieves the webelement for  Household Group name is clicked element expected [true] but found [false]",
          "stackTrace": "java.lang.AssertionError: User retrieves the webelement for  Household Group name is clicked element expected [true] but found [false]\r\n\tat org.testng.Assert.fail(Assert.java:99)\r\n\tat org.testng.Assert.failNotEquals(Assert.java:1037)\r\n\tat org.testng.Assert.assertTrue(Assert.java:45)\r\n\tat LPLCoreDriver.LPLCoreReporter.writeStepToReporter(LPLCoreReporter.java:443)\r\n\tat com.lpl.qe.legacy.portfolioaccountingfeebilling.householdinggrouputility.web.cucumber.pages.Common.writeStepToReporter(Common.java:1535)\r\n\tat com.lpl.qe.legacy.portfolioaccountingfeebilling.householdinggrouputility.web.cucumber.pages.Common.getWebElement(Common.java:1166)\r\n\tat com.lpl.qe.legacy.portfolioaccountingfeebilling.householdinggrouputility.web.cucumber.pages.Common.isElementPresentUsingXpath(Common.java:667)\r\n\tat com.lpl.qe.legacy.portfolioaccountingfeebilling.householdinggrouputility.web.cucumber.pages.Common.clickElementUsingXpath(Common.java:449)\r\n\tat com.lpl.qe.legacy.portfolioaccountingfeebilling.householdinggrouputility.web.cucumber.pages.NewHouseholdPage.clickHHGroupName(NewHouseholdPage.java:1990)\r\n\tat com.lpl.qe.legacy.portfolioaccountingfeebilling.householdinggrouputility.web.cucumber.steps.NewHouseholdStepDef.iclickonahyperlinkedhouseholdgroupname(NewHouseholdStepDef.java:884)\r\n\tat ?.I click on a hyperlinked Household Group name(file:///C:/Householding-CAG/src/test/resources/features/householdinggrouputility/web/Dashboard%20Gatekeeper.feature:10)\r\n"
        },
        "testClass": "io.cucumber.core.runner.PickleStepTestStep",
        "test": "Balances and Investmentssection Validation",
        "parameters": [],
        "suite": "Sanity Test Cases for QA Pull",
        "logOutput": [],
        "resourceMetaDataList": [],
        "userInterfaces": [],
        "webservices": []
      },
      {
        "id": "I click on a hyperlinked Household Group name_1645524786507_1",
        "testMethodId": "I click on a hyperlinked Household Group name_1645524786507_1",
        "name": "I click on a hyperlinked Household Group name",
        "description": "When ",
        "configuration": false,
        "methodType": "Step",
        "startDateTime": {
          "dateTime": {
            "date": {
              "year": 2022,
              "month": 2,
              "day": 22
            },
            "time": {
              "hour": 10,
              "minute": 13,
              "second": 6,
              "nano": 507000000
            }
          },
          "offset": {
            "totalSeconds": 0
          },
          "zone": {
            "totalSeconds": 0
          }
        },
        "endDateTime": {
          "dateTime": {
            "date": {
              "year": 2022,
              "month": 2,
              "day": 22
            },
            "time": {
              "hour": 10,
              "minute": 13,
              "second": 6,
              "nano": 507000000
            }
          },
          "offset": {
            "totalSeconds": 0
          },
          "zone": {
            "totalSeconds": 0
          }
        },
        "duration": "00h:00m:00s",
        "statusEnum": "FAILED",
        "status": "FAILED",
        "bug": {
          "message": "AssertionError: User retrieves the webelement for  Household Group name is clicked element expected [true] but found [false]",
          "stackTrace": "java.lang.AssertionError: User retrieves the webelement for  Household Group name is clicked element expected [true] but found [false]\r\n\tat org.testng.Assert.fail(Assert.java:99)\r\n\tat org.testng.Assert.failNotEquals(Assert.java:1037)\r\n\tat org.testng.Assert.assertTrue(Assert.java:45)\r\n\tat LPLCoreDriver.LPLCoreReporter.writeStepToReporter(LPLCoreReporter.java:443)\r\n\tat com.lpl.qe.legacy.portfolioaccountingfeebilling.householdinggrouputility.web.cucumber.pages.Common.writeStepToReporter(Common.java:1535)\r\n\tat com.lpl.qe.legacy.portfolioaccountingfeebilling.householdinggrouputility.web.cucumber.pages.Common.getWebElement(Common.java:1166)\r\n\tat com.lpl.qe.legacy.portfolioaccountingfeebilling.householdinggrouputility.web.cucumber.pages.Common.isElementPresentUsingXpath(Common.java:667)\r\n\tat com.lpl.qe.legacy.portfolioaccountingfeebilling.householdinggrouputility.web.cucumber.pages.Common.clickElementUsingXpath(Common.java:449)\r\n\tat com.lpl.qe.legacy.portfolioaccountingfeebilling.householdinggrouputility.web.cucumber.pages.NewHouseholdPage.clickHHGroupName(NewHouseholdPage.java:1990)\r\n\tat com.lpl.qe.legacy.portfolioaccountingfeebilling.householdinggrouputility.web.cucumber.steps.NewHouseholdStepDef.iclickonahyperlinkedhouseholdgroupname(NewHouseholdStepDef.java:884)\r\n\tat ?.I click on a hyperlinked Household Group name(file:///C:/Householding-CAG/src/test/resources/features/householdinggrouputility/web/Dashboard%20Gatekeeper.feature:10)\r\n"
        },
        "testClass": "io.cucumber.core.runner.PickleStepTestStep",
        "test": "Balances and Investmentssection Validation",
        "parameters": [],
        "suite": "Sanity Test Cases for QA Pull",
        "logOutput": [],
        "resourceMetaDataList": [],
        "userInterfaces": [],
        "webservices": []
      }
    ]
  }
}