{
  "about": {
    "projectName": "portfolio-accounting-fee-billing",
    "team": "QE",
    "releaseVersion": "1.0",
    "executionOS": "Windows 10 10.0",
    "environment": "QA",
    "userName": "stalluri"
  },
  "name": "run_1675344921506",
  "startDateTime": {
    "dateTime": {
      "date": {
        "year": 2023,
        "month": 2,
        "day": 2
      },
      "time": {
        "hour": 13,
        "minute": 35,
        "second": 22,
        "nano": 183898300
      }
    },
    "offset": {
      "totalSeconds": 0
    },
    "zone": {
      "totalSeconds": 0
    }
  },
  "endDateTime": {
    "dateTime": {
      "date": {
        "year": 2023,
        "month": 2,
        "day": 2
      },
      "time": {
        "hour": 13,
        "minute": 37,
        "second": 5,
        "nano": 39521300
      }
    },
    "offset": {
      "totalSeconds": 0
    },
    "zone": {
      "totalSeconds": 0
    }
  },
  "duration": "00h:01m:42s",
  "statusEnum": "FAILED",
  "status": "FAILED",
  "testSuites": [
    {
      "name": "Default Suite",
      "startDateTime": {
        "dateTime": {
          "date": {
            "year": 2023,
            "month": 2,
            "day": 2
          },
          "time": {
            "hour": 13,
            "minute": 35,
            "second": 22,
            "nano": 823974800
          }
        },
        "offset": {
          "totalSeconds": 0
        },
        "zone": {
          "totalSeconds": 0
        }
      },
      "endDateTime": {
        "dateTime": {
          "date": {
            "year": 2023,
            "month": 2,
            "day": 2
          },
          "time": {
            "hour": 13,
            "minute": 37,
            "second": 5,
            "nano": 36098300
          }
        },
        "offset": {
          "totalSeconds": 0
        },
        "zone": {
          "totalSeconds": 0
        }
      },
      "duration": "00h:01m:42s",
      "statusEnum": "FAILED",
      "status": "FAILED",
      "tests": [
        {
          "name": "portfolio-accounting-fee-billing",
          "startDateTime": {
            "dateTime": {
              "date": {
                "year": 2023,
                "month": 2,
                "day": 2
              },
              "time": {
                "hour": 13,
                "minute": 35,
                "second": 22,
                "nano": 831964400
              }
            },
            "offset": {
              "totalSeconds": 0
            },
            "zone": {
              "totalSeconds": 0
            }
          },
          "endDateTime": {
            "dateTime": {
              "date": {
                "year": 2023,
                "month": 2,
                "day": 2
              },
              "time": {
                "hour": 13,
                "minute": 37,
                "second": 4,
                "nano": 869882200
              }
            },
            "offset": {
              "totalSeconds": 0
            },
            "zone": {
              "totalSeconds": 0
            }
          },
          "duration": "00h:01m:42s",
          "statusEnum": "FAILED",
          "status": "FAILED",
          "testMethods": [
            {
              "id": "createHousehold_1675344923656_1",
              "testMethodId": "createHousehold_1675344923656_1",
              "name": "createHousehold",
              "description": "",
              "configuration": false,
              "methodType": "TestMethod",
              "startDateTime": {
                "dateTime": {
                  "date": {
                    "year": 2023,
                    "month": 2,
                    "day": 2
                  },
                  "time": {
                    "hour": 13,
                    "minute": 35,
                    "second": 23,
                    "nano": 653000000
                  }
                },
                "offset": {
                  "totalSeconds": 0
                },
                "zone": {
                  "totalSeconds": 0
                }
              },
              "endDateTime": {
                "dateTime": {
                  "date": {
                    "year": 2023,
                    "month": 2,
                    "day": 2
                  },
                  "time": {
                    "hour": 13,
                    "minute": 37,
                    "second": 4,
                    "nano": 92000000
                  }
                },
                "offset": {
                  "totalSeconds": 0
                },
                "zone": {
                  "totalSeconds": 0
                }
              },
              "duration": "00h:01m:40s",
              "statusEnum": "FAILED",
              "status": "FAILED",
              "bug": {
                "message": "NoSuchElementException: No element found with selectors : By.xpath: //span[text()\u003d\u0027New household successfully created\u0027]\nFor documentation on this error, please visit: https://www.seleniumhq.org/exceptions/no_such_element.html\nBuild info: version: \u00273.141.59\u0027, revision: \u0027e82be7d358\u0027, time: \u00272018-11-14T08:17:03\u0027\nSystem info: host: \u0027SDL5CG2285V64\u0027, ip: \u002710.35.137.174\u0027, os.name: \u0027Windows 10\u0027, os.arch: \u0027amd64\u0027, os.version: \u002710.0\u0027, java.version: \u002711.0.17\u0027\nDriver info: driver.version: RemoteWebDriver",
                "stackTrace": "org.openqa.selenium.TimeoutException: Expected condition failed: Household successfully created (tried for 20 second(s) with 100 milliseconds interval)\r\n\tat org.openqa.selenium.support.ui.WebDriverWait.timeoutException(WebDriverWait.java:95)\r\n\tat org.openqa.selenium.support.ui.FluentWait.until(FluentWait.java:272)\r\n\tat com.lpl.qe.blackbird.wait.BaseWaitActions.waitOnExpectedCondition(BaseWaitActions.java:1065)\r\n\tat com.lpl.qe.portfolioaccountingfeebilling.householding.utlities.web.HouseholdCreateUtility.verifyHHCreatedMesgConfPage(HouseholdCreateUtility.java:57)\r\n\tat com.lpl.qe.portfolioaccountingfeebilling.householdingCAG.web.CreateAndEditCombinedStatement.createHousehold(CreateAndEditCombinedStatement.java:47)\r\n\tat java.base/jdk.internal.reflect.NativeMethodAccessorImpl.invoke0(Native Method)\r\n\tat java.base/jdk.internal.reflect.NativeMethodAccessorImpl.invoke(NativeMethodAccessorImpl.java:62)\r\n\tat java.base/jdk.internal.reflect.DelegatingMethodAccessorImpl.invoke(DelegatingMethodAccessorImpl.java:43)\r\n\tat java.base/java.lang.reflect.Method.invoke(Method.java:566)\r\n\tat org.testng.internal.MethodInvocationHelper.invokeMethod(MethodInvocationHelper.java:133)\r\n\tat org.testng.internal.TestInvoker.invokeMethod(TestInvoker.java:598)\r\n\tat org.testng.internal.TestInvoker.invokeTestMethod(TestInvoker.java:173)\r\n\tat org.testng.internal.MethodRunner.runInSequence(MethodRunner.java:46)\r\n\tat org.testng.internal.TestInvoker$MethodInvocationAgent.invoke(TestInvoker.java:824)\r\n\tat org.testng.internal.TestInvoker.invokeTestMethods(TestInvoker.java:146)\r\n\tat org.testng.internal.TestMethodWorker.invokeTestMethods(TestMethodWorker.java:146)\r\n\tat org.testng.internal.TestMethodWorker.run(TestMethodWorker.java:128)\r\n\tat java.base/java.util.ArrayList.forEach(ArrayList.java:1541)\r\n\tat org.testng.TestRunner.privateRun(TestRunner.java:794)\r\n\tat org.testng.TestRunner.run(TestRunner.java:596)\r\n\tat org.testng.SuiteRunner.runTest(SuiteRunner.java:377)\r\n\tat org.testng.SuiteRunner.runSequentially(SuiteRunner.java:371)\r\n\tat org.testng.SuiteRunner.privateRun(SuiteRunner.java:332)\r\n\tat org.testng.SuiteRunner.run(SuiteRunner.java:276)\r\n\tat org.testng.SuiteRunnerWorker.runSuite(SuiteRunnerWorker.java:53)\r\n\tat org.testng.SuiteRunnerWorker.run(SuiteRunnerWorker.java:96)\r\n\tat org.testng.TestNG.runSuitesSequentially(TestNG.java:1212)\r\n\tat org.testng.TestNG.runSuitesLocally(TestNG.java:1134)\r\n\tat org.testng.TestNG.runSuites(TestNG.java:1063)\r\n\tat org.testng.TestNG.run(TestNG.java:1031)\r\n\tat com.intellij.rt.testng.IDEARemoteTestNG.run(IDEARemoteTestNG.java:66)\r\n\tat com.intellij.rt.testng.RemoteTestNGStarter.main(RemoteTestNGStarter.java:109)\r\nCaused by: org.openqa.selenium.NoSuchElementException: No element found with selectors : By.xpath: //span[text()\u003d\u0027New household successfully created\u0027]\nFor documentation on this error, please visit: https://www.seleniumhq.org/exceptions/no_such_element.html\nBuild info: version: \u00273.141.59\u0027, revision: \u0027e82be7d358\u0027, time: \u00272018-11-14T08:17:03\u0027\nSystem info: host: \u0027SDL5CG2285V64\u0027, ip: \u002710.35.137.174\u0027, os.name: \u0027Windows 10\u0027, os.arch: \u0027amd64\u0027, os.version: \u002710.0\u0027, java.version: \u002711.0.17\u0027\nDriver info: driver.version: RemoteWebDriver\r\n\tat com.lpl.qe.codegen.common.ByAnyFromAll.findElement(ByAnyFromAll.java:37)\r\n\tat org.openqa.selenium.remote.RemoteWebDriver.findElement(RemoteWebDriver.java:315)\r\n\tat org.openqa.selenium.support.pagefactory.DefaultElementLocator.findElement(DefaultElementLocator.java:69)\r\n\tat com.lpl.qe.blackbird.pagefactory.factory.internal.ElementHandler.invoke(ElementHandler.java:42)\r\n\tat com.sun.proxy.$Proxy23.isDisplayed(Unknown Source)\r\n\tat org.openqa.selenium.support.ui.ExpectedConditions$9.apply(ExpectedConditions.java:274)\r\n\tat org.openqa.selenium.support.ui.ExpectedConditions$9.apply(ExpectedConditions.java:270)\r\n\tat org.openqa.selenium.support.ui.FluentWait.until(FluentWait.java:249)\r\n\t... 30 more\r\n"
              },
              "testClass": "com.lpl.qe.portfolioaccountingfeebilling.householdingCAG.web.CreateAndEditCombinedStatement",
              "test": "portfolio-accounting-fee-billing",
              "parameters": [
                {
                  "groupName": "PVtestone HOUSEHOLD",
                  "repID": "CCCA",
                  "clientName1": "PVTest Pvtestone",
                  "userName": "vaishali.zachrich",
                  "password": "P@ssw0rd",
                  "combinedStatementName": "NewCS",
                  "environment": "QAF2",
                  "mailingAddLine1": "92121 CALIFORNIA ST",
                  "mailingAddLine2": "ALBANY CA, 92121"
                }
              ],
              "suite": "Default Suite",
              "logOutput": [],
              "remoteExecutionEvidence": [],
              "resourceMetaDataList": [],
              "userInterfaces": [
                {
                  "operatingSystem": "windows",
                  "systemArchitecture": "64 bit",
                  "deviceType": "",
                  "platformName": "",
                  "userAgent": "chrome",
                  "userAgentVersion": "",
                  "platformVersion": "",
                  "deviceName": "",
                  "appName": "",
                  "appPath": ""
                }
              ],
              "webservices": []
            }
          ]
        }
      ]
    }
  ],
  "testMethodList": [
    {
      "id": "createHousehold_1675344923656_1",
      "testMethodId": "createHousehold_1675344923656_1",
      "name": "createHousehold",
      "description": "",
      "configuration": false,
      "methodType": "TestMethod",
      "startDateTime": {
        "dateTime": {
          "date": {
            "year": 2023,
            "month": 2,
            "day": 2
          },
          "time": {
            "hour": 13,
            "minute": 35,
            "second": 23,
            "nano": 653000000
          }
        },
        "offset": {
          "totalSeconds": 0
        },
        "zone": {
          "totalSeconds": 0
        }
      },
      "endDateTime": {
        "dateTime": {
          "date": {
            "year": 2023,
            "month": 2,
            "day": 2
          },
          "time": {
            "hour": 13,
            "minute": 37,
            "second": 4,
            "nano": 92000000
          }
        },
        "offset": {
          "totalSeconds": 0
        },
        "zone": {
          "totalSeconds": 0
        }
      },
      "duration": "00h:01m:40s",
      "statusEnum": "FAILED",
      "status": "FAILED",
      "bug": {
        "message": "NoSuchElementException: No element found with selectors : By.xpath: //span[text()\u003d\u0027New household successfully created\u0027]\nFor documentation on this error, please visit: https://www.seleniumhq.org/exceptions/no_such_element.html\nBuild info: version: \u00273.141.59\u0027, revision: \u0027e82be7d358\u0027, time: \u00272018-11-14T08:17:03\u0027\nSystem info: host: \u0027SDL5CG2285V64\u0027, ip: \u002710.35.137.174\u0027, os.name: \u0027Windows 10\u0027, os.arch: \u0027amd64\u0027, os.version: \u002710.0\u0027, java.version: \u002711.0.17\u0027\nDriver info: driver.version: RemoteWebDriver",
        "stackTrace": "org.openqa.selenium.TimeoutException: Expected condition failed: Household successfully created (tried for 20 second(s) with 100 milliseconds interval)\r\n\tat org.openqa.selenium.support.ui.WebDriverWait.timeoutException(WebDriverWait.java:95)\r\n\tat org.openqa.selenium.support.ui.FluentWait.until(FluentWait.java:272)\r\n\tat com.lpl.qe.blackbird.wait.BaseWaitActions.waitOnExpectedCondition(BaseWaitActions.java:1065)\r\n\tat com.lpl.qe.portfolioaccountingfeebilling.householding.utlities.web.HouseholdCreateUtility.verifyHHCreatedMesgConfPage(HouseholdCreateUtility.java:57)\r\n\tat com.lpl.qe.portfolioaccountingfeebilling.householdingCAG.web.CreateAndEditCombinedStatement.createHousehold(CreateAndEditCombinedStatement.java:47)\r\n\tat java.base/jdk.internal.reflect.NativeMethodAccessorImpl.invoke0(Native Method)\r\n\tat java.base/jdk.internal.reflect.NativeMethodAccessorImpl.invoke(NativeMethodAccessorImpl.java:62)\r\n\tat java.base/jdk.internal.reflect.DelegatingMethodAccessorImpl.invoke(DelegatingMethodAccessorImpl.java:43)\r\n\tat java.base/java.lang.reflect.Method.invoke(Method.java:566)\r\n\tat org.testng.internal.MethodInvocationHelper.invokeMethod(MethodInvocationHelper.java:133)\r\n\tat org.testng.internal.TestInvoker.invokeMethod(TestInvoker.java:598)\r\n\tat org.testng.internal.TestInvoker.invokeTestMethod(TestInvoker.java:173)\r\n\tat org.testng.internal.MethodRunner.runInSequence(MethodRunner.java:46)\r\n\tat org.testng.internal.TestInvoker$MethodInvocationAgent.invoke(TestInvoker.java:824)\r\n\tat org.testng.internal.TestInvoker.invokeTestMethods(TestInvoker.java:146)\r\n\tat org.testng.internal.TestMethodWorker.invokeTestMethods(TestMethodWorker.java:146)\r\n\tat org.testng.internal.TestMethodWorker.run(TestMethodWorker.java:128)\r\n\tat java.base/java.util.ArrayList.forEach(ArrayList.java:1541)\r\n\tat org.testng.TestRunner.privateRun(TestRunner.java:794)\r\n\tat org.testng.TestRunner.run(TestRunner.java:596)\r\n\tat org.testng.SuiteRunner.runTest(SuiteRunner.java:377)\r\n\tat org.testng.SuiteRunner.runSequentially(SuiteRunner.java:371)\r\n\tat org.testng.SuiteRunner.privateRun(SuiteRunner.java:332)\r\n\tat org.testng.SuiteRunner.run(SuiteRunner.java:276)\r\n\tat org.testng.SuiteRunnerWorker.runSuite(SuiteRunnerWorker.java:53)\r\n\tat org.testng.SuiteRunnerWorker.run(SuiteRunnerWorker.java:96)\r\n\tat org.testng.TestNG.runSuitesSequentially(TestNG.java:1212)\r\n\tat org.testng.TestNG.runSuitesLocally(TestNG.java:1134)\r\n\tat org.testng.TestNG.runSuites(TestNG.java:1063)\r\n\tat org.testng.TestNG.run(TestNG.java:1031)\r\n\tat com.intellij.rt.testng.IDEARemoteTestNG.run(IDEARemoteTestNG.java:66)\r\n\tat com.intellij.rt.testng.RemoteTestNGStarter.main(RemoteTestNGStarter.java:109)\r\nCaused by: org.openqa.selenium.NoSuchElementException: No element found with selectors : By.xpath: //span[text()\u003d\u0027New household successfully created\u0027]\nFor documentation on this error, please visit: https://www.seleniumhq.org/exceptions/no_such_element.html\nBuild info: version: \u00273.141.59\u0027, revision: \u0027e82be7d358\u0027, time: \u00272018-11-14T08:17:03\u0027\nSystem info: host: \u0027SDL5CG2285V64\u0027, ip: \u002710.35.137.174\u0027, os.name: \u0027Windows 10\u0027, os.arch: \u0027amd64\u0027, os.version: \u002710.0\u0027, java.version: \u002711.0.17\u0027\nDriver info: driver.version: RemoteWebDriver\r\n\tat com.lpl.qe.codegen.common.ByAnyFromAll.findElement(ByAnyFromAll.java:37)\r\n\tat org.openqa.selenium.remote.RemoteWebDriver.findElement(RemoteWebDriver.java:315)\r\n\tat org.openqa.selenium.support.pagefactory.DefaultElementLocator.findElement(DefaultElementLocator.java:69)\r\n\tat com.lpl.qe.blackbird.pagefactory.factory.internal.ElementHandler.invoke(ElementHandler.java:42)\r\n\tat com.sun.proxy.$Proxy23.isDisplayed(Unknown Source)\r\n\tat org.openqa.selenium.support.ui.ExpectedConditions$9.apply(ExpectedConditions.java:274)\r\n\tat org.openqa.selenium.support.ui.ExpectedConditions$9.apply(ExpectedConditions.java:270)\r\n\tat org.openqa.selenium.support.ui.FluentWait.until(FluentWait.java:249)\r\n\t... 30 more\r\n"
      },
      "testClass": "com.lpl.qe.portfolioaccountingfeebilling.householdingCAG.web.CreateAndEditCombinedStatement",
      "test": "portfolio-accounting-fee-billing",
      "parameters": [
        {
          "groupName": "PVtestone HOUSEHOLD",
          "repID": "CCCA",
          "clientName1": "PVTest Pvtestone",
          "userName": "vaishali.zachrich",
          "password": "P@ssw0rd",
          "combinedStatementName": "NewCS",
          "environment": "QAF2",
          "mailingAddLine1": "92121 CALIFORNIA ST",
          "mailingAddLine2": "ALBANY CA, 92121"
        }
      ],
      "suite": "Default Suite",
      "logOutput": [],
      "remoteExecutionEvidence": [],
      "resourceMetaDataList": [],
      "userInterfaces": [
        {
          "operatingSystem": "windows",
          "systemArchitecture": "64 bit",
          "deviceType": "",
          "platformName": "",
          "userAgent": "chrome",
          "userAgentVersion": "",
          "platformVersion": "",
          "deviceName": "",
          "appName": "",
          "appPath": ""
        }
      ],
      "webservices": []
    }
  ],
  "bugListMap": {
    "NoSuchElementException: No element found with selectors : By.xpath: //span[text()\u003d\u0027New household successfully created\u0027]\nFor documentation on this error, please visit: https://www.seleniumhq.org/exceptions/no_such_element.html\nBuild info: version: \u00273.141.59\u0027, revision: \u0027e82be7d358\u0027, time: \u00272018-11-14T08:17:03\u0027\nSystem info: host: \u0027SDL5CG2285V64\u0027, ip: \u002710.35.137.174\u0027, os.name: \u0027Windows 10\u0027, os.arch: \u0027amd64\u0027, os.version: \u002710.0\u0027, java.version: \u002711.0.17\u0027\nDriver info: driver.version: RemoteWebDriver": [
      {
        "id": "createHousehold_1675344923656_1",
        "testMethodId": "createHousehold_1675344923656_1",
        "name": "createHousehold",
        "description": "",
        "configuration": false,
        "methodType": "TestMethod",
        "startDateTime": {
          "dateTime": {
            "date": {
              "year": 2023,
              "month": 2,
              "day": 2
            },
            "time": {
              "hour": 13,
              "minute": 35,
              "second": 23,
              "nano": 653000000
            }
          },
          "offset": {
            "totalSeconds": 0
          },
          "zone": {
            "totalSeconds": 0
          }
        },
        "endDateTime": {
          "dateTime": {
            "date": {
              "year": 2023,
              "month": 2,
              "day": 2
            },
            "time": {
              "hour": 13,
              "minute": 37,
              "second": 4,
              "nano": 92000000
            }
          },
          "offset": {
            "totalSeconds": 0
          },
          "zone": {
            "totalSeconds": 0
          }
        },
        "duration": "00h:01m:40s",
        "statusEnum": "FAILED",
        "status": "FAILED",
        "bug": {
          "message": "NoSuchElementException: No element found with selectors : By.xpath: //span[text()\u003d\u0027New household successfully created\u0027]\nFor documentation on this error, please visit: https://www.seleniumhq.org/exceptions/no_such_element.html\nBuild info: version: \u00273.141.59\u0027, revision: \u0027e82be7d358\u0027, time: \u00272018-11-14T08:17:03\u0027\nSystem info: host: \u0027SDL5CG2285V64\u0027, ip: \u002710.35.137.174\u0027, os.name: \u0027Windows 10\u0027, os.arch: \u0027amd64\u0027, os.version: \u002710.0\u0027, java.version: \u002711.0.17\u0027\nDriver info: driver.version: RemoteWebDriver",
          "stackTrace": "org.openqa.selenium.TimeoutException: Expected condition failed: Household successfully created (tried for 20 second(s) with 100 milliseconds interval)\r\n\tat org.openqa.selenium.support.ui.WebDriverWait.timeoutException(WebDriverWait.java:95)\r\n\tat org.openqa.selenium.support.ui.FluentWait.until(FluentWait.java:272)\r\n\tat com.lpl.qe.blackbird.wait.BaseWaitActions.waitOnExpectedCondition(BaseWaitActions.java:1065)\r\n\tat com.lpl.qe.portfolioaccountingfeebilling.householding.utlities.web.HouseholdCreateUtility.verifyHHCreatedMesgConfPage(HouseholdCreateUtility.java:57)\r\n\tat com.lpl.qe.portfolioaccountingfeebilling.householdingCAG.web.CreateAndEditCombinedStatement.createHousehold(CreateAndEditCombinedStatement.java:47)\r\n\tat java.base/jdk.internal.reflect.NativeMethodAccessorImpl.invoke0(Native Method)\r\n\tat java.base/jdk.internal.reflect.NativeMethodAccessorImpl.invoke(NativeMethodAccessorImpl.java:62)\r\n\tat java.base/jdk.internal.reflect.DelegatingMethodAccessorImpl.invoke(DelegatingMethodAccessorImpl.java:43)\r\n\tat java.base/java.lang.reflect.Method.invoke(Method.java:566)\r\n\tat org.testng.internal.MethodInvocationHelper.invokeMethod(MethodInvocationHelper.java:133)\r\n\tat org.testng.internal.TestInvoker.invokeMethod(TestInvoker.java:598)\r\n\tat org.testng.internal.TestInvoker.invokeTestMethod(TestInvoker.java:173)\r\n\tat org.testng.internal.MethodRunner.runInSequence(MethodRunner.java:46)\r\n\tat org.testng.internal.TestInvoker$MethodInvocationAgent.invoke(TestInvoker.java:824)\r\n\tat org.testng.internal.TestInvoker.invokeTestMethods(TestInvoker.java:146)\r\n\tat org.testng.internal.TestMethodWorker.invokeTestMethods(TestMethodWorker.java:146)\r\n\tat org.testng.internal.TestMethodWorker.run(TestMethodWorker.java:128)\r\n\tat java.base/java.util.ArrayList.forEach(ArrayList.java:1541)\r\n\tat org.testng.TestRunner.privateRun(TestRunner.java:794)\r\n\tat org.testng.TestRunner.run(TestRunner.java:596)\r\n\tat org.testng.SuiteRunner.runTest(SuiteRunner.java:377)\r\n\tat org.testng.SuiteRunner.runSequentially(SuiteRunner.java:371)\r\n\tat org.testng.SuiteRunner.privateRun(SuiteRunner.java:332)\r\n\tat org.testng.SuiteRunner.run(SuiteRunner.java:276)\r\n\tat org.testng.SuiteRunnerWorker.runSuite(SuiteRunnerWorker.java:53)\r\n\tat org.testng.SuiteRunnerWorker.run(SuiteRunnerWorker.java:96)\r\n\tat org.testng.TestNG.runSuitesSequentially(TestNG.java:1212)\r\n\tat org.testng.TestNG.runSuitesLocally(TestNG.java:1134)\r\n\tat org.testng.TestNG.runSuites(TestNG.java:1063)\r\n\tat org.testng.TestNG.run(TestNG.java:1031)\r\n\tat com.intellij.rt.testng.IDEARemoteTestNG.run(IDEARemoteTestNG.java:66)\r\n\tat com.intellij.rt.testng.RemoteTestNGStarter.main(RemoteTestNGStarter.java:109)\r\nCaused by: org.openqa.selenium.NoSuchElementException: No element found with selectors : By.xpath: //span[text()\u003d\u0027New household successfully created\u0027]\nFor documentation on this error, please visit: https://www.seleniumhq.org/exceptions/no_such_element.html\nBuild info: version: \u00273.141.59\u0027, revision: \u0027e82be7d358\u0027, time: \u00272018-11-14T08:17:03\u0027\nSystem info: host: \u0027SDL5CG2285V64\u0027, ip: \u002710.35.137.174\u0027, os.name: \u0027Windows 10\u0027, os.arch: \u0027amd64\u0027, os.version: \u002710.0\u0027, java.version: \u002711.0.17\u0027\nDriver info: driver.version: RemoteWebDriver\r\n\tat com.lpl.qe.codegen.common.ByAnyFromAll.findElement(ByAnyFromAll.java:37)\r\n\tat org.openqa.selenium.remote.RemoteWebDriver.findElement(RemoteWebDriver.java:315)\r\n\tat org.openqa.selenium.support.pagefactory.DefaultElementLocator.findElement(DefaultElementLocator.java:69)\r\n\tat com.lpl.qe.blackbird.pagefactory.factory.internal.ElementHandler.invoke(ElementHandler.java:42)\r\n\tat com.sun.proxy.$Proxy23.isDisplayed(Unknown Source)\r\n\tat org.openqa.selenium.support.ui.ExpectedConditions$9.apply(ExpectedConditions.java:274)\r\n\tat org.openqa.selenium.support.ui.ExpectedConditions$9.apply(ExpectedConditions.java:270)\r\n\tat org.openqa.selenium.support.ui.FluentWait.until(FluentWait.java:249)\r\n\t... 30 more\r\n"
        },
        "testClass": "com.lpl.qe.portfolioaccountingfeebilling.householdingCAG.web.CreateAndEditCombinedStatement",
        "test": "portfolio-accounting-fee-billing",
        "parameters": [
          {
            "groupName": "PVtestone HOUSEHOLD",
            "repID": "CCCA",
            "clientName1": "PVTest Pvtestone",
            "userName": "vaishali.zachrich",
            "password": "P@ssw0rd",
            "combinedStatementName": "NewCS",
            "environment": "QAF2",
            "mailingAddLine1": "92121 CALIFORNIA ST",
            "mailingAddLine2": "ALBANY CA, 92121"
          }
        ],
        "suite": "Default Suite",
        "logOutput": [],
        "remoteExecutionEvidence": [],
        "resourceMetaDataList": [],
        "userInterfaces": [
          {
            "operatingSystem": "windows",
            "systemArchitecture": "64 bit",
            "deviceType": "",
            "platformName": "",
            "userAgent": "chrome",
            "userAgentVersion": "",
            "platformVersion": "",
            "deviceName": "",
            "appName": "",
            "appPath": ""
          }
        ],
        "webservices": []
      }
    ]
  },
  "violationsListMap": {}
}