{
  "about": {
    "projectName": "Demo-BlackbirdDemo",
    "team": "QE",
    "releaseVersion": "1.0",
    "executionOS": "Windows 10 10.0",
    "environment": "QA",
    "userName": "vparthas"
  },
  "name": "run_1645182816451",
  "startDateTime": {
    "dateTime": {
      "date": {
        "year": 2022,
        "month": 2,
        "day": 18
      },
      "time": {
        "hour": 11,
        "minute": 13,
        "second": 37,
        "nano": 367000000
      }
    },
    "offset": {
      "totalSeconds": 0
    },
    "zone": {
      "totalSeconds": 0
    }
  },
  "endDateTime": {
    "dateTime": {
      "date": {
        "year": 2022,
        "month": 2,
        "day": 18
      },
      "time": {
        "hour": 11,
        "minute": 14,
        "second": 14,
        "nano": 993000000
      }
    },
    "offset": {
      "totalSeconds": 0
    },
    "zone": {
      "totalSeconds": 0
    }
  },
  "duration": "00h:00m:37s",
  "statusEnum": "FAILED",
  "status": "FAILED",
  "testSuites": [
    {
      "name": "Default suite",
      "startDateTime": {
        "dateTime": {
          "date": {
            "year": 2022,
            "month": 2,
            "day": 18
          },
          "time": {
            "hour": 11,
            "minute": 13,
            "second": 37,
            "nano": 780000000
          }
        },
        "offset": {
          "totalSeconds": 0
        },
        "zone": {
          "totalSeconds": 0
        }
      },
      "endDateTime": {
        "dateTime": {
          "date": {
            "year": 2022,
            "month": 2,
            "day": 18
          },
          "time": {
            "hour": 11,
            "minute": 14,
            "second": 12,
            "nano": 998000000
          }
        },
        "offset": {
          "totalSeconds": 0
        },
        "zone": {
          "totalSeconds": 0
        }
      },
      "duration": "00h:00m:35s",
      "statusEnum": "PASSED",
      "status": "PASSED",
      "tests": []
    },
    {
      "name": "Gatekeeper Test Cases",
      "startDateTime": {
        "dateTime": {
          "date": {
            "year": 2022,
            "month": 2,
            "day": 18
          },
          "time": {
            "hour": 11,
            "minute": 14,
            "second": 12,
            "nano": 999000000
          }
        },
        "offset": {
          "totalSeconds": 0
        },
        "zone": {
          "totalSeconds": 0
        }
      },
      "endDateTime": {
        "dateTime": {
          "date": {
            "year": 2022,
            "month": 2,
            "day": 18
          },
          "time": {
            "hour": 11,
            "minute": 14,
            "second": 13,
            "nano": 91000000
          }
        },
        "offset": {
          "totalSeconds": 0
        },
        "zone": {
          "totalSeconds": 0
        }
      },
      "duration": "00h:00m:00s",
      "statusEnum": "PASSED",
      "status": "PASSED",
      "tests": []
    },
    {
      "name": "Sanity Test Cases for AXA",
      "startDateTime": {
        "dateTime": {
          "date": {
            "year": 2022,
            "month": 2,
            "day": 18
          },
          "time": {
            "hour": 11,
            "minute": 14,
            "second": 13,
            "nano": 91000000
          }
        },
        "offset": {
          "totalSeconds": 0
        },
        "zone": {
          "totalSeconds": 0
        }
      },
      "endDateTime": {
        "dateTime": {
          "date": {
            "year": 2022,
            "month": 2,
            "day": 18
          },
          "time": {
            "hour": 11,
            "minute": 14,
            "second": 13,
            "nano": 92000000
          }
        },
        "offset": {
          "totalSeconds": 0
        },
        "zone": {
          "totalSeconds": 0
        }
      },
      "duration": "00h:00m:00s",
      "statusEnum": "PASSED",
      "status": "PASSED",
      "tests": []
    },
    {
      "name": "Dashboard Gatekeeper Test Cases",
      "startDateTime": {
        "dateTime": {
          "date": {
            "year": 2022,
            "month": 2,
            "day": 18
          },
          "time": {
            "hour": 11,
            "minute": 14,
            "second": 13,
            "nano": 92000000
          }
        },
        "offset": {
          "totalSeconds": 0
        },
        "zone": {
          "totalSeconds": 0
        }
      },
      "endDateTime": {
        "dateTime": {
          "date": {
            "year": 2022,
            "month": 2,
            "day": 18
          },
          "time": {
            "hour": 11,
            "minute": 14,
            "second": 13,
            "nano": 188000000
          }
        },
        "offset": {
          "totalSeconds": 0
        },
        "zone": {
          "totalSeconds": 0
        }
      },
      "duration": "00h:00m:00s",
      "statusEnum": "PASSED",
      "status": "PASSED",
      "tests": []
    },
    {
      "name": "Gatekeeper Test Cases",
      "startDateTime": {
        "dateTime": {
          "date": {
            "year": 2022,
            "month": 2,
            "day": 18
          },
          "time": {
            "hour": 11,
            "minute": 14,
            "second": 13,
            "nano": 188000000
          }
        },
        "offset": {
          "totalSeconds": 0
        },
        "zone": {
          "totalSeconds": 0
        }
      },
      "endDateTime": {
        "dateTime": {
          "date": {
            "year": 2022,
            "month": 2,
            "day": 18
          },
          "time": {
            "hour": 11,
            "minute": 14,
            "second": 13,
            "nano": 269000000
          }
        },
        "offset": {
          "totalSeconds": 0
        },
        "zone": {
          "totalSeconds": 0
        }
      },
      "duration": "00h:00m:00s",
      "statusEnum": "PASSED",
      "status": "PASSED",
      "tests": []
    },
    {
      "name": "User Story Test Cases for CAG Application",
      "startDateTime": {
        "dateTime": {
          "date": {
            "year": 2022,
            "month": 2,
            "day": 18
          },
          "time": {
            "hour": 11,
            "minute": 14,
            "second": 13,
            "nano": 270000000
          }
        },
        "offset": {
          "totalSeconds": 0
        },
        "zone": {
          "totalSeconds": 0
        }
      },
      "endDateTime": {
        "dateTime": {
          "date": {
            "year": 2022,
            "month": 2,
            "day": 18
          },
          "time": {
            "hour": 11,
            "minute": 14,
            "second": 13,
            "nano": 296000000
          }
        },
        "offset": {
          "totalSeconds": 0
        },
        "zone": {
          "totalSeconds": 0
        }
      },
      "duration": "00h:00m:00s",
      "statusEnum": "PASSED",
      "status": "PASSED",
      "tests": []
    },
    {
      "name": "Sanity Test Cases for QA Pull",
      "startDateTime": {
        "dateTime": {
          "date": {
            "year": 2022,
            "month": 2,
            "day": 18
          },
          "time": {
            "hour": 11,
            "minute": 14,
            "second": 13,
            "nano": 296000000
          }
        },
        "offset": {
          "totalSeconds": 0
        },
        "zone": {
          "totalSeconds": 0
        }
      },
      "endDateTime": {
        "dateTime": {
          "date": {
            "year": 2022,
            "month": 2,
            "day": 18
          },
          "time": {
            "hour": 11,
            "minute": 14,
            "second": 13,
            "nano": 587000000
          }
        },
        "offset": {
          "totalSeconds": 0
        },
        "zone": {
          "totalSeconds": 0
        }
      },
      "duration": "00h:00m:00s",
      "statusEnum": "FAILED",
      "status": "FAILED",
      "tests": [
        {
          "name": "Validation of values for Cash Accounts Columns",
          "startDateTime": {
            "dateTime": {
              "date": {
                "year": 2022,
                "month": 2,
                "day": 18
              },
              "time": {
                "hour": 11,
                "minute": 14,
                "second": 13,
                "nano": 354000000
              }
            },
            "offset": {
              "totalSeconds": 0
            },
            "zone": {
              "totalSeconds": 0
            }
          },
          "endDateTime": {
            "dateTime": {
              "date": {
                "year": 2022,
                "month": 2,
                "day": 18
              },
              "time": {
                "hour": 11,
                "minute": 14,
                "second": 13,
                "nano": 396000000
              }
            },
            "offset": {
              "totalSeconds": 0
            },
            "zone": {
              "totalSeconds": 0
            }
          },
          "duration": "00h:00m:00s",
          "statusEnum": "FAILED",
          "status": "FAILED",
          "testMethods": [
            {
              "id": "BEFOREHook_1645182853356_1",
              "testMethodId": "BEFOREHook_1645182853356_1",
              "name": "BEFOREHook",
              "configuration": true,
              "methodType": "TestMethod",
              "startDateTime": {
                "dateTime": {
                  "date": {
                    "year": 2022,
                    "month": 2,
                    "day": 18
                  },
                  "time": {
                    "hour": 11,
                    "minute": 14,
                    "second": 13,
                    "nano": 356000000
                  }
                },
                "offset": {
                  "totalSeconds": 0
                },
                "zone": {
                  "totalSeconds": 0
                }
              },
              "endDateTime": {
                "dateTime": {
                  "date": {
                    "year": 2022,
                    "month": 2,
                    "day": 18
                  },
                  "time": {
                    "hour": 11,
                    "minute": 14,
                    "second": 13,
                    "nano": 357000000
                  }
                },
                "offset": {
                  "totalSeconds": 0
                },
                "zone": {
                  "totalSeconds": 0
                }
              },
              "duration": "00h:00m:00s",
              "statusEnum": "PASSED",
              "status": "PASSED",
              "testClass": "io.cucumber.core.runner.HookTestStep",
              "test": "Validation of values for Cash Accounts Columns",
              "parameters": [],
              "suite": "Sanity Test Cases for QA Pull",
              "logOutput": [],
              "resourceMetaDataList": [],
              "userInterfaces": [],
              "webservices": []
            },
            {
              "id": "I login into ClientWorks application_1645182853358_1",
              "testMethodId": "I login into ClientWorks application_1645182853358_1",
              "name": "I login into ClientWorks application",
              "description": "Given ",
              "configuration": false,
              "methodType": "Step",
              "startDateTime": {
                "dateTime": {
                  "date": {
                    "year": 2022,
                    "month": 2,
                    "day": 18
                  },
                  "time": {
                    "hour": 11,
                    "minute": 14,
                    "second": 13,
                    "nano": 358000000
                  }
                },
                "offset": {
                  "totalSeconds": 0
                },
                "zone": {
                  "totalSeconds": 0
                }
              },
              "endDateTime": {
                "dateTime": {
                  "date": {
                    "year": 2022,
                    "month": 2,
                    "day": 18
                  },
                  "time": {
                    "hour": 11,
                    "minute": 14,
                    "second": 13,
                    "nano": 359000000
                  }
                },
                "offset": {
                  "totalSeconds": 0
                },
                "zone": {
                  "totalSeconds": 0
                }
              },
              "duration": "00h:00m:00s",
              "statusEnum": "PASSED",
              "status": "PASSED",
              "testClass": "io.cucumber.core.runner.PickleStepTestStep",
              "test": "Validation of values for Cash Accounts Columns",
              "parameters": [],
              "suite": "Sanity Test Cases for QA Pull",
              "logOutput": [],
              "resourceMetaDataList": [],
              "userInterfaces": [],
              "webservices": []
            },
            {
              "id": "I should view Client Management Page is displayed_1645182853361_1",
              "testMethodId": "I should view Client Management Page is displayed_1645182853361_1",
              "name": "I should view Client Management Page is displayed",
              "description": "Then ",
              "configuration": false,
              "methodType": "Step",
              "startDateTime": {
                "dateTime": {
                  "date": {
                    "year": 2022,
                    "month": 2,
                    "day": 18
                  },
                  "time": {
                    "hour": 11,
                    "minute": 14,
                    "second": 13,
                    "nano": 361000000
                  }
                },
                "offset": {
                  "totalSeconds": 0
                },
                "zone": {
                  "totalSeconds": 0
                }
              },
              "endDateTime": {
                "dateTime": {
                  "date": {
                    "year": 2022,
                    "month": 2,
                    "day": 18
                  },
                  "time": {
                    "hour": 11,
                    "minute": 14,
                    "second": 13,
                    "nano": 361000000
                  }
                },
                "offset": {
                  "totalSeconds": 0
                },
                "zone": {
                  "totalSeconds": 0
                }
              },
              "duration": "00h:00m:00s",
              "statusEnum": "PASSED",
              "status": "PASSED",
              "testClass": "io.cucumber.core.runner.PickleStepTestStep",
              "test": "Validation of values for Cash Accounts Columns",
              "parameters": [],
              "suite": "Sanity Test Cases for QA Pull",
              "logOutput": [],
              "resourceMetaDataList": [],
              "userInterfaces": [],
              "webservices": []
            },
            {
              "id": "I should navigate into Groups tab_1645182853361_1",
              "testMethodId": "I should navigate into Groups tab_1645182853361_1",
              "name": "I should navigate into Groups tab",
              "description": "And ",
              "configuration": false,
              "methodType": "Step",
              "startDateTime": {
                "dateTime": {
                  "date": {
                    "year": 2022,
                    "month": 2,
                    "day": 18
                  },
                  "time": {
                    "hour": 11,
                    "minute": 14,
                    "second": 13,
                    "nano": 361000000
                  }
                },
                "offset": {
                  "totalSeconds": 0
                },
                "zone": {
                  "totalSeconds": 0
                }
              },
              "endDateTime": {
                "dateTime": {
                  "date": {
                    "year": 2022,
                    "month": 2,
                    "day": 18
                  },
                  "time": {
                    "hour": 11,
                    "minute": 14,
                    "second": 13,
                    "nano": 362000000
                  }
                },
                "offset": {
                  "totalSeconds": 0
                },
                "zone": {
                  "totalSeconds": 0
                }
              },
              "duration": "00h:00m:00s",
              "statusEnum": "FAILED",
              "status": "FAILED",
              "bug": {
                "message": "NullPointerException: replacement",
                "stackTrace": "java.lang.NullPointerException: replacement\r\n\tat java.util.regex.Matcher.replaceFirst(Unknown Source)\r\n\tat java.lang.String.replaceFirst(Unknown Source)\r\n\tat com.lpl.qe.legacy.portfolioaccountingfeebilling.householdinggrouputility.web.cucumber.pages.Common.getFormattedLocator(Common.java:1499)\r\n\tat com.lpl.qe.legacy.portfolioaccountingfeebilling.householdinggrouputility.web.cucumber.pages.Navigation.isTabNameVisibleOnPage(Navigation.java:280)\r\n\tat com.lpl.qe.legacy.portfolioaccountingfeebilling.householdinggrouputility.web.cucumber.pages.Navigation.navigateToPage(Navigation.java:211)\r\n\tat com.lpl.qe.legacy.portfolioaccountingfeebilling.householdinggrouputility.web.cucumber.steps.NewHouseholdStepDef.inavigatetopage(NewHouseholdStepDef.java:113)\r\n\tat ?.I should navigate into Groups tab(file:///C:/ws/src/test/resources/features/householdinggrouputility/web/Dashboard%20Gatekeeper.feature:1271)\r\n"
              },
              "testClass": "io.cucumber.core.runner.PickleStepTestStep",
              "test": "Validation of values for Cash Accounts Columns",
              "parameters": [],
              "suite": "Sanity Test Cases for QA Pull",
              "logOutput": [],
              "resourceMetaDataList": [],
              "userInterfaces": [],
              "webservices": []
            },
            {
              "id": "I enter Groupname_1645182853363_1",
              "testMethodId": "I enter Groupname_1645182853363_1",
              "name": "I enter Groupname",
              "description": "When ",
              "configuration": false,
              "methodType": "Step",
              "startDateTime": {
                "dateTime": {
                  "date": {
                    "year": 2022,
                    "month": 2,
                    "day": 18
                  },
                  "time": {
                    "hour": 11,
                    "minute": 14,
                    "second": 13,
                    "nano": 363000000
                  }
                },
                "offset": {
                  "totalSeconds": 0
                },
                "zone": {
                  "totalSeconds": 0
                }
              },
              "endDateTime": {
                "dateTime": {
                  "date": {
                    "year": 2022,
                    "month": 2,
                    "day": 18
                  },
                  "time": {
                    "hour": 11,
                    "minute": 14,
                    "second": 13,
                    "nano": 363000000
                  }
                },
                "offset": {
                  "totalSeconds": 0
                },
                "zone": {
                  "totalSeconds": 0
                }
              },
              "duration": "00h:00m:00s",
              "statusEnum": "SKIPPED",
              "status": "SKIPPED",
              "testClass": "io.cucumber.core.runner.PickleStepTestStep",
              "test": "Validation of values for Cash Accounts Columns",
              "parameters": [],
              "suite": "Sanity Test Cases for QA Pull",
              "logOutput": [],
              "resourceMetaDataList": [],
              "userInterfaces": [],
              "webservices": []
            },
            {
              "id": "I click on search button_1645182853363_1",
              "testMethodId": "I click on search button_1645182853363_1",
              "name": "I click on search button",
              "description": "Then ",
              "configuration": false,
              "methodType": "Step",
              "startDateTime": {
                "dateTime": {
                  "date": {
                    "year": 2022,
                    "month": 2,
                    "day": 18
                  },
                  "time": {
                    "hour": 11,
                    "minute": 14,
                    "second": 13,
                    "nano": 363000000
                  }
                },
                "offset": {
                  "totalSeconds": 0
                },
                "zone": {
                  "totalSeconds": 0
                }
              },
              "endDateTime": {
                "dateTime": {
                  "date": {
                    "year": 2022,
                    "month": 2,
                    "day": 18
                  },
                  "time": {
                    "hour": 11,
                    "minute": 14,
                    "second": 13,
                    "nano": 364000000
                  }
                },
                "offset": {
                  "totalSeconds": 0
                },
                "zone": {
                  "totalSeconds": 0
                }
              },
              "duration": "00h:00m:00s",
              "statusEnum": "SKIPPED",
              "status": "SKIPPED",
              "testClass": "io.cucumber.core.runner.PickleStepTestStep",
              "test": "Validation of values for Cash Accounts Columns",
              "parameters": [],
              "suite": "Sanity Test Cases for QA Pull",
              "logOutput": [],
              "resourceMetaDataList": [],
              "userInterfaces": [],
              "webservices": []
            },
            {
              "id": "I click on a hyperlinked Household Group name_1645182853365_1",
              "testMethodId": "I click on a hyperlinked Household Group name_1645182853365_1",
              "name": "I click on a hyperlinked Household Group name",
              "description": "When ",
              "configuration": false,
              "methodType": "Step",
              "startDateTime": {
                "dateTime": {
                  "date": {
                    "year": 2022,
                    "month": 2,
                    "day": 18
                  },
                  "time": {
                    "hour": 11,
                    "minute": 14,
                    "second": 13,
                    "nano": 365000000
                  }
                },
                "offset": {
                  "totalSeconds": 0
                },
                "zone": {
                  "totalSeconds": 0
                }
              },
              "endDateTime": {
                "dateTime": {
                  "date": {
                    "year": 2022,
                    "month": 2,
                    "day": 18
                  },
                  "time": {
                    "hour": 11,
                    "minute": 14,
                    "second": 13,
                    "nano": 368000000
                  }
                },
                "offset": {
                  "totalSeconds": 0
                },
                "zone": {
                  "totalSeconds": 0
                }
              },
              "duration": "00h:00m:00s",
              "statusEnum": "SKIPPED",
              "status": "SKIPPED",
              "testClass": "io.cucumber.core.runner.PickleStepTestStep",
              "test": "Validation of values for Cash Accounts Columns",
              "parameters": [],
              "suite": "Sanity Test Cases for QA Pull",
              "logOutput": [],
              "resourceMetaDataList": [],
              "userInterfaces": [],
              "webservices": []
            },
            {
              "id": "I should see household group Dashboard page_1645182853368_1",
              "testMethodId": "I should see household group Dashboard page_1645182853368_1",
              "name": "I should see household group Dashboard page",
              "description": "Then ",
              "configuration": false,
              "methodType": "Step",
              "startDateTime": {
                "dateTime": {
                  "date": {
                    "year": 2022,
                    "month": 2,
                    "day": 18
                  },
                  "time": {
                    "hour": 11,
                    "minute": 14,
                    "second": 13,
                    "nano": 368000000
                  }
                },
                "offset": {
                  "totalSeconds": 0
                },
                "zone": {
                  "totalSeconds": 0
                }
              },
              "endDateTime": {
                "dateTime": {
                  "date": {
                    "year": 2022,
                    "month": 2,
                    "day": 18
                  },
                  "time": {
                    "hour": 11,
                    "minute": 14,
                    "second": 13,
                    "nano": 368000000
                  }
                },
                "offset": {
                  "totalSeconds": 0
                },
                "zone": {
                  "totalSeconds": 0
                }
              },
              "duration": "00h:00m:00s",
              "statusEnum": "SKIPPED",
              "status": "SKIPPED",
              "testClass": "io.cucumber.core.runner.PickleStepTestStep",
              "test": "Validation of values for Cash Accounts Columns",
              "parameters": [],
              "suite": "Sanity Test Cases for QA Pull",
              "logOutput": [],
              "resourceMetaDataList": [],
              "userInterfaces": [],
              "webservices": []
            },
            {
              "id": "I see Balances and Investments section_1645182853369_1",
              "testMethodId": "I see Balances and Investments section_1645182853369_1",
              "name": "I see Balances and Investments section",
              "description": "When ",
              "configuration": false,
              "methodType": "Step",
              "startDateTime": {
                "dateTime": {
                  "date": {
                    "year": 2022,
                    "month": 2,
                    "day": 18
                  },
                  "time": {
                    "hour": 11,
                    "minute": 14,
                    "second": 13,
                    "nano": 369000000
                  }
                },
                "offset": {
                  "totalSeconds": 0
                },
                "zone": {
                  "totalSeconds": 0
                }
              },
              "endDateTime": {
                "dateTime": {
                  "date": {
                    "year": 2022,
                    "month": 2,
                    "day": 18
                  },
                  "time": {
                    "hour": 11,
                    "minute": 14,
                    "second": 13,
                    "nano": 369000000
                  }
                },
                "offset": {
                  "totalSeconds": 0
                },
                "zone": {
                  "totalSeconds": 0
                }
              },
              "duration": "00h:00m:00s",
              "statusEnum": "SKIPPED",
              "status": "SKIPPED",
              "testClass": "io.cucumber.core.runner.PickleStepTestStep",
              "test": "Validation of values for Cash Accounts Columns",
              "parameters": [],
              "suite": "Sanity Test Cases for QA Pull",
              "logOutput": [],
              "resourceMetaDataList": [],
              "userInterfaces": [],
              "webservices": []
            },
            {
              "id": "I click on Show Full details Link_1645182853370_1",
              "testMethodId": "I click on Show Full details Link_1645182853370_1",
              "name": "I click on Show Full details Link",
              "description": "Then ",
              "configuration": false,
              "methodType": "Step",
              "startDateTime": {
                "dateTime": {
                  "date": {
                    "year": 2022,
                    "month": 2,
                    "day": 18
                  },
                  "time": {
                    "hour": 11,
                    "minute": 14,
                    "second": 13,
                    "nano": 370000000
                  }
                },
                "offset": {
                  "totalSeconds": 0
                },
                "zone": {
                  "totalSeconds": 0
                }
              },
              "endDateTime": {
                "dateTime": {
                  "date": {
                    "year": 2022,
                    "month": 2,
                    "day": 18
                  },
                  "time": {
                    "hour": 11,
                    "minute": 14,
                    "second": 13,
                    "nano": 370000000
                  }
                },
                "offset": {
                  "totalSeconds": 0
                },
                "zone": {
                  "totalSeconds": 0
                }
              },
              "duration": "00h:00m:00s",
              "statusEnum": "SKIPPED",
              "status": "SKIPPED",
              "testClass": "io.cucumber.core.runner.PickleStepTestStep",
              "test": "Validation of values for Cash Accounts Columns",
              "parameters": [],
              "suite": "Sanity Test Cases for QA Pull",
              "logOutput": [],
              "resourceMetaDataList": [],
              "userInterfaces": [],
              "webservices": []
            },
            {
              "id": "I should verify the Cash Accounts details Household accounts fields_1645182853371_1",
              "testMethodId": "I should verify the Cash Accounts details Household accounts fields_1645182853371_1",
              "name": "I should verify the Cash Accounts details Household accounts fields",
              "description": "And ",
              "configuration": false,
              "methodType": "Step",
              "startDateTime": {
                "dateTime": {
                  "date": {
                    "year": 2022,
                    "month": 2,
                    "day": 18
                  },
                  "time": {
                    "hour": 11,
                    "minute": 14,
                    "second": 13,
                    "nano": 371000000
                  }
                },
                "offset": {
                  "totalSeconds": 0
                },
                "zone": {
                  "totalSeconds": 0
                }
              },
              "endDateTime": {
                "dateTime": {
                  "date": {
                    "year": 2022,
                    "month": 2,
                    "day": 18
                  },
                  "time": {
                    "hour": 11,
                    "minute": 14,
                    "second": 13,
                    "nano": 371000000
                  }
                },
                "offset": {
                  "totalSeconds": 0
                },
                "zone": {
                  "totalSeconds": 0
                }
              },
              "duration": "00h:00m:00s",
              "statusEnum": "SKIPPED",
              "status": "SKIPPED",
              "testClass": "io.cucumber.core.runner.PickleStepTestStep",
              "test": "Validation of values for Cash Accounts Columns",
              "parameters": [],
              "suite": "Sanity Test Cases for QA Pull",
              "logOutput": [],
              "resourceMetaDataList": [],
              "userInterfaces": [],
              "webservices": []
            },
            {
              "id": "AFTERHook_1645182853380_1",
              "testMethodId": "AFTERHook_1645182853380_1",
              "name": "AFTERHook",
              "configuration": true,
              "methodType": "TestMethod",
              "startDateTime": {
                "dateTime": {
                  "date": {
                    "year": 2022,
                    "month": 2,
                    "day": 18
                  },
                  "time": {
                    "hour": 11,
                    "minute": 14,
                    "second": 13,
                    "nano": 380000000
                  }
                },
                "offset": {
                  "totalSeconds": 0
                },
                "zone": {
                  "totalSeconds": 0
                }
              },
              "endDateTime": {
                "dateTime": {
                  "date": {
                    "year": 2022,
                    "month": 2,
                    "day": 18
                  },
                  "time": {
                    "hour": 11,
                    "minute": 14,
                    "second": 13,
                    "nano": 381000000
                  }
                },
                "offset": {
                  "totalSeconds": 0
                },
                "zone": {
                  "totalSeconds": 0
                }
              },
              "duration": "00h:00m:00s",
              "statusEnum": "PASSED",
              "status": "PASSED",
              "testClass": "io.cucumber.core.runner.HookTestStep",
              "test": "Validation of values for Cash Accounts Columns",
              "parameters": [],
              "suite": "Sanity Test Cases for QA Pull",
              "logOutput": [],
              "resourceMetaDataList": [],
              "userInterfaces": [],
              "webservices": []
            }
          ]
        }
      ]
    }
  ],
  "testMethodList": [
    {
      "id": "BEFOREHook_1645182853356_1",
      "testMethodId": "BEFOREHook_1645182853356_1",
      "name": "BEFOREHook",
      "configuration": true,
      "methodType": "TestMethod",
      "startDateTime": {
        "dateTime": {
          "date": {
            "year": 2022,
            "month": 2,
            "day": 18
          },
          "time": {
            "hour": 11,
            "minute": 14,
            "second": 13,
            "nano": 356000000
          }
        },
        "offset": {
          "totalSeconds": 0
        },
        "zone": {
          "totalSeconds": 0
        }
      },
      "endDateTime": {
        "dateTime": {
          "date": {
            "year": 2022,
            "month": 2,
            "day": 18
          },
          "time": {
            "hour": 11,
            "minute": 14,
            "second": 13,
            "nano": 357000000
          }
        },
        "offset": {
          "totalSeconds": 0
        },
        "zone": {
          "totalSeconds": 0
        }
      },
      "duration": "00h:00m:00s",
      "statusEnum": "PASSED",
      "status": "PASSED",
      "testClass": "io.cucumber.core.runner.HookTestStep",
      "test": "Validation of values for Cash Accounts Columns",
      "parameters": [],
      "suite": "Sanity Test Cases for QA Pull",
      "logOutput": [],
      "resourceMetaDataList": [],
      "userInterfaces": [],
      "webservices": []
    },
    {
      "id": "I login into ClientWorks application_1645182853358_1",
      "testMethodId": "I login into ClientWorks application_1645182853358_1",
      "name": "I login into ClientWorks application",
      "description": "Given ",
      "configuration": false,
      "methodType": "Step",
      "startDateTime": {
        "dateTime": {
          "date": {
            "year": 2022,
            "month": 2,
            "day": 18
          },
          "time": {
            "hour": 11,
            "minute": 14,
            "second": 13,
            "nano": 358000000
          }
        },
        "offset": {
          "totalSeconds": 0
        },
        "zone": {
          "totalSeconds": 0
        }
      },
      "endDateTime": {
        "dateTime": {
          "date": {
            "year": 2022,
            "month": 2,
            "day": 18
          },
          "time": {
            "hour": 11,
            "minute": 14,
            "second": 13,
            "nano": 359000000
          }
        },
        "offset": {
          "totalSeconds": 0
        },
        "zone": {
          "totalSeconds": 0
        }
      },
      "duration": "00h:00m:00s",
      "statusEnum": "PASSED",
      "status": "PASSED",
      "testClass": "io.cucumber.core.runner.PickleStepTestStep",
      "test": "Validation of values for Cash Accounts Columns",
      "parameters": [],
      "suite": "Sanity Test Cases for QA Pull",
      "logOutput": [],
      "resourceMetaDataList": [],
      "userInterfaces": [],
      "webservices": []
    },
    {
      "id": "I should view Client Management Page is displayed_1645182853361_1",
      "testMethodId": "I should view Client Management Page is displayed_1645182853361_1",
      "name": "I should view Client Management Page is displayed",
      "description": "Then ",
      "configuration": false,
      "methodType": "Step",
      "startDateTime": {
        "dateTime": {
          "date": {
            "year": 2022,
            "month": 2,
            "day": 18
          },
          "time": {
            "hour": 11,
            "minute": 14,
            "second": 13,
            "nano": 361000000
          }
        },
        "offset": {
          "totalSeconds": 0
        },
        "zone": {
          "totalSeconds": 0
        }
      },
      "endDateTime": {
        "dateTime": {
          "date": {
            "year": 2022,
            "month": 2,
            "day": 18
          },
          "time": {
            "hour": 11,
            "minute": 14,
            "second": 13,
            "nano": 361000000
          }
        },
        "offset": {
          "totalSeconds": 0
        },
        "zone": {
          "totalSeconds": 0
        }
      },
      "duration": "00h:00m:00s",
      "statusEnum": "PASSED",
      "status": "PASSED",
      "testClass": "io.cucumber.core.runner.PickleStepTestStep",
      "test": "Validation of values for Cash Accounts Columns",
      "parameters": [],
      "suite": "Sanity Test Cases for QA Pull",
      "logOutput": [],
      "resourceMetaDataList": [],
      "userInterfaces": [],
      "webservices": []
    },
    {
      "id": "I should navigate into Groups tab_1645182853361_1",
      "testMethodId": "I should navigate into Groups tab_1645182853361_1",
      "name": "I should navigate into Groups tab",
      "description": "And ",
      "configuration": false,
      "methodType": "Step",
      "startDateTime": {
        "dateTime": {
          "date": {
            "year": 2022,
            "month": 2,
            "day": 18
          },
          "time": {
            "hour": 11,
            "minute": 14,
            "second": 13,
            "nano": 361000000
          }
        },
        "offset": {
          "totalSeconds": 0
        },
        "zone": {
          "totalSeconds": 0
        }
      },
      "endDateTime": {
        "dateTime": {
          "date": {
            "year": 2022,
            "month": 2,
            "day": 18
          },
          "time": {
            "hour": 11,
            "minute": 14,
            "second": 13,
            "nano": 362000000
          }
        },
        "offset": {
          "totalSeconds": 0
        },
        "zone": {
          "totalSeconds": 0
        }
      },
      "duration": "00h:00m:00s",
      "statusEnum": "FAILED",
      "status": "FAILED",
      "bug": {
        "message": "NullPointerException: replacement",
        "stackTrace": "java.lang.NullPointerException: replacement\r\n\tat java.util.regex.Matcher.replaceFirst(Unknown Source)\r\n\tat java.lang.String.replaceFirst(Unknown Source)\r\n\tat com.lpl.qe.legacy.portfolioaccountingfeebilling.householdinggrouputility.web.cucumber.pages.Common.getFormattedLocator(Common.java:1499)\r\n\tat com.lpl.qe.legacy.portfolioaccountingfeebilling.householdinggrouputility.web.cucumber.pages.Navigation.isTabNameVisibleOnPage(Navigation.java:280)\r\n\tat com.lpl.qe.legacy.portfolioaccountingfeebilling.householdinggrouputility.web.cucumber.pages.Navigation.navigateToPage(Navigation.java:211)\r\n\tat com.lpl.qe.legacy.portfolioaccountingfeebilling.householdinggrouputility.web.cucumber.steps.NewHouseholdStepDef.inavigatetopage(NewHouseholdStepDef.java:113)\r\n\tat ?.I should navigate into Groups tab(file:///C:/ws/src/test/resources/features/householdinggrouputility/web/Dashboard%20Gatekeeper.feature:1271)\r\n"
      },
      "testClass": "io.cucumber.core.runner.PickleStepTestStep",
      "test": "Validation of values for Cash Accounts Columns",
      "parameters": [],
      "suite": "Sanity Test Cases for QA Pull",
      "logOutput": [],
      "resourceMetaDataList": [],
      "userInterfaces": [],
      "webservices": []
    },
    {
      "id": "I enter Groupname_1645182853363_1",
      "testMethodId": "I enter Groupname_1645182853363_1",
      "name": "I enter Groupname",
      "description": "When ",
      "configuration": false,
      "methodType": "Step",
      "startDateTime": {
        "dateTime": {
          "date": {
            "year": 2022,
            "month": 2,
            "day": 18
          },
          "time": {
            "hour": 11,
            "minute": 14,
            "second": 13,
            "nano": 363000000
          }
        },
        "offset": {
          "totalSeconds": 0
        },
        "zone": {
          "totalSeconds": 0
        }
      },
      "endDateTime": {
        "dateTime": {
          "date": {
            "year": 2022,
            "month": 2,
            "day": 18
          },
          "time": {
            "hour": 11,
            "minute": 14,
            "second": 13,
            "nano": 363000000
          }
        },
        "offset": {
          "totalSeconds": 0
        },
        "zone": {
          "totalSeconds": 0
        }
      },
      "duration": "00h:00m:00s",
      "statusEnum": "SKIPPED",
      "status": "SKIPPED",
      "testClass": "io.cucumber.core.runner.PickleStepTestStep",
      "test": "Validation of values for Cash Accounts Columns",
      "parameters": [],
      "suite": "Sanity Test Cases for QA Pull",
      "logOutput": [],
      "resourceMetaDataList": [],
      "userInterfaces": [],
      "webservices": []
    },
    {
      "id": "I click on search button_1645182853363_1",
      "testMethodId": "I click on search button_1645182853363_1",
      "name": "I click on search button",
      "description": "Then ",
      "configuration": false,
      "methodType": "Step",
      "startDateTime": {
        "dateTime": {
          "date": {
            "year": 2022,
            "month": 2,
            "day": 18
          },
          "time": {
            "hour": 11,
            "minute": 14,
            "second": 13,
            "nano": 363000000
          }
        },
        "offset": {
          "totalSeconds": 0
        },
        "zone": {
          "totalSeconds": 0
        }
      },
      "endDateTime": {
        "dateTime": {
          "date": {
            "year": 2022,
            "month": 2,
            "day": 18
          },
          "time": {
            "hour": 11,
            "minute": 14,
            "second": 13,
            "nano": 364000000
          }
        },
        "offset": {
          "totalSeconds": 0
        },
        "zone": {
          "totalSeconds": 0
        }
      },
      "duration": "00h:00m:00s",
      "statusEnum": "SKIPPED",
      "status": "SKIPPED",
      "testClass": "io.cucumber.core.runner.PickleStepTestStep",
      "test": "Validation of values for Cash Accounts Columns",
      "parameters": [],
      "suite": "Sanity Test Cases for QA Pull",
      "logOutput": [],
      "resourceMetaDataList": [],
      "userInterfaces": [],
      "webservices": []
    },
    {
      "id": "I click on a hyperlinked Household Group name_1645182853365_1",
      "testMethodId": "I click on a hyperlinked Household Group name_1645182853365_1",
      "name": "I click on a hyperlinked Household Group name",
      "description": "When ",
      "configuration": false,
      "methodType": "Step",
      "startDateTime": {
        "dateTime": {
          "date": {
            "year": 2022,
            "month": 2,
            "day": 18
          },
          "time": {
            "hour": 11,
            "minute": 14,
            "second": 13,
            "nano": 365000000
          }
        },
        "offset": {
          "totalSeconds": 0
        },
        "zone": {
          "totalSeconds": 0
        }
      },
      "endDateTime": {
        "dateTime": {
          "date": {
            "year": 2022,
            "month": 2,
            "day": 18
          },
          "time": {
            "hour": 11,
            "minute": 14,
            "second": 13,
            "nano": 368000000
          }
        },
        "offset": {
          "totalSeconds": 0
        },
        "zone": {
          "totalSeconds": 0
        }
      },
      "duration": "00h:00m:00s",
      "statusEnum": "SKIPPED",
      "status": "SKIPPED",
      "testClass": "io.cucumber.core.runner.PickleStepTestStep",
      "test": "Validation of values for Cash Accounts Columns",
      "parameters": [],
      "suite": "Sanity Test Cases for QA Pull",
      "logOutput": [],
      "resourceMetaDataList": [],
      "userInterfaces": [],
      "webservices": []
    },
    {
      "id": "I should see household group Dashboard page_1645182853368_1",
      "testMethodId": "I should see household group Dashboard page_1645182853368_1",
      "name": "I should see household group Dashboard page",
      "description": "Then ",
      "configuration": false,
      "methodType": "Step",
      "startDateTime": {
        "dateTime": {
          "date": {
            "year": 2022,
            "month": 2,
            "day": 18
          },
          "time": {
            "hour": 11,
            "minute": 14,
            "second": 13,
            "nano": 368000000
          }
        },
        "offset": {
          "totalSeconds": 0
        },
        "zone": {
          "totalSeconds": 0
        }
      },
      "endDateTime": {
        "dateTime": {
          "date": {
            "year": 2022,
            "month": 2,
            "day": 18
          },
          "time": {
            "hour": 11,
            "minute": 14,
            "second": 13,
            "nano": 368000000
          }
        },
        "offset": {
          "totalSeconds": 0
        },
        "zone": {
          "totalSeconds": 0
        }
      },
      "duration": "00h:00m:00s",
      "statusEnum": "SKIPPED",
      "status": "SKIPPED",
      "testClass": "io.cucumber.core.runner.PickleStepTestStep",
      "test": "Validation of values for Cash Accounts Columns",
      "parameters": [],
      "suite": "Sanity Test Cases for QA Pull",
      "logOutput": [],
      "resourceMetaDataList": [],
      "userInterfaces": [],
      "webservices": []
    },
    {
      "id": "I see Balances and Investments section_1645182853369_1",
      "testMethodId": "I see Balances and Investments section_1645182853369_1",
      "name": "I see Balances and Investments section",
      "description": "When ",
      "configuration": false,
      "methodType": "Step",
      "startDateTime": {
        "dateTime": {
          "date": {
            "year": 2022,
            "month": 2,
            "day": 18
          },
          "time": {
            "hour": 11,
            "minute": 14,
            "second": 13,
            "nano": 369000000
          }
        },
        "offset": {
          "totalSeconds": 0
        },
        "zone": {
          "totalSeconds": 0
        }
      },
      "endDateTime": {
        "dateTime": {
          "date": {
            "year": 2022,
            "month": 2,
            "day": 18
          },
          "time": {
            "hour": 11,
            "minute": 14,
            "second": 13,
            "nano": 369000000
          }
        },
        "offset": {
          "totalSeconds": 0
        },
        "zone": {
          "totalSeconds": 0
        }
      },
      "duration": "00h:00m:00s",
      "statusEnum": "SKIPPED",
      "status": "SKIPPED",
      "testClass": "io.cucumber.core.runner.PickleStepTestStep",
      "test": "Validation of values for Cash Accounts Columns",
      "parameters": [],
      "suite": "Sanity Test Cases for QA Pull",
      "logOutput": [],
      "resourceMetaDataList": [],
      "userInterfaces": [],
      "webservices": []
    },
    {
      "id": "I click on Show Full details Link_1645182853370_1",
      "testMethodId": "I click on Show Full details Link_1645182853370_1",
      "name": "I click on Show Full details Link",
      "description": "Then ",
      "configuration": false,
      "methodType": "Step",
      "startDateTime": {
        "dateTime": {
          "date": {
            "year": 2022,
            "month": 2,
            "day": 18
          },
          "time": {
            "hour": 11,
            "minute": 14,
            "second": 13,
            "nano": 370000000
          }
        },
        "offset": {
          "totalSeconds": 0
        },
        "zone": {
          "totalSeconds": 0
        }
      },
      "endDateTime": {
        "dateTime": {
          "date": {
            "year": 2022,
            "month": 2,
            "day": 18
          },
          "time": {
            "hour": 11,
            "minute": 14,
            "second": 13,
            "nano": 370000000
          }
        },
        "offset": {
          "totalSeconds": 0
        },
        "zone": {
          "totalSeconds": 0
        }
      },
      "duration": "00h:00m:00s",
      "statusEnum": "SKIPPED",
      "status": "SKIPPED",
      "testClass": "io.cucumber.core.runner.PickleStepTestStep",
      "test": "Validation of values for Cash Accounts Columns",
      "parameters": [],
      "suite": "Sanity Test Cases for QA Pull",
      "logOutput": [],
      "resourceMetaDataList": [],
      "userInterfaces": [],
      "webservices": []
    },
    {
      "id": "I should verify the Cash Accounts details Household accounts fields_1645182853371_1",
      "testMethodId": "I should verify the Cash Accounts details Household accounts fields_1645182853371_1",
      "name": "I should verify the Cash Accounts details Household accounts fields",
      "description": "And ",
      "configuration": false,
      "methodType": "Step",
      "startDateTime": {
        "dateTime": {
          "date": {
            "year": 2022,
            "month": 2,
            "day": 18
          },
          "time": {
            "hour": 11,
            "minute": 14,
            "second": 13,
            "nano": 371000000
          }
        },
        "offset": {
          "totalSeconds": 0
        },
        "zone": {
          "totalSeconds": 0
        }
      },
      "endDateTime": {
        "dateTime": {
          "date": {
            "year": 2022,
            "month": 2,
            "day": 18
          },
          "time": {
            "hour": 11,
            "minute": 14,
            "second": 13,
            "nano": 371000000
          }
        },
        "offset": {
          "totalSeconds": 0
        },
        "zone": {
          "totalSeconds": 0
        }
      },
      "duration": "00h:00m:00s",
      "statusEnum": "SKIPPED",
      "status": "SKIPPED",
      "testClass": "io.cucumber.core.runner.PickleStepTestStep",
      "test": "Validation of values for Cash Accounts Columns",
      "parameters": [],
      "suite": "Sanity Test Cases for QA Pull",
      "logOutput": [],
      "resourceMetaDataList": [],
      "userInterfaces": [],
      "webservices": []
    },
    {
      "id": "AFTERHook_1645182853380_1",
      "testMethodId": "AFTERHook_1645182853380_1",
      "name": "AFTERHook",
      "configuration": true,
      "methodType": "TestMethod",
      "startDateTime": {
        "dateTime": {
          "date": {
            "year": 2022,
            "month": 2,
            "day": 18
          },
          "time": {
            "hour": 11,
            "minute": 14,
            "second": 13,
            "nano": 380000000
          }
        },
        "offset": {
          "totalSeconds": 0
        },
        "zone": {
          "totalSeconds": 0
        }
      },
      "endDateTime": {
        "dateTime": {
          "date": {
            "year": 2022,
            "month": 2,
            "day": 18
          },
          "time": {
            "hour": 11,
            "minute": 14,
            "second": 13,
            "nano": 381000000
          }
        },
        "offset": {
          "totalSeconds": 0
        },
        "zone": {
          "totalSeconds": 0
        }
      },
      "duration": "00h:00m:00s",
      "statusEnum": "PASSED",
      "status": "PASSED",
      "testClass": "io.cucumber.core.runner.HookTestStep",
      "test": "Validation of values for Cash Accounts Columns",
      "parameters": [],
      "suite": "Sanity Test Cases for QA Pull",
      "logOutput": [],
      "resourceMetaDataList": [],
      "userInterfaces": [],
      "webservices": []
    },
    {
      "id": "BEFOREHook_1645182853356_1",
      "testMethodId": "BEFOREHook_1645182853356_1",
      "name": "BEFOREHook",
      "configuration": true,
      "methodType": "TestMethod",
      "startDateTime": {
        "dateTime": {
          "date": {
            "year": 2022,
            "month": 2,
            "day": 18
          },
          "time": {
            "hour": 11,
            "minute": 14,
            "second": 13,
            "nano": 356000000
          }
        },
        "offset": {
          "totalSeconds": 0
        },
        "zone": {
          "totalSeconds": 0
        }
      },
      "endDateTime": {
        "dateTime": {
          "date": {
            "year": 2022,
            "month": 2,
            "day": 18
          },
          "time": {
            "hour": 11,
            "minute": 14,
            "second": 13,
            "nano": 357000000
          }
        },
        "offset": {
          "totalSeconds": 0
        },
        "zone": {
          "totalSeconds": 0
        }
      },
      "duration": "00h:00m:00s",
      "statusEnum": "PASSED",
      "status": "PASSED",
      "testClass": "io.cucumber.core.runner.HookTestStep",
      "test": "Validation of values for Cash Accounts Columns",
      "parameters": [],
      "suite": "Sanity Test Cases for QA Pull",
      "logOutput": [],
      "resourceMetaDataList": [],
      "userInterfaces": [],
      "webservices": []
    },
    {
      "id": "I login into ClientWorks application_1645182853358_1",
      "testMethodId": "I login into ClientWorks application_1645182853358_1",
      "name": "I login into ClientWorks application",
      "description": "Given ",
      "configuration": false,
      "methodType": "Step",
      "startDateTime": {
        "dateTime": {
          "date": {
            "year": 2022,
            "month": 2,
            "day": 18
          },
          "time": {
            "hour": 11,
            "minute": 14,
            "second": 13,
            "nano": 358000000
          }
        },
        "offset": {
          "totalSeconds": 0
        },
        "zone": {
          "totalSeconds": 0
        }
      },
      "endDateTime": {
        "dateTime": {
          "date": {
            "year": 2022,
            "month": 2,
            "day": 18
          },
          "time": {
            "hour": 11,
            "minute": 14,
            "second": 13,
            "nano": 359000000
          }
        },
        "offset": {
          "totalSeconds": 0
        },
        "zone": {
          "totalSeconds": 0
        }
      },
      "duration": "00h:00m:00s",
      "statusEnum": "PASSED",
      "status": "PASSED",
      "testClass": "io.cucumber.core.runner.PickleStepTestStep",
      "test": "Validation of values for Cash Accounts Columns",
      "parameters": [],
      "suite": "Sanity Test Cases for QA Pull",
      "logOutput": [],
      "resourceMetaDataList": [],
      "userInterfaces": [],
      "webservices": []
    },
    {
      "id": "I should view Client Management Page is displayed_1645182853361_1",
      "testMethodId": "I should view Client Management Page is displayed_1645182853361_1",
      "name": "I should view Client Management Page is displayed",
      "description": "Then ",
      "configuration": false,
      "methodType": "Step",
      "startDateTime": {
        "dateTime": {
          "date": {
            "year": 2022,
            "month": 2,
            "day": 18
          },
          "time": {
            "hour": 11,
            "minute": 14,
            "second": 13,
            "nano": 361000000
          }
        },
        "offset": {
          "totalSeconds": 0
        },
        "zone": {
          "totalSeconds": 0
        }
      },
      "endDateTime": {
        "dateTime": {
          "date": {
            "year": 2022,
            "month": 2,
            "day": 18
          },
          "time": {
            "hour": 11,
            "minute": 14,
            "second": 13,
            "nano": 361000000
          }
        },
        "offset": {
          "totalSeconds": 0
        },
        "zone": {
          "totalSeconds": 0
        }
      },
      "duration": "00h:00m:00s",
      "statusEnum": "PASSED",
      "status": "PASSED",
      "testClass": "io.cucumber.core.runner.PickleStepTestStep",
      "test": "Validation of values for Cash Accounts Columns",
      "parameters": [],
      "suite": "Sanity Test Cases for QA Pull",
      "logOutput": [],
      "resourceMetaDataList": [],
      "userInterfaces": [],
      "webservices": []
    },
    {
      "id": "I should navigate into Groups tab_1645182853361_1",
      "testMethodId": "I should navigate into Groups tab_1645182853361_1",
      "name": "I should navigate into Groups tab",
      "description": "And ",
      "configuration": false,
      "methodType": "Step",
      "startDateTime": {
        "dateTime": {
          "date": {
            "year": 2022,
            "month": 2,
            "day": 18
          },
          "time": {
            "hour": 11,
            "minute": 14,
            "second": 13,
            "nano": 361000000
          }
        },
        "offset": {
          "totalSeconds": 0
        },
        "zone": {
          "totalSeconds": 0
        }
      },
      "endDateTime": {
        "dateTime": {
          "date": {
            "year": 2022,
            "month": 2,
            "day": 18
          },
          "time": {
            "hour": 11,
            "minute": 14,
            "second": 13,
            "nano": 362000000
          }
        },
        "offset": {
          "totalSeconds": 0
        },
        "zone": {
          "totalSeconds": 0
        }
      },
      "duration": "00h:00m:00s",
      "statusEnum": "FAILED",
      "status": "FAILED",
      "bug": {
        "message": "NullPointerException: replacement",
        "stackTrace": "java.lang.NullPointerException: replacement\r\n\tat java.util.regex.Matcher.replaceFirst(Unknown Source)\r\n\tat java.lang.String.replaceFirst(Unknown Source)\r\n\tat com.lpl.qe.legacy.portfolioaccountingfeebilling.householdinggrouputility.web.cucumber.pages.Common.getFormattedLocator(Common.java:1499)\r\n\tat com.lpl.qe.legacy.portfolioaccountingfeebilling.householdinggrouputility.web.cucumber.pages.Navigation.isTabNameVisibleOnPage(Navigation.java:280)\r\n\tat com.lpl.qe.legacy.portfolioaccountingfeebilling.householdinggrouputility.web.cucumber.pages.Navigation.navigateToPage(Navigation.java:211)\r\n\tat com.lpl.qe.legacy.portfolioaccountingfeebilling.householdinggrouputility.web.cucumber.steps.NewHouseholdStepDef.inavigatetopage(NewHouseholdStepDef.java:113)\r\n\tat ?.I should navigate into Groups tab(file:///C:/ws/src/test/resources/features/householdinggrouputility/web/Dashboard%20Gatekeeper.feature:1271)\r\n"
      },
      "testClass": "io.cucumber.core.runner.PickleStepTestStep",
      "test": "Validation of values for Cash Accounts Columns",
      "parameters": [],
      "suite": "Sanity Test Cases for QA Pull",
      "logOutput": [],
      "resourceMetaDataList": [],
      "userInterfaces": [],
      "webservices": []
    },
    {
      "id": "I enter Groupname_1645182853363_1",
      "testMethodId": "I enter Groupname_1645182853363_1",
      "name": "I enter Groupname",
      "description": "When ",
      "configuration": false,
      "methodType": "Step",
      "startDateTime": {
        "dateTime": {
          "date": {
            "year": 2022,
            "month": 2,
            "day": 18
          },
          "time": {
            "hour": 11,
            "minute": 14,
            "second": 13,
            "nano": 363000000
          }
        },
        "offset": {
          "totalSeconds": 0
        },
        "zone": {
          "totalSeconds": 0
        }
      },
      "endDateTime": {
        "dateTime": {
          "date": {
            "year": 2022,
            "month": 2,
            "day": 18
          },
          "time": {
            "hour": 11,
            "minute": 14,
            "second": 13,
            "nano": 363000000
          }
        },
        "offset": {
          "totalSeconds": 0
        },
        "zone": {
          "totalSeconds": 0
        }
      },
      "duration": "00h:00m:00s",
      "statusEnum": "SKIPPED",
      "status": "SKIPPED",
      "testClass": "io.cucumber.core.runner.PickleStepTestStep",
      "test": "Validation of values for Cash Accounts Columns",
      "parameters": [],
      "suite": "Sanity Test Cases for QA Pull",
      "logOutput": [],
      "resourceMetaDataList": [],
      "userInterfaces": [],
      "webservices": []
    },
    {
      "id": "I click on search button_1645182853363_1",
      "testMethodId": "I click on search button_1645182853363_1",
      "name": "I click on search button",
      "description": "Then ",
      "configuration": false,
      "methodType": "Step",
      "startDateTime": {
        "dateTime": {
          "date": {
            "year": 2022,
            "month": 2,
            "day": 18
          },
          "time": {
            "hour": 11,
            "minute": 14,
            "second": 13,
            "nano": 363000000
          }
        },
        "offset": {
          "totalSeconds": 0
        },
        "zone": {
          "totalSeconds": 0
        }
      },
      "endDateTime": {
        "dateTime": {
          "date": {
            "year": 2022,
            "month": 2,
            "day": 18
          },
          "time": {
            "hour": 11,
            "minute": 14,
            "second": 13,
            "nano": 364000000
          }
        },
        "offset": {
          "totalSeconds": 0
        },
        "zone": {
          "totalSeconds": 0
        }
      },
      "duration": "00h:00m:00s",
      "statusEnum": "SKIPPED",
      "status": "SKIPPED",
      "testClass": "io.cucumber.core.runner.PickleStepTestStep",
      "test": "Validation of values for Cash Accounts Columns",
      "parameters": [],
      "suite": "Sanity Test Cases for QA Pull",
      "logOutput": [],
      "resourceMetaDataList": [],
      "userInterfaces": [],
      "webservices": []
    },
    {
      "id": "I click on a hyperlinked Household Group name_1645182853365_1",
      "testMethodId": "I click on a hyperlinked Household Group name_1645182853365_1",
      "name": "I click on a hyperlinked Household Group name",
      "description": "When ",
      "configuration": false,
      "methodType": "Step",
      "startDateTime": {
        "dateTime": {
          "date": {
            "year": 2022,
            "month": 2,
            "day": 18
          },
          "time": {
            "hour": 11,
            "minute": 14,
            "second": 13,
            "nano": 365000000
          }
        },
        "offset": {
          "totalSeconds": 0
        },
        "zone": {
          "totalSeconds": 0
        }
      },
      "endDateTime": {
        "dateTime": {
          "date": {
            "year": 2022,
            "month": 2,
            "day": 18
          },
          "time": {
            "hour": 11,
            "minute": 14,
            "second": 13,
            "nano": 368000000
          }
        },
        "offset": {
          "totalSeconds": 0
        },
        "zone": {
          "totalSeconds": 0
        }
      },
      "duration": "00h:00m:00s",
      "statusEnum": "SKIPPED",
      "status": "SKIPPED",
      "testClass": "io.cucumber.core.runner.PickleStepTestStep",
      "test": "Validation of values for Cash Accounts Columns",
      "parameters": [],
      "suite": "Sanity Test Cases for QA Pull",
      "logOutput": [],
      "resourceMetaDataList": [],
      "userInterfaces": [],
      "webservices": []
    },
    {
      "id": "I should see household group Dashboard page_1645182853368_1",
      "testMethodId": "I should see household group Dashboard page_1645182853368_1",
      "name": "I should see household group Dashboard page",
      "description": "Then ",
      "configuration": false,
      "methodType": "Step",
      "startDateTime": {
        "dateTime": {
          "date": {
            "year": 2022,
            "month": 2,
            "day": 18
          },
          "time": {
            "hour": 11,
            "minute": 14,
            "second": 13,
            "nano": 368000000
          }
        },
        "offset": {
          "totalSeconds": 0
        },
        "zone": {
          "totalSeconds": 0
        }
      },
      "endDateTime": {
        "dateTime": {
          "date": {
            "year": 2022,
            "month": 2,
            "day": 18
          },
          "time": {
            "hour": 11,
            "minute": 14,
            "second": 13,
            "nano": 368000000
          }
        },
        "offset": {
          "totalSeconds": 0
        },
        "zone": {
          "totalSeconds": 0
        }
      },
      "duration": "00h:00m:00s",
      "statusEnum": "SKIPPED",
      "status": "SKIPPED",
      "testClass": "io.cucumber.core.runner.PickleStepTestStep",
      "test": "Validation of values for Cash Accounts Columns",
      "parameters": [],
      "suite": "Sanity Test Cases for QA Pull",
      "logOutput": [],
      "resourceMetaDataList": [],
      "userInterfaces": [],
      "webservices": []
    },
    {
      "id": "I see Balances and Investments section_1645182853369_1",
      "testMethodId": "I see Balances and Investments section_1645182853369_1",
      "name": "I see Balances and Investments section",
      "description": "When ",
      "configuration": false,
      "methodType": "Step",
      "startDateTime": {
        "dateTime": {
          "date": {
            "year": 2022,
            "month": 2,
            "day": 18
          },
          "time": {
            "hour": 11,
            "minute": 14,
            "second": 13,
            "nano": 369000000
          }
        },
        "offset": {
          "totalSeconds": 0
        },
        "zone": {
          "totalSeconds": 0
        }
      },
      "endDateTime": {
        "dateTime": {
          "date": {
            "year": 2022,
            "month": 2,
            "day": 18
          },
          "time": {
            "hour": 11,
            "minute": 14,
            "second": 13,
            "nano": 369000000
          }
        },
        "offset": {
          "totalSeconds": 0
        },
        "zone": {
          "totalSeconds": 0
        }
      },
      "duration": "00h:00m:00s",
      "statusEnum": "SKIPPED",
      "status": "SKIPPED",
      "testClass": "io.cucumber.core.runner.PickleStepTestStep",
      "test": "Validation of values for Cash Accounts Columns",
      "parameters": [],
      "suite": "Sanity Test Cases for QA Pull",
      "logOutput": [],
      "resourceMetaDataList": [],
      "userInterfaces": [],
      "webservices": []
    },
    {
      "id": "I click on Show Full details Link_1645182853370_1",
      "testMethodId": "I click on Show Full details Link_1645182853370_1",
      "name": "I click on Show Full details Link",
      "description": "Then ",
      "configuration": false,
      "methodType": "Step",
      "startDateTime": {
        "dateTime": {
          "date": {
            "year": 2022,
            "month": 2,
            "day": 18
          },
          "time": {
            "hour": 11,
            "minute": 14,
            "second": 13,
            "nano": 370000000
          }
        },
        "offset": {
          "totalSeconds": 0
        },
        "zone": {
          "totalSeconds": 0
        }
      },
      "endDateTime": {
        "dateTime": {
          "date": {
            "year": 2022,
            "month": 2,
            "day": 18
          },
          "time": {
            "hour": 11,
            "minute": 14,
            "second": 13,
            "nano": 370000000
          }
        },
        "offset": {
          "totalSeconds": 0
        },
        "zone": {
          "totalSeconds": 0
        }
      },
      "duration": "00h:00m:00s",
      "statusEnum": "SKIPPED",
      "status": "SKIPPED",
      "testClass": "io.cucumber.core.runner.PickleStepTestStep",
      "test": "Validation of values for Cash Accounts Columns",
      "parameters": [],
      "suite": "Sanity Test Cases for QA Pull",
      "logOutput": [],
      "resourceMetaDataList": [],
      "userInterfaces": [],
      "webservices": []
    },
    {
      "id": "I should verify the Cash Accounts details Household accounts fields_1645182853371_1",
      "testMethodId": "I should verify the Cash Accounts details Household accounts fields_1645182853371_1",
      "name": "I should verify the Cash Accounts details Household accounts fields",
      "description": "And ",
      "configuration": false,
      "methodType": "Step",
      "startDateTime": {
        "dateTime": {
          "date": {
            "year": 2022,
            "month": 2,
            "day": 18
          },
          "time": {
            "hour": 11,
            "minute": 14,
            "second": 13,
            "nano": 371000000
          }
        },
        "offset": {
          "totalSeconds": 0
        },
        "zone": {
          "totalSeconds": 0
        }
      },
      "endDateTime": {
        "dateTime": {
          "date": {
            "year": 2022,
            "month": 2,
            "day": 18
          },
          "time": {
            "hour": 11,
            "minute": 14,
            "second": 13,
            "nano": 371000000
          }
        },
        "offset": {
          "totalSeconds": 0
        },
        "zone": {
          "totalSeconds": 0
        }
      },
      "duration": "00h:00m:00s",
      "statusEnum": "SKIPPED",
      "status": "SKIPPED",
      "testClass": "io.cucumber.core.runner.PickleStepTestStep",
      "test": "Validation of values for Cash Accounts Columns",
      "parameters": [],
      "suite": "Sanity Test Cases for QA Pull",
      "logOutput": [],
      "resourceMetaDataList": [],
      "userInterfaces": [],
      "webservices": []
    },
    {
      "id": "AFTERHook_1645182853380_1",
      "testMethodId": "AFTERHook_1645182853380_1",
      "name": "AFTERHook",
      "configuration": true,
      "methodType": "TestMethod",
      "startDateTime": {
        "dateTime": {
          "date": {
            "year": 2022,
            "month": 2,
            "day": 18
          },
          "time": {
            "hour": 11,
            "minute": 14,
            "second": 13,
            "nano": 380000000
          }
        },
        "offset": {
          "totalSeconds": 0
        },
        "zone": {
          "totalSeconds": 0
        }
      },
      "endDateTime": {
        "dateTime": {
          "date": {
            "year": 2022,
            "month": 2,
            "day": 18
          },
          "time": {
            "hour": 11,
            "minute": 14,
            "second": 13,
            "nano": 381000000
          }
        },
        "offset": {
          "totalSeconds": 0
        },
        "zone": {
          "totalSeconds": 0
        }
      },
      "duration": "00h:00m:00s",
      "statusEnum": "PASSED",
      "status": "PASSED",
      "testClass": "io.cucumber.core.runner.HookTestStep",
      "test": "Validation of values for Cash Accounts Columns",
      "parameters": [],
      "suite": "Sanity Test Cases for QA Pull",
      "logOutput": [],
      "resourceMetaDataList": [],
      "userInterfaces": [],
      "webservices": []
    }
  ],
  "bugListMap": {
    "NullPointerException: replacement": [
      {
        "id": "I should navigate into Groups tab_1645182853361_1",
        "testMethodId": "I should navigate into Groups tab_1645182853361_1",
        "name": "I should navigate into Groups tab",
        "description": "And ",
        "configuration": false,
        "methodType": "Step",
        "startDateTime": {
          "dateTime": {
            "date": {
              "year": 2022,
              "month": 2,
              "day": 18
            },
            "time": {
              "hour": 11,
              "minute": 14,
              "second": 13,
              "nano": 361000000
            }
          },
          "offset": {
            "totalSeconds": 0
          },
          "zone": {
            "totalSeconds": 0
          }
        },
        "endDateTime": {
          "dateTime": {
            "date": {
              "year": 2022,
              "month": 2,
              "day": 18
            },
            "time": {
              "hour": 11,
              "minute": 14,
              "second": 13,
              "nano": 362000000
            }
          },
          "offset": {
            "totalSeconds": 0
          },
          "zone": {
            "totalSeconds": 0
          }
        },
        "duration": "00h:00m:00s",
        "statusEnum": "FAILED",
        "status": "FAILED",
        "bug": {
          "message": "NullPointerException: replacement",
          "stackTrace": "java.lang.NullPointerException: replacement\r\n\tat java.util.regex.Matcher.replaceFirst(Unknown Source)\r\n\tat java.lang.String.replaceFirst(Unknown Source)\r\n\tat com.lpl.qe.legacy.portfolioaccountingfeebilling.householdinggrouputility.web.cucumber.pages.Common.getFormattedLocator(Common.java:1499)\r\n\tat com.lpl.qe.legacy.portfolioaccountingfeebilling.householdinggrouputility.web.cucumber.pages.Navigation.isTabNameVisibleOnPage(Navigation.java:280)\r\n\tat com.lpl.qe.legacy.portfolioaccountingfeebilling.householdinggrouputility.web.cucumber.pages.Navigation.navigateToPage(Navigation.java:211)\r\n\tat com.lpl.qe.legacy.portfolioaccountingfeebilling.householdinggrouputility.web.cucumber.steps.NewHouseholdStepDef.inavigatetopage(NewHouseholdStepDef.java:113)\r\n\tat ?.I should navigate into Groups tab(file:///C:/ws/src/test/resources/features/householdinggrouputility/web/Dashboard%20Gatekeeper.feature:1271)\r\n"
        },
        "testClass": "io.cucumber.core.runner.PickleStepTestStep",
        "test": "Validation of values for Cash Accounts Columns",
        "parameters": [],
        "suite": "Sanity Test Cases for QA Pull",
        "logOutput": [],
        "resourceMetaDataList": [],
        "userInterfaces": [],
        "webservices": []
      },
      {
        "id": "I should navigate into Groups tab_1645182853361_1",
        "testMethodId": "I should navigate into Groups tab_1645182853361_1",
        "name": "I should navigate into Groups tab",
        "description": "And ",
        "configuration": false,
        "methodType": "Step",
        "startDateTime": {
          "dateTime": {
            "date": {
              "year": 2022,
              "month": 2,
              "day": 18
            },
            "time": {
              "hour": 11,
              "minute": 14,
              "second": 13,
              "nano": 361000000
            }
          },
          "offset": {
            "totalSeconds": 0
          },
          "zone": {
            "totalSeconds": 0
          }
        },
        "endDateTime": {
          "dateTime": {
            "date": {
              "year": 2022,
              "month": 2,
              "day": 18
            },
            "time": {
              "hour": 11,
              "minute": 14,
              "second": 13,
              "nano": 362000000
            }
          },
          "offset": {
            "totalSeconds": 0
          },
          "zone": {
            "totalSeconds": 0
          }
        },
        "duration": "00h:00m:00s",
        "statusEnum": "FAILED",
        "status": "FAILED",
        "bug": {
          "message": "NullPointerException: replacement",
          "stackTrace": "java.lang.NullPointerException: replacement\r\n\tat java.util.regex.Matcher.replaceFirst(Unknown Source)\r\n\tat java.lang.String.replaceFirst(Unknown Source)\r\n\tat com.lpl.qe.legacy.portfolioaccountingfeebilling.householdinggrouputility.web.cucumber.pages.Common.getFormattedLocator(Common.java:1499)\r\n\tat com.lpl.qe.legacy.portfolioaccountingfeebilling.householdinggrouputility.web.cucumber.pages.Navigation.isTabNameVisibleOnPage(Navigation.java:280)\r\n\tat com.lpl.qe.legacy.portfolioaccountingfeebilling.householdinggrouputility.web.cucumber.pages.Navigation.navigateToPage(Navigation.java:211)\r\n\tat com.lpl.qe.legacy.portfolioaccountingfeebilling.householdinggrouputility.web.cucumber.steps.NewHouseholdStepDef.inavigatetopage(NewHouseholdStepDef.java:113)\r\n\tat ?.I should navigate into Groups tab(file:///C:/ws/src/test/resources/features/householdinggrouputility/web/Dashboard%20Gatekeeper.feature:1271)\r\n"
        },
        "testClass": "io.cucumber.core.runner.PickleStepTestStep",
        "test": "Validation of values for Cash Accounts Columns",
        "parameters": [],
        "suite": "Sanity Test Cases for QA Pull",
        "logOutput": [],
        "resourceMetaDataList": [],
        "userInterfaces": [],
        "webservices": []
      }
    ]
  }
}