{
  "about": {
    "projectName": "Demo-BlackbirdDemo",
    "team": "QE",
    "releaseVersion": "1.0",
    "executionOS": "Windows 10 10.0",
    "environment": "QA",
    "userName": "vparthas"
  },
  "name": "run_1645519486209",
  "startDateTime": {
    "dateTime": {
      "date": {
        "year": 2022,
        "month": 2,
        "day": 22
      },
      "time": {
        "hour": 8,
        "minute": 44,
        "second": 46,
        "nano": 951000000
      }
    },
    "offset": {
      "totalSeconds": 0
    },
    "zone": {
      "totalSeconds": 0
    }
  },
  "endDateTime": {
    "dateTime": {
      "date": {
        "year": 2022,
        "month": 2,
        "day": 22
      },
      "time": {
        "hour": 8,
        "minute": 46,
        "second": 40,
        "nano": 461000000
      }
    },
    "offset": {
      "totalSeconds": 0
    },
    "zone": {
      "totalSeconds": 0
    }
  },
  "duration": "00h:01m:53s",
  "statusEnum": "FAILED",
  "status": "FAILED",
  "testSuites": [
    {
      "name": "Default suite",
      "startDateTime": {
        "dateTime": {
          "date": {
            "year": 2022,
            "month": 2,
            "day": 22
          },
          "time": {
            "hour": 8,
            "minute": 44,
            "second": 47,
            "nano": 337000000
          }
        },
        "offset": {
          "totalSeconds": 0
        },
        "zone": {
          "totalSeconds": 0
        }
      },
      "endDateTime": {
        "dateTime": {
          "date": {
            "year": 2022,
            "month": 2,
            "day": 22
          },
          "time": {
            "hour": 8,
            "minute": 46,
            "second": 38,
            "nano": 837000000
          }
        },
        "offset": {
          "totalSeconds": 0
        },
        "zone": {
          "totalSeconds": 0
        }
      },
      "duration": "00h:01m:51s",
      "statusEnum": "PASSED",
      "status": "PASSED",
      "tests": []
    },
    {
      "name": "Gatekeeper Test Cases",
      "startDateTime": {
        "dateTime": {
          "date": {
            "year": 2022,
            "month": 2,
            "day": 22
          },
          "time": {
            "hour": 8,
            "minute": 46,
            "second": 38,
            "nano": 838000000
          }
        },
        "offset": {
          "totalSeconds": 0
        },
        "zone": {
          "totalSeconds": 0
        }
      },
      "endDateTime": {
        "dateTime": {
          "date": {
            "year": 2022,
            "month": 2,
            "day": 22
          },
          "time": {
            "hour": 8,
            "minute": 46,
            "second": 38,
            "nano": 925000000
          }
        },
        "offset": {
          "totalSeconds": 0
        },
        "zone": {
          "totalSeconds": 0
        }
      },
      "duration": "00h:00m:00s",
      "statusEnum": "PASSED",
      "status": "PASSED",
      "tests": []
    },
    {
      "name": "Sanity Test Cases for AXA",
      "startDateTime": {
        "dateTime": {
          "date": {
            "year": 2022,
            "month": 2,
            "day": 22
          },
          "time": {
            "hour": 8,
            "minute": 46,
            "second": 38,
            "nano": 926000000
          }
        },
        "offset": {
          "totalSeconds": 0
        },
        "zone": {
          "totalSeconds": 0
        }
      },
      "endDateTime": {
        "dateTime": {
          "date": {
            "year": 2022,
            "month": 2,
            "day": 22
          },
          "time": {
            "hour": 8,
            "minute": 46,
            "second": 38,
            "nano": 936000000
          }
        },
        "offset": {
          "totalSeconds": 0
        },
        "zone": {
          "totalSeconds": 0
        }
      },
      "duration": "00h:00m:00s",
      "statusEnum": "PASSED",
      "status": "PASSED",
      "tests": []
    },
    {
      "name": "Dashboard Gatekeeper Test Cases",
      "startDateTime": {
        "dateTime": {
          "date": {
            "year": 2022,
            "month": 2,
            "day": 22
          },
          "time": {
            "hour": 8,
            "minute": 46,
            "second": 38,
            "nano": 936000000
          }
        },
        "offset": {
          "totalSeconds": 0
        },
        "zone": {
          "totalSeconds": 0
        }
      },
      "endDateTime": {
        "dateTime": {
          "date": {
            "year": 2022,
            "month": 2,
            "day": 22
          },
          "time": {
            "hour": 8,
            "minute": 46,
            "second": 39,
            "nano": 22000000
          }
        },
        "offset": {
          "totalSeconds": 0
        },
        "zone": {
          "totalSeconds": 0
        }
      },
      "duration": "00h:00m:00s",
      "statusEnum": "PASSED",
      "status": "PASSED",
      "tests": []
    },
    {
      "name": "Gatekeeper Test Cases",
      "startDateTime": {
        "dateTime": {
          "date": {
            "year": 2022,
            "month": 2,
            "day": 22
          },
          "time": {
            "hour": 8,
            "minute": 46,
            "second": 39,
            "nano": 22000000
          }
        },
        "offset": {
          "totalSeconds": 0
        },
        "zone": {
          "totalSeconds": 0
        }
      },
      "endDateTime": {
        "dateTime": {
          "date": {
            "year": 2022,
            "month": 2,
            "day": 22
          },
          "time": {
            "hour": 8,
            "minute": 46,
            "second": 39,
            "nano": 41000000
          }
        },
        "offset": {
          "totalSeconds": 0
        },
        "zone": {
          "totalSeconds": 0
        }
      },
      "duration": "00h:00m:00s",
      "statusEnum": "PASSED",
      "status": "PASSED",
      "tests": []
    },
    {
      "name": "User Story Test Cases for CAG Application",
      "startDateTime": {
        "dateTime": {
          "date": {
            "year": 2022,
            "month": 2,
            "day": 22
          },
          "time": {
            "hour": 8,
            "minute": 46,
            "second": 39,
            "nano": 41000000
          }
        },
        "offset": {
          "totalSeconds": 0
        },
        "zone": {
          "totalSeconds": 0
        }
      },
      "endDateTime": {
        "dateTime": {
          "date": {
            "year": 2022,
            "month": 2,
            "day": 22
          },
          "time": {
            "hour": 8,
            "minute": 46,
            "second": 39,
            "nano": 62000000
          }
        },
        "offset": {
          "totalSeconds": 0
        },
        "zone": {
          "totalSeconds": 0
        }
      },
      "duration": "00h:00m:00s",
      "statusEnum": "PASSED",
      "status": "PASSED",
      "tests": []
    },
    {
      "name": "Sanity Test Cases for QA Pull",
      "startDateTime": {
        "dateTime": {
          "date": {
            "year": 2022,
            "month": 2,
            "day": 22
          },
          "time": {
            "hour": 8,
            "minute": 46,
            "second": 39,
            "nano": 62000000
          }
        },
        "offset": {
          "totalSeconds": 0
        },
        "zone": {
          "totalSeconds": 0
        }
      },
      "endDateTime": {
        "dateTime": {
          "date": {
            "year": 2022,
            "month": 2,
            "day": 22
          },
          "time": {
            "hour": 8,
            "minute": 46,
            "second": 39,
            "nano": 298000000
          }
        },
        "offset": {
          "totalSeconds": 0
        },
        "zone": {
          "totalSeconds": 0
        }
      },
      "duration": "00h:00m:00s",
      "statusEnum": "FAILED",
      "status": "FAILED",
      "tests": [
        {
          "name": "Edit combinedStatement Page Navigation Validation",
          "startDateTime": {
            "dateTime": {
              "date": {
                "year": 2022,
                "month": 2,
                "day": 22
              },
              "time": {
                "hour": 8,
                "minute": 46,
                "second": 39,
                "nano": 151000000
              }
            },
            "offset": {
              "totalSeconds": 0
            },
            "zone": {
              "totalSeconds": 0
            }
          },
          "endDateTime": {
            "dateTime": {
              "date": {
                "year": 2022,
                "month": 2,
                "day": 22
              },
              "time": {
                "hour": 8,
                "minute": 46,
                "second": 39,
                "nano": 178000000
              }
            },
            "offset": {
              "totalSeconds": 0
            },
            "zone": {
              "totalSeconds": 0
            }
          },
          "duration": "00h:00m:00s",
          "statusEnum": "FAILED",
          "status": "FAILED",
          "testMethods": [
            {
              "id": "BEFOREHook_1645519599153_1",
              "testMethodId": "BEFOREHook_1645519599153_1",
              "name": "BEFOREHook",
              "configuration": true,
              "methodType": "TestMethod",
              "startDateTime": {
                "dateTime": {
                  "date": {
                    "year": 2022,
                    "month": 2,
                    "day": 22
                  },
                  "time": {
                    "hour": 8,
                    "minute": 46,
                    "second": 39,
                    "nano": 153000000
                  }
                },
                "offset": {
                  "totalSeconds": 0
                },
                "zone": {
                  "totalSeconds": 0
                }
              },
              "endDateTime": {
                "dateTime": {
                  "date": {
                    "year": 2022,
                    "month": 2,
                    "day": 22
                  },
                  "time": {
                    "hour": 8,
                    "minute": 46,
                    "second": 39,
                    "nano": 161000000
                  }
                },
                "offset": {
                  "totalSeconds": 0
                },
                "zone": {
                  "totalSeconds": 0
                }
              },
              "duration": "00h:00m:00s",
              "statusEnum": "PASSED",
              "status": "PASSED",
              "testClass": "io.cucumber.core.runner.HookTestStep",
              "test": "Edit combinedStatement Page Navigation Validation",
              "parameters": [],
              "suite": "Sanity Test Cases for QA Pull",
              "logOutput": [],
              "resourceMetaDataList": [],
              "userInterfaces": [],
              "webservices": []
            },
            {
              "id": "I login into ClientWorks application_1645519599163_1",
              "testMethodId": "I login into ClientWorks application_1645519599163_1",
              "name": "I login into ClientWorks application",
              "description": "Given ",
              "configuration": false,
              "methodType": "Step",
              "startDateTime": {
                "dateTime": {
                  "date": {
                    "year": 2022,
                    "month": 2,
                    "day": 22
                  },
                  "time": {
                    "hour": 8,
                    "minute": 46,
                    "second": 39,
                    "nano": 163000000
                  }
                },
                "offset": {
                  "totalSeconds": 0
                },
                "zone": {
                  "totalSeconds": 0
                }
              },
              "endDateTime": {
                "dateTime": {
                  "date": {
                    "year": 2022,
                    "month": 2,
                    "day": 22
                  },
                  "time": {
                    "hour": 8,
                    "minute": 46,
                    "second": 39,
                    "nano": 164000000
                  }
                },
                "offset": {
                  "totalSeconds": 0
                },
                "zone": {
                  "totalSeconds": 0
                }
              },
              "duration": "00h:00m:00s",
              "statusEnum": "PASSED",
              "status": "PASSED",
              "testClass": "io.cucumber.core.runner.PickleStepTestStep",
              "test": "Edit combinedStatement Page Navigation Validation",
              "parameters": [],
              "suite": "Sanity Test Cases for QA Pull",
              "logOutput": [],
              "resourceMetaDataList": [],
              "userInterfaces": [],
              "webservices": []
            },
            {
              "id": "I should view Client Management Page is displayed_1645519599164_1",
              "testMethodId": "I should view Client Management Page is displayed_1645519599164_1",
              "name": "I should view Client Management Page is displayed",
              "description": "Then ",
              "configuration": false,
              "methodType": "Step",
              "startDateTime": {
                "dateTime": {
                  "date": {
                    "year": 2022,
                    "month": 2,
                    "day": 22
                  },
                  "time": {
                    "hour": 8,
                    "minute": 46,
                    "second": 39,
                    "nano": 164000000
                  }
                },
                "offset": {
                  "totalSeconds": 0
                },
                "zone": {
                  "totalSeconds": 0
                }
              },
              "endDateTime": {
                "dateTime": {
                  "date": {
                    "year": 2022,
                    "month": 2,
                    "day": 22
                  },
                  "time": {
                    "hour": 8,
                    "minute": 46,
                    "second": 39,
                    "nano": 164000000
                  }
                },
                "offset": {
                  "totalSeconds": 0
                },
                "zone": {
                  "totalSeconds": 0
                }
              },
              "duration": "00h:00m:00s",
              "statusEnum": "PASSED",
              "status": "PASSED",
              "testClass": "io.cucumber.core.runner.PickleStepTestStep",
              "test": "Edit combinedStatement Page Navigation Validation",
              "parameters": [],
              "suite": "Sanity Test Cases for QA Pull",
              "logOutput": [],
              "resourceMetaDataList": [],
              "userInterfaces": [],
              "webservices": []
            },
            {
              "id": "I should navigate into Groups tab_1645519599165_1",
              "testMethodId": "I should navigate into Groups tab_1645519599165_1",
              "name": "I should navigate into Groups tab",
              "description": "And ",
              "configuration": false,
              "methodType": "Step",
              "startDateTime": {
                "dateTime": {
                  "date": {
                    "year": 2022,
                    "month": 2,
                    "day": 22
                  },
                  "time": {
                    "hour": 8,
                    "minute": 46,
                    "second": 39,
                    "nano": 165000000
                  }
                },
                "offset": {
                  "totalSeconds": 0
                },
                "zone": {
                  "totalSeconds": 0
                }
              },
              "endDateTime": {
                "dateTime": {
                  "date": {
                    "year": 2022,
                    "month": 2,
                    "day": 22
                  },
                  "time": {
                    "hour": 8,
                    "minute": 46,
                    "second": 39,
                    "nano": 165000000
                  }
                },
                "offset": {
                  "totalSeconds": 0
                },
                "zone": {
                  "totalSeconds": 0
                }
              },
              "duration": "00h:00m:00s",
              "statusEnum": "PASSED",
              "status": "PASSED",
              "testClass": "io.cucumber.core.runner.PickleStepTestStep",
              "test": "Edit combinedStatement Page Navigation Validation",
              "parameters": [],
              "suite": "Sanity Test Cases for QA Pull",
              "logOutput": [],
              "resourceMetaDataList": [],
              "userInterfaces": [],
              "webservices": []
            },
            {
              "id": "I enter Groupname_1645519599166_1",
              "testMethodId": "I enter Groupname_1645519599166_1",
              "name": "I enter Groupname",
              "description": "When ",
              "configuration": false,
              "methodType": "Step",
              "startDateTime": {
                "dateTime": {
                  "date": {
                    "year": 2022,
                    "month": 2,
                    "day": 22
                  },
                  "time": {
                    "hour": 8,
                    "minute": 46,
                    "second": 39,
                    "nano": 166000000
                  }
                },
                "offset": {
                  "totalSeconds": 0
                },
                "zone": {
                  "totalSeconds": 0
                }
              },
              "endDateTime": {
                "dateTime": {
                  "date": {
                    "year": 2022,
                    "month": 2,
                    "day": 22
                  },
                  "time": {
                    "hour": 8,
                    "minute": 46,
                    "second": 39,
                    "nano": 166000000
                  }
                },
                "offset": {
                  "totalSeconds": 0
                },
                "zone": {
                  "totalSeconds": 0
                }
              },
              "duration": "00h:00m:00s",
              "statusEnum": "PASSED",
              "status": "PASSED",
              "testClass": "io.cucumber.core.runner.PickleStepTestStep",
              "test": "Edit combinedStatement Page Navigation Validation",
              "parameters": [],
              "suite": "Sanity Test Cases for QA Pull",
              "logOutput": [],
              "resourceMetaDataList": [],
              "userInterfaces": [],
              "webservices": []
            },
            {
              "id": "I click on search button_1645519599166_1",
              "testMethodId": "I click on search button_1645519599166_1",
              "name": "I click on search button",
              "description": "Then ",
              "configuration": false,
              "methodType": "Step",
              "startDateTime": {
                "dateTime": {
                  "date": {
                    "year": 2022,
                    "month": 2,
                    "day": 22
                  },
                  "time": {
                    "hour": 8,
                    "minute": 46,
                    "second": 39,
                    "nano": 166000000
                  }
                },
                "offset": {
                  "totalSeconds": 0
                },
                "zone": {
                  "totalSeconds": 0
                }
              },
              "endDateTime": {
                "dateTime": {
                  "date": {
                    "year": 2022,
                    "month": 2,
                    "day": 22
                  },
                  "time": {
                    "hour": 8,
                    "minute": 46,
                    "second": 39,
                    "nano": 166000000
                  }
                },
                "offset": {
                  "totalSeconds": 0
                },
                "zone": {
                  "totalSeconds": 0
                }
              },
              "duration": "00h:00m:00s",
              "statusEnum": "PASSED",
              "status": "PASSED",
              "testClass": "io.cucumber.core.runner.PickleStepTestStep",
              "test": "Edit combinedStatement Page Navigation Validation",
              "parameters": [],
              "suite": "Sanity Test Cases for QA Pull",
              "logOutput": [],
              "resourceMetaDataList": [],
              "userInterfaces": [],
              "webservices": []
            },
            {
              "id": "I click on a hyperlinked Household Group name_1645519599167_1",
              "testMethodId": "I click on a hyperlinked Household Group name_1645519599167_1",
              "name": "I click on a hyperlinked Household Group name",
              "description": "When ",
              "configuration": false,
              "methodType": "Step",
              "startDateTime": {
                "dateTime": {
                  "date": {
                    "year": 2022,
                    "month": 2,
                    "day": 22
                  },
                  "time": {
                    "hour": 8,
                    "minute": 46,
                    "second": 39,
                    "nano": 167000000
                  }
                },
                "offset": {
                  "totalSeconds": 0
                },
                "zone": {
                  "totalSeconds": 0
                }
              },
              "endDateTime": {
                "dateTime": {
                  "date": {
                    "year": 2022,
                    "month": 2,
                    "day": 22
                  },
                  "time": {
                    "hour": 8,
                    "minute": 46,
                    "second": 39,
                    "nano": 168000000
                  }
                },
                "offset": {
                  "totalSeconds": 0
                },
                "zone": {
                  "totalSeconds": 0
                }
              },
              "duration": "00h:00m:00s",
              "statusEnum": "PASSED",
              "status": "PASSED",
              "testClass": "io.cucumber.core.runner.PickleStepTestStep",
              "test": "Edit combinedStatement Page Navigation Validation",
              "parameters": [],
              "suite": "Sanity Test Cases for QA Pull",
              "logOutput": [],
              "resourceMetaDataList": [],
              "userInterfaces": [],
              "webservices": []
            },
            {
              "id": "I should see household group Dashboard page_1645519599168_1",
              "testMethodId": "I should see household group Dashboard page_1645519599168_1",
              "name": "I should see household group Dashboard page",
              "description": "Then ",
              "configuration": false,
              "methodType": "Step",
              "startDateTime": {
                "dateTime": {
                  "date": {
                    "year": 2022,
                    "month": 2,
                    "day": 22
                  },
                  "time": {
                    "hour": 8,
                    "minute": 46,
                    "second": 39,
                    "nano": 168000000
                  }
                },
                "offset": {
                  "totalSeconds": 0
                },
                "zone": {
                  "totalSeconds": 0
                }
              },
              "endDateTime": {
                "dateTime": {
                  "date": {
                    "year": 2022,
                    "month": 2,
                    "day": 22
                  },
                  "time": {
                    "hour": 8,
                    "minute": 46,
                    "second": 39,
                    "nano": 168000000
                  }
                },
                "offset": {
                  "totalSeconds": 0
                },
                "zone": {
                  "totalSeconds": 0
                }
              },
              "duration": "00h:00m:00s",
              "statusEnum": "PASSED",
              "status": "PASSED",
              "testClass": "io.cucumber.core.runner.PickleStepTestStep",
              "test": "Edit combinedStatement Page Navigation Validation",
              "parameters": [],
              "suite": "Sanity Test Cases for QA Pull",
              "logOutput": [],
              "resourceMetaDataList": [],
              "userInterfaces": [],
              "webservices": []
            },
            {
              "id": "I click on Edit combined statement Button_1645519599169_1",
              "testMethodId": "I click on Edit combined statement Button_1645519599169_1",
              "name": "I click on Edit combined statement Button",
              "description": "When ",
              "configuration": false,
              "methodType": "Step",
              "startDateTime": {
                "dateTime": {
                  "date": {
                    "year": 2022,
                    "month": 2,
                    "day": 22
                  },
                  "time": {
                    "hour": 8,
                    "minute": 46,
                    "second": 39,
                    "nano": 169000000
                  }
                },
                "offset": {
                  "totalSeconds": 0
                },
                "zone": {
                  "totalSeconds": 0
                }
              },
              "endDateTime": {
                "dateTime": {
                  "date": {
                    "year": 2022,
                    "month": 2,
                    "day": 22
                  },
                  "time": {
                    "hour": 8,
                    "minute": 46,
                    "second": 39,
                    "nano": 171000000
                  }
                },
                "offset": {
                  "totalSeconds": 0
                },
                "zone": {
                  "totalSeconds": 0
                }
              },
              "duration": "00h:00m:00s",
              "statusEnum": "FAILED",
              "status": "FAILED",
              "bug": {
                "message": "AssertionError: User retrieves the webelement for  Edit combined statement Button is clicked element expected [true] but found [false]",
                "stackTrace": "java.lang.AssertionError: User retrieves the webelement for  Edit combined statement Button is clicked element expected [true] but found [false]\r\n\tat org.testng.Assert.fail(Assert.java:99)\r\n\tat org.testng.Assert.failNotEquals(Assert.java:1037)\r\n\tat org.testng.Assert.assertTrue(Assert.java:45)\r\n\tat LPLCoreDriver.LPLCoreReporter.writeStepToReporter(LPLCoreReporter.java:443)\r\n\tat com.lpl.qe.legacy.portfolioaccountingfeebilling.householdinggrouputility.web.cucumber.pages.Common.writeStepToReporter(Common.java:1535)\r\n\tat com.lpl.qe.legacy.portfolioaccountingfeebilling.householdinggrouputility.web.cucumber.pages.Common.getWebElement(Common.java:1166)\r\n\tat com.lpl.qe.legacy.portfolioaccountingfeebilling.householdinggrouputility.web.cucumber.pages.Common.isElementPresentUsingXpath(Common.java:667)\r\n\tat com.lpl.qe.legacy.portfolioaccountingfeebilling.householdinggrouputility.web.cucumber.pages.Common.clickElementUsingXpath(Common.java:449)\r\n\tat com.lpl.qe.legacy.portfolioaccountingfeebilling.householdinggrouputility.web.cucumber.pages.CombinedStatementCapabilityPage.clickEditCombinedStatementButton(CombinedStatementCapabilityPage.java:680)\r\n\tat com.lpl.qe.legacy.portfolioaccountingfeebilling.householdinggrouputility.web.cucumber.steps.NewHouseholdStepDef.iclickonEditcombinedstatementButton(NewHouseholdStepDef.java:996)\r\n\tat ?.I click on Edit combined statement Button(file:///C:/Householding-CAG/src/test/resources/features/householdinggrouputility/web/Dashboard%20Gatekeeper.feature:74)\r\n"
              },
              "testClass": "io.cucumber.core.runner.PickleStepTestStep",
              "test": "Edit combinedStatement Page Navigation Validation",
              "parameters": [],
              "suite": "Sanity Test Cases for QA Pull",
              "logOutput": [],
              "resourceMetaDataList": [],
              "userInterfaces": [],
              "webservices": []
            },
            {
              "id": "I should see Edit combined statement Page_1645519599171_1",
              "testMethodId": "I should see Edit combined statement Page_1645519599171_1",
              "name": "I should see Edit combined statement Page",
              "description": "Then ",
              "configuration": false,
              "methodType": "Step",
              "startDateTime": {
                "dateTime": {
                  "date": {
                    "year": 2022,
                    "month": 2,
                    "day": 22
                  },
                  "time": {
                    "hour": 8,
                    "minute": 46,
                    "second": 39,
                    "nano": 171000000
                  }
                },
                "offset": {
                  "totalSeconds": 0
                },
                "zone": {
                  "totalSeconds": 0
                }
              },
              "endDateTime": {
                "dateTime": {
                  "date": {
                    "year": 2022,
                    "month": 2,
                    "day": 22
                  },
                  "time": {
                    "hour": 8,
                    "minute": 46,
                    "second": 39,
                    "nano": 172000000
                  }
                },
                "offset": {
                  "totalSeconds": 0
                },
                "zone": {
                  "totalSeconds": 0
                }
              },
              "duration": "00h:00m:00s",
              "statusEnum": "SKIPPED",
              "status": "SKIPPED",
              "testClass": "io.cucumber.core.runner.PickleStepTestStep",
              "test": "Edit combinedStatement Page Navigation Validation",
              "parameters": [],
              "suite": "Sanity Test Cases for QA Pull",
              "logOutput": [],
              "resourceMetaDataList": [],
              "userInterfaces": [],
              "webservices": []
            },
            {
              "id": "AFTERHook_1645519599173_1",
              "testMethodId": "AFTERHook_1645519599173_1",
              "name": "AFTERHook",
              "configuration": true,
              "methodType": "TestMethod",
              "startDateTime": {
                "dateTime": {
                  "date": {
                    "year": 2022,
                    "month": 2,
                    "day": 22
                  },
                  "time": {
                    "hour": 8,
                    "minute": 46,
                    "second": 39,
                    "nano": 173000000
                  }
                },
                "offset": {
                  "totalSeconds": 0
                },
                "zone": {
                  "totalSeconds": 0
                }
              },
              "endDateTime": {
                "dateTime": {
                  "date": {
                    "year": 2022,
                    "month": 2,
                    "day": 22
                  },
                  "time": {
                    "hour": 8,
                    "minute": 46,
                    "second": 39,
                    "nano": 173000000
                  }
                },
                "offset": {
                  "totalSeconds": 0
                },
                "zone": {
                  "totalSeconds": 0
                }
              },
              "duration": "00h:00m:00s",
              "statusEnum": "PASSED",
              "status": "PASSED",
              "testClass": "io.cucumber.core.runner.HookTestStep",
              "test": "Edit combinedStatement Page Navigation Validation",
              "parameters": [],
              "suite": "Sanity Test Cases for QA Pull",
              "logOutput": [],
              "resourceMetaDataList": [],
              "userInterfaces": [],
              "webservices": []
            }
          ]
        }
      ]
    }
  ],
  "testMethodList": [
    {
      "id": "BEFOREHook_1645519599153_1",
      "testMethodId": "BEFOREHook_1645519599153_1",
      "name": "BEFOREHook",
      "configuration": true,
      "methodType": "TestMethod",
      "startDateTime": {
        "dateTime": {
          "date": {
            "year": 2022,
            "month": 2,
            "day": 22
          },
          "time": {
            "hour": 8,
            "minute": 46,
            "second": 39,
            "nano": 153000000
          }
        },
        "offset": {
          "totalSeconds": 0
        },
        "zone": {
          "totalSeconds": 0
        }
      },
      "endDateTime": {
        "dateTime": {
          "date": {
            "year": 2022,
            "month": 2,
            "day": 22
          },
          "time": {
            "hour": 8,
            "minute": 46,
            "second": 39,
            "nano": 161000000
          }
        },
        "offset": {
          "totalSeconds": 0
        },
        "zone": {
          "totalSeconds": 0
        }
      },
      "duration": "00h:00m:00s",
      "statusEnum": "PASSED",
      "status": "PASSED",
      "testClass": "io.cucumber.core.runner.HookTestStep",
      "test": "Edit combinedStatement Page Navigation Validation",
      "parameters": [],
      "suite": "Sanity Test Cases for QA Pull",
      "logOutput": [],
      "resourceMetaDataList": [],
      "userInterfaces": [],
      "webservices": []
    },
    {
      "id": "I login into ClientWorks application_1645519599163_1",
      "testMethodId": "I login into ClientWorks application_1645519599163_1",
      "name": "I login into ClientWorks application",
      "description": "Given ",
      "configuration": false,
      "methodType": "Step",
      "startDateTime": {
        "dateTime": {
          "date": {
            "year": 2022,
            "month": 2,
            "day": 22
          },
          "time": {
            "hour": 8,
            "minute": 46,
            "second": 39,
            "nano": 163000000
          }
        },
        "offset": {
          "totalSeconds": 0
        },
        "zone": {
          "totalSeconds": 0
        }
      },
      "endDateTime": {
        "dateTime": {
          "date": {
            "year": 2022,
            "month": 2,
            "day": 22
          },
          "time": {
            "hour": 8,
            "minute": 46,
            "second": 39,
            "nano": 164000000
          }
        },
        "offset": {
          "totalSeconds": 0
        },
        "zone": {
          "totalSeconds": 0
        }
      },
      "duration": "00h:00m:00s",
      "statusEnum": "PASSED",
      "status": "PASSED",
      "testClass": "io.cucumber.core.runner.PickleStepTestStep",
      "test": "Edit combinedStatement Page Navigation Validation",
      "parameters": [],
      "suite": "Sanity Test Cases for QA Pull",
      "logOutput": [],
      "resourceMetaDataList": [],
      "userInterfaces": [],
      "webservices": []
    },
    {
      "id": "I should view Client Management Page is displayed_1645519599164_1",
      "testMethodId": "I should view Client Management Page is displayed_1645519599164_1",
      "name": "I should view Client Management Page is displayed",
      "description": "Then ",
      "configuration": false,
      "methodType": "Step",
      "startDateTime": {
        "dateTime": {
          "date": {
            "year": 2022,
            "month": 2,
            "day": 22
          },
          "time": {
            "hour": 8,
            "minute": 46,
            "second": 39,
            "nano": 164000000
          }
        },
        "offset": {
          "totalSeconds": 0
        },
        "zone": {
          "totalSeconds": 0
        }
      },
      "endDateTime": {
        "dateTime": {
          "date": {
            "year": 2022,
            "month": 2,
            "day": 22
          },
          "time": {
            "hour": 8,
            "minute": 46,
            "second": 39,
            "nano": 164000000
          }
        },
        "offset": {
          "totalSeconds": 0
        },
        "zone": {
          "totalSeconds": 0
        }
      },
      "duration": "00h:00m:00s",
      "statusEnum": "PASSED",
      "status": "PASSED",
      "testClass": "io.cucumber.core.runner.PickleStepTestStep",
      "test": "Edit combinedStatement Page Navigation Validation",
      "parameters": [],
      "suite": "Sanity Test Cases for QA Pull",
      "logOutput": [],
      "resourceMetaDataList": [],
      "userInterfaces": [],
      "webservices": []
    },
    {
      "id": "I should navigate into Groups tab_1645519599165_1",
      "testMethodId": "I should navigate into Groups tab_1645519599165_1",
      "name": "I should navigate into Groups tab",
      "description": "And ",
      "configuration": false,
      "methodType": "Step",
      "startDateTime": {
        "dateTime": {
          "date": {
            "year": 2022,
            "month": 2,
            "day": 22
          },
          "time": {
            "hour": 8,
            "minute": 46,
            "second": 39,
            "nano": 165000000
          }
        },
        "offset": {
          "totalSeconds": 0
        },
        "zone": {
          "totalSeconds": 0
        }
      },
      "endDateTime": {
        "dateTime": {
          "date": {
            "year": 2022,
            "month": 2,
            "day": 22
          },
          "time": {
            "hour": 8,
            "minute": 46,
            "second": 39,
            "nano": 165000000
          }
        },
        "offset": {
          "totalSeconds": 0
        },
        "zone": {
          "totalSeconds": 0
        }
      },
      "duration": "00h:00m:00s",
      "statusEnum": "PASSED",
      "status": "PASSED",
      "testClass": "io.cucumber.core.runner.PickleStepTestStep",
      "test": "Edit combinedStatement Page Navigation Validation",
      "parameters": [],
      "suite": "Sanity Test Cases for QA Pull",
      "logOutput": [],
      "resourceMetaDataList": [],
      "userInterfaces": [],
      "webservices": []
    },
    {
      "id": "I enter Groupname_1645519599166_1",
      "testMethodId": "I enter Groupname_1645519599166_1",
      "name": "I enter Groupname",
      "description": "When ",
      "configuration": false,
      "methodType": "Step",
      "startDateTime": {
        "dateTime": {
          "date": {
            "year": 2022,
            "month": 2,
            "day": 22
          },
          "time": {
            "hour": 8,
            "minute": 46,
            "second": 39,
            "nano": 166000000
          }
        },
        "offset": {
          "totalSeconds": 0
        },
        "zone": {
          "totalSeconds": 0
        }
      },
      "endDateTime": {
        "dateTime": {
          "date": {
            "year": 2022,
            "month": 2,
            "day": 22
          },
          "time": {
            "hour": 8,
            "minute": 46,
            "second": 39,
            "nano": 166000000
          }
        },
        "offset": {
          "totalSeconds": 0
        },
        "zone": {
          "totalSeconds": 0
        }
      },
      "duration": "00h:00m:00s",
      "statusEnum": "PASSED",
      "status": "PASSED",
      "testClass": "io.cucumber.core.runner.PickleStepTestStep",
      "test": "Edit combinedStatement Page Navigation Validation",
      "parameters": [],
      "suite": "Sanity Test Cases for QA Pull",
      "logOutput": [],
      "resourceMetaDataList": [],
      "userInterfaces": [],
      "webservices": []
    },
    {
      "id": "I click on search button_1645519599166_1",
      "testMethodId": "I click on search button_1645519599166_1",
      "name": "I click on search button",
      "description": "Then ",
      "configuration": false,
      "methodType": "Step",
      "startDateTime": {
        "dateTime": {
          "date": {
            "year": 2022,
            "month": 2,
            "day": 22
          },
          "time": {
            "hour": 8,
            "minute": 46,
            "second": 39,
            "nano": 166000000
          }
        },
        "offset": {
          "totalSeconds": 0
        },
        "zone": {
          "totalSeconds": 0
        }
      },
      "endDateTime": {
        "dateTime": {
          "date": {
            "year": 2022,
            "month": 2,
            "day": 22
          },
          "time": {
            "hour": 8,
            "minute": 46,
            "second": 39,
            "nano": 166000000
          }
        },
        "offset": {
          "totalSeconds": 0
        },
        "zone": {
          "totalSeconds": 0
        }
      },
      "duration": "00h:00m:00s",
      "statusEnum": "PASSED",
      "status": "PASSED",
      "testClass": "io.cucumber.core.runner.PickleStepTestStep",
      "test": "Edit combinedStatement Page Navigation Validation",
      "parameters": [],
      "suite": "Sanity Test Cases for QA Pull",
      "logOutput": [],
      "resourceMetaDataList": [],
      "userInterfaces": [],
      "webservices": []
    },
    {
      "id": "I click on a hyperlinked Household Group name_1645519599167_1",
      "testMethodId": "I click on a hyperlinked Household Group name_1645519599167_1",
      "name": "I click on a hyperlinked Household Group name",
      "description": "When ",
      "configuration": false,
      "methodType": "Step",
      "startDateTime": {
        "dateTime": {
          "date": {
            "year": 2022,
            "month": 2,
            "day": 22
          },
          "time": {
            "hour": 8,
            "minute": 46,
            "second": 39,
            "nano": 167000000
          }
        },
        "offset": {
          "totalSeconds": 0
        },
        "zone": {
          "totalSeconds": 0
        }
      },
      "endDateTime": {
        "dateTime": {
          "date": {
            "year": 2022,
            "month": 2,
            "day": 22
          },
          "time": {
            "hour": 8,
            "minute": 46,
            "second": 39,
            "nano": 168000000
          }
        },
        "offset": {
          "totalSeconds": 0
        },
        "zone": {
          "totalSeconds": 0
        }
      },
      "duration": "00h:00m:00s",
      "statusEnum": "PASSED",
      "status": "PASSED",
      "testClass": "io.cucumber.core.runner.PickleStepTestStep",
      "test": "Edit combinedStatement Page Navigation Validation",
      "parameters": [],
      "suite": "Sanity Test Cases for QA Pull",
      "logOutput": [],
      "resourceMetaDataList": [],
      "userInterfaces": [],
      "webservices": []
    },
    {
      "id": "I should see household group Dashboard page_1645519599168_1",
      "testMethodId": "I should see household group Dashboard page_1645519599168_1",
      "name": "I should see household group Dashboard page",
      "description": "Then ",
      "configuration": false,
      "methodType": "Step",
      "startDateTime": {
        "dateTime": {
          "date": {
            "year": 2022,
            "month": 2,
            "day": 22
          },
          "time": {
            "hour": 8,
            "minute": 46,
            "second": 39,
            "nano": 168000000
          }
        },
        "offset": {
          "totalSeconds": 0
        },
        "zone": {
          "totalSeconds": 0
        }
      },
      "endDateTime": {
        "dateTime": {
          "date": {
            "year": 2022,
            "month": 2,
            "day": 22
          },
          "time": {
            "hour": 8,
            "minute": 46,
            "second": 39,
            "nano": 168000000
          }
        },
        "offset": {
          "totalSeconds": 0
        },
        "zone": {
          "totalSeconds": 0
        }
      },
      "duration": "00h:00m:00s",
      "statusEnum": "PASSED",
      "status": "PASSED",
      "testClass": "io.cucumber.core.runner.PickleStepTestStep",
      "test": "Edit combinedStatement Page Navigation Validation",
      "parameters": [],
      "suite": "Sanity Test Cases for QA Pull",
      "logOutput": [],
      "resourceMetaDataList": [],
      "userInterfaces": [],
      "webservices": []
    },
    {
      "id": "I click on Edit combined statement Button_1645519599169_1",
      "testMethodId": "I click on Edit combined statement Button_1645519599169_1",
      "name": "I click on Edit combined statement Button",
      "description": "When ",
      "configuration": false,
      "methodType": "Step",
      "startDateTime": {
        "dateTime": {
          "date": {
            "year": 2022,
            "month": 2,
            "day": 22
          },
          "time": {
            "hour": 8,
            "minute": 46,
            "second": 39,
            "nano": 169000000
          }
        },
        "offset": {
          "totalSeconds": 0
        },
        "zone": {
          "totalSeconds": 0
        }
      },
      "endDateTime": {
        "dateTime": {
          "date": {
            "year": 2022,
            "month": 2,
            "day": 22
          },
          "time": {
            "hour": 8,
            "minute": 46,
            "second": 39,
            "nano": 171000000
          }
        },
        "offset": {
          "totalSeconds": 0
        },
        "zone": {
          "totalSeconds": 0
        }
      },
      "duration": "00h:00m:00s",
      "statusEnum": "FAILED",
      "status": "FAILED",
      "bug": {
        "message": "AssertionError: User retrieves the webelement for  Edit combined statement Button is clicked element expected [true] but found [false]",
        "stackTrace": "java.lang.AssertionError: User retrieves the webelement for  Edit combined statement Button is clicked element expected [true] but found [false]\r\n\tat org.testng.Assert.fail(Assert.java:99)\r\n\tat org.testng.Assert.failNotEquals(Assert.java:1037)\r\n\tat org.testng.Assert.assertTrue(Assert.java:45)\r\n\tat LPLCoreDriver.LPLCoreReporter.writeStepToReporter(LPLCoreReporter.java:443)\r\n\tat com.lpl.qe.legacy.portfolioaccountingfeebilling.householdinggrouputility.web.cucumber.pages.Common.writeStepToReporter(Common.java:1535)\r\n\tat com.lpl.qe.legacy.portfolioaccountingfeebilling.householdinggrouputility.web.cucumber.pages.Common.getWebElement(Common.java:1166)\r\n\tat com.lpl.qe.legacy.portfolioaccountingfeebilling.householdinggrouputility.web.cucumber.pages.Common.isElementPresentUsingXpath(Common.java:667)\r\n\tat com.lpl.qe.legacy.portfolioaccountingfeebilling.householdinggrouputility.web.cucumber.pages.Common.clickElementUsingXpath(Common.java:449)\r\n\tat com.lpl.qe.legacy.portfolioaccountingfeebilling.householdinggrouputility.web.cucumber.pages.CombinedStatementCapabilityPage.clickEditCombinedStatementButton(CombinedStatementCapabilityPage.java:680)\r\n\tat com.lpl.qe.legacy.portfolioaccountingfeebilling.householdinggrouputility.web.cucumber.steps.NewHouseholdStepDef.iclickonEditcombinedstatementButton(NewHouseholdStepDef.java:996)\r\n\tat ?.I click on Edit combined statement Button(file:///C:/Householding-CAG/src/test/resources/features/householdinggrouputility/web/Dashboard%20Gatekeeper.feature:74)\r\n"
      },
      "testClass": "io.cucumber.core.runner.PickleStepTestStep",
      "test": "Edit combinedStatement Page Navigation Validation",
      "parameters": [],
      "suite": "Sanity Test Cases for QA Pull",
      "logOutput": [],
      "resourceMetaDataList": [],
      "userInterfaces": [],
      "webservices": []
    },
    {
      "id": "I should see Edit combined statement Page_1645519599171_1",
      "testMethodId": "I should see Edit combined statement Page_1645519599171_1",
      "name": "I should see Edit combined statement Page",
      "description": "Then ",
      "configuration": false,
      "methodType": "Step",
      "startDateTime": {
        "dateTime": {
          "date": {
            "year": 2022,
            "month": 2,
            "day": 22
          },
          "time": {
            "hour": 8,
            "minute": 46,
            "second": 39,
            "nano": 171000000
          }
        },
        "offset": {
          "totalSeconds": 0
        },
        "zone": {
          "totalSeconds": 0
        }
      },
      "endDateTime": {
        "dateTime": {
          "date": {
            "year": 2022,
            "month": 2,
            "day": 22
          },
          "time": {
            "hour": 8,
            "minute": 46,
            "second": 39,
            "nano": 172000000
          }
        },
        "offset": {
          "totalSeconds": 0
        },
        "zone": {
          "totalSeconds": 0
        }
      },
      "duration": "00h:00m:00s",
      "statusEnum": "SKIPPED",
      "status": "SKIPPED",
      "testClass": "io.cucumber.core.runner.PickleStepTestStep",
      "test": "Edit combinedStatement Page Navigation Validation",
      "parameters": [],
      "suite": "Sanity Test Cases for QA Pull",
      "logOutput": [],
      "resourceMetaDataList": [],
      "userInterfaces": [],
      "webservices": []
    },
    {
      "id": "AFTERHook_1645519599173_1",
      "testMethodId": "AFTERHook_1645519599173_1",
      "name": "AFTERHook",
      "configuration": true,
      "methodType": "TestMethod",
      "startDateTime": {
        "dateTime": {
          "date": {
            "year": 2022,
            "month": 2,
            "day": 22
          },
          "time": {
            "hour": 8,
            "minute": 46,
            "second": 39,
            "nano": 173000000
          }
        },
        "offset": {
          "totalSeconds": 0
        },
        "zone": {
          "totalSeconds": 0
        }
      },
      "endDateTime": {
        "dateTime": {
          "date": {
            "year": 2022,
            "month": 2,
            "day": 22
          },
          "time": {
            "hour": 8,
            "minute": 46,
            "second": 39,
            "nano": 173000000
          }
        },
        "offset": {
          "totalSeconds": 0
        },
        "zone": {
          "totalSeconds": 0
        }
      },
      "duration": "00h:00m:00s",
      "statusEnum": "PASSED",
      "status": "PASSED",
      "testClass": "io.cucumber.core.runner.HookTestStep",
      "test": "Edit combinedStatement Page Navigation Validation",
      "parameters": [],
      "suite": "Sanity Test Cases for QA Pull",
      "logOutput": [],
      "resourceMetaDataList": [],
      "userInterfaces": [],
      "webservices": []
    },
    {
      "id": "BEFOREHook_1645519599153_1",
      "testMethodId": "BEFOREHook_1645519599153_1",
      "name": "BEFOREHook",
      "configuration": true,
      "methodType": "TestMethod",
      "startDateTime": {
        "dateTime": {
          "date": {
            "year": 2022,
            "month": 2,
            "day": 22
          },
          "time": {
            "hour": 8,
            "minute": 46,
            "second": 39,
            "nano": 153000000
          }
        },
        "offset": {
          "totalSeconds": 0
        },
        "zone": {
          "totalSeconds": 0
        }
      },
      "endDateTime": {
        "dateTime": {
          "date": {
            "year": 2022,
            "month": 2,
            "day": 22
          },
          "time": {
            "hour": 8,
            "minute": 46,
            "second": 39,
            "nano": 161000000
          }
        },
        "offset": {
          "totalSeconds": 0
        },
        "zone": {
          "totalSeconds": 0
        }
      },
      "duration": "00h:00m:00s",
      "statusEnum": "PASSED",
      "status": "PASSED",
      "testClass": "io.cucumber.core.runner.HookTestStep",
      "test": "Edit combinedStatement Page Navigation Validation",
      "parameters": [],
      "suite": "Sanity Test Cases for QA Pull",
      "logOutput": [],
      "resourceMetaDataList": [],
      "userInterfaces": [],
      "webservices": []
    },
    {
      "id": "I login into ClientWorks application_1645519599163_1",
      "testMethodId": "I login into ClientWorks application_1645519599163_1",
      "name": "I login into ClientWorks application",
      "description": "Given ",
      "configuration": false,
      "methodType": "Step",
      "startDateTime": {
        "dateTime": {
          "date": {
            "year": 2022,
            "month": 2,
            "day": 22
          },
          "time": {
            "hour": 8,
            "minute": 46,
            "second": 39,
            "nano": 163000000
          }
        },
        "offset": {
          "totalSeconds": 0
        },
        "zone": {
          "totalSeconds": 0
        }
      },
      "endDateTime": {
        "dateTime": {
          "date": {
            "year": 2022,
            "month": 2,
            "day": 22
          },
          "time": {
            "hour": 8,
            "minute": 46,
            "second": 39,
            "nano": 164000000
          }
        },
        "offset": {
          "totalSeconds": 0
        },
        "zone": {
          "totalSeconds": 0
        }
      },
      "duration": "00h:00m:00s",
      "statusEnum": "PASSED",
      "status": "PASSED",
      "testClass": "io.cucumber.core.runner.PickleStepTestStep",
      "test": "Edit combinedStatement Page Navigation Validation",
      "parameters": [],
      "suite": "Sanity Test Cases for QA Pull",
      "logOutput": [],
      "resourceMetaDataList": [],
      "userInterfaces": [],
      "webservices": []
    },
    {
      "id": "I should view Client Management Page is displayed_1645519599164_1",
      "testMethodId": "I should view Client Management Page is displayed_1645519599164_1",
      "name": "I should view Client Management Page is displayed",
      "description": "Then ",
      "configuration": false,
      "methodType": "Step",
      "startDateTime": {
        "dateTime": {
          "date": {
            "year": 2022,
            "month": 2,
            "day": 22
          },
          "time": {
            "hour": 8,
            "minute": 46,
            "second": 39,
            "nano": 164000000
          }
        },
        "offset": {
          "totalSeconds": 0
        },
        "zone": {
          "totalSeconds": 0
        }
      },
      "endDateTime": {
        "dateTime": {
          "date": {
            "year": 2022,
            "month": 2,
            "day": 22
          },
          "time": {
            "hour": 8,
            "minute": 46,
            "second": 39,
            "nano": 164000000
          }
        },
        "offset": {
          "totalSeconds": 0
        },
        "zone": {
          "totalSeconds": 0
        }
      },
      "duration": "00h:00m:00s",
      "statusEnum": "PASSED",
      "status": "PASSED",
      "testClass": "io.cucumber.core.runner.PickleStepTestStep",
      "test": "Edit combinedStatement Page Navigation Validation",
      "parameters": [],
      "suite": "Sanity Test Cases for QA Pull",
      "logOutput": [],
      "resourceMetaDataList": [],
      "userInterfaces": [],
      "webservices": []
    },
    {
      "id": "I should navigate into Groups tab_1645519599165_1",
      "testMethodId": "I should navigate into Groups tab_1645519599165_1",
      "name": "I should navigate into Groups tab",
      "description": "And ",
      "configuration": false,
      "methodType": "Step",
      "startDateTime": {
        "dateTime": {
          "date": {
            "year": 2022,
            "month": 2,
            "day": 22
          },
          "time": {
            "hour": 8,
            "minute": 46,
            "second": 39,
            "nano": 165000000
          }
        },
        "offset": {
          "totalSeconds": 0
        },
        "zone": {
          "totalSeconds": 0
        }
      },
      "endDateTime": {
        "dateTime": {
          "date": {
            "year": 2022,
            "month": 2,
            "day": 22
          },
          "time": {
            "hour": 8,
            "minute": 46,
            "second": 39,
            "nano": 165000000
          }
        },
        "offset": {
          "totalSeconds": 0
        },
        "zone": {
          "totalSeconds": 0
        }
      },
      "duration": "00h:00m:00s",
      "statusEnum": "PASSED",
      "status": "PASSED",
      "testClass": "io.cucumber.core.runner.PickleStepTestStep",
      "test": "Edit combinedStatement Page Navigation Validation",
      "parameters": [],
      "suite": "Sanity Test Cases for QA Pull",
      "logOutput": [],
      "resourceMetaDataList": [],
      "userInterfaces": [],
      "webservices": []
    },
    {
      "id": "I enter Groupname_1645519599166_1",
      "testMethodId": "I enter Groupname_1645519599166_1",
      "name": "I enter Groupname",
      "description": "When ",
      "configuration": false,
      "methodType": "Step",
      "startDateTime": {
        "dateTime": {
          "date": {
            "year": 2022,
            "month": 2,
            "day": 22
          },
          "time": {
            "hour": 8,
            "minute": 46,
            "second": 39,
            "nano": 166000000
          }
        },
        "offset": {
          "totalSeconds": 0
        },
        "zone": {
          "totalSeconds": 0
        }
      },
      "endDateTime": {
        "dateTime": {
          "date": {
            "year": 2022,
            "month": 2,
            "day": 22
          },
          "time": {
            "hour": 8,
            "minute": 46,
            "second": 39,
            "nano": 166000000
          }
        },
        "offset": {
          "totalSeconds": 0
        },
        "zone": {
          "totalSeconds": 0
        }
      },
      "duration": "00h:00m:00s",
      "statusEnum": "PASSED",
      "status": "PASSED",
      "testClass": "io.cucumber.core.runner.PickleStepTestStep",
      "test": "Edit combinedStatement Page Navigation Validation",
      "parameters": [],
      "suite": "Sanity Test Cases for QA Pull",
      "logOutput": [],
      "resourceMetaDataList": [],
      "userInterfaces": [],
      "webservices": []
    },
    {
      "id": "I click on search button_1645519599166_1",
      "testMethodId": "I click on search button_1645519599166_1",
      "name": "I click on search button",
      "description": "Then ",
      "configuration": false,
      "methodType": "Step",
      "startDateTime": {
        "dateTime": {
          "date": {
            "year": 2022,
            "month": 2,
            "day": 22
          },
          "time": {
            "hour": 8,
            "minute": 46,
            "second": 39,
            "nano": 166000000
          }
        },
        "offset": {
          "totalSeconds": 0
        },
        "zone": {
          "totalSeconds": 0
        }
      },
      "endDateTime": {
        "dateTime": {
          "date": {
            "year": 2022,
            "month": 2,
            "day": 22
          },
          "time": {
            "hour": 8,
            "minute": 46,
            "second": 39,
            "nano": 166000000
          }
        },
        "offset": {
          "totalSeconds": 0
        },
        "zone": {
          "totalSeconds": 0
        }
      },
      "duration": "00h:00m:00s",
      "statusEnum": "PASSED",
      "status": "PASSED",
      "testClass": "io.cucumber.core.runner.PickleStepTestStep",
      "test": "Edit combinedStatement Page Navigation Validation",
      "parameters": [],
      "suite": "Sanity Test Cases for QA Pull",
      "logOutput": [],
      "resourceMetaDataList": [],
      "userInterfaces": [],
      "webservices": []
    },
    {
      "id": "I click on a hyperlinked Household Group name_1645519599167_1",
      "testMethodId": "I click on a hyperlinked Household Group name_1645519599167_1",
      "name": "I click on a hyperlinked Household Group name",
      "description": "When ",
      "configuration": false,
      "methodType": "Step",
      "startDateTime": {
        "dateTime": {
          "date": {
            "year": 2022,
            "month": 2,
            "day": 22
          },
          "time": {
            "hour": 8,
            "minute": 46,
            "second": 39,
            "nano": 167000000
          }
        },
        "offset": {
          "totalSeconds": 0
        },
        "zone": {
          "totalSeconds": 0
        }
      },
      "endDateTime": {
        "dateTime": {
          "date": {
            "year": 2022,
            "month": 2,
            "day": 22
          },
          "time": {
            "hour": 8,
            "minute": 46,
            "second": 39,
            "nano": 168000000
          }
        },
        "offset": {
          "totalSeconds": 0
        },
        "zone": {
          "totalSeconds": 0
        }
      },
      "duration": "00h:00m:00s",
      "statusEnum": "PASSED",
      "status": "PASSED",
      "testClass": "io.cucumber.core.runner.PickleStepTestStep",
      "test": "Edit combinedStatement Page Navigation Validation",
      "parameters": [],
      "suite": "Sanity Test Cases for QA Pull",
      "logOutput": [],
      "resourceMetaDataList": [],
      "userInterfaces": [],
      "webservices": []
    },
    {
      "id": "I should see household group Dashboard page_1645519599168_1",
      "testMethodId": "I should see household group Dashboard page_1645519599168_1",
      "name": "I should see household group Dashboard page",
      "description": "Then ",
      "configuration": false,
      "methodType": "Step",
      "startDateTime": {
        "dateTime": {
          "date": {
            "year": 2022,
            "month": 2,
            "day": 22
          },
          "time": {
            "hour": 8,
            "minute": 46,
            "second": 39,
            "nano": 168000000
          }
        },
        "offset": {
          "totalSeconds": 0
        },
        "zone": {
          "totalSeconds": 0
        }
      },
      "endDateTime": {
        "dateTime": {
          "date": {
            "year": 2022,
            "month": 2,
            "day": 22
          },
          "time": {
            "hour": 8,
            "minute": 46,
            "second": 39,
            "nano": 168000000
          }
        },
        "offset": {
          "totalSeconds": 0
        },
        "zone": {
          "totalSeconds": 0
        }
      },
      "duration": "00h:00m:00s",
      "statusEnum": "PASSED",
      "status": "PASSED",
      "testClass": "io.cucumber.core.runner.PickleStepTestStep",
      "test": "Edit combinedStatement Page Navigation Validation",
      "parameters": [],
      "suite": "Sanity Test Cases for QA Pull",
      "logOutput": [],
      "resourceMetaDataList": [],
      "userInterfaces": [],
      "webservices": []
    },
    {
      "id": "I click on Edit combined statement Button_1645519599169_1",
      "testMethodId": "I click on Edit combined statement Button_1645519599169_1",
      "name": "I click on Edit combined statement Button",
      "description": "When ",
      "configuration": false,
      "methodType": "Step",
      "startDateTime": {
        "dateTime": {
          "date": {
            "year": 2022,
            "month": 2,
            "day": 22
          },
          "time": {
            "hour": 8,
            "minute": 46,
            "second": 39,
            "nano": 169000000
          }
        },
        "offset": {
          "totalSeconds": 0
        },
        "zone": {
          "totalSeconds": 0
        }
      },
      "endDateTime": {
        "dateTime": {
          "date": {
            "year": 2022,
            "month": 2,
            "day": 22
          },
          "time": {
            "hour": 8,
            "minute": 46,
            "second": 39,
            "nano": 171000000
          }
        },
        "offset": {
          "totalSeconds": 0
        },
        "zone": {
          "totalSeconds": 0
        }
      },
      "duration": "00h:00m:00s",
      "statusEnum": "FAILED",
      "status": "FAILED",
      "bug": {
        "message": "AssertionError: User retrieves the webelement for  Edit combined statement Button is clicked element expected [true] but found [false]",
        "stackTrace": "java.lang.AssertionError: User retrieves the webelement for  Edit combined statement Button is clicked element expected [true] but found [false]\r\n\tat org.testng.Assert.fail(Assert.java:99)\r\n\tat org.testng.Assert.failNotEquals(Assert.java:1037)\r\n\tat org.testng.Assert.assertTrue(Assert.java:45)\r\n\tat LPLCoreDriver.LPLCoreReporter.writeStepToReporter(LPLCoreReporter.java:443)\r\n\tat com.lpl.qe.legacy.portfolioaccountingfeebilling.householdinggrouputility.web.cucumber.pages.Common.writeStepToReporter(Common.java:1535)\r\n\tat com.lpl.qe.legacy.portfolioaccountingfeebilling.householdinggrouputility.web.cucumber.pages.Common.getWebElement(Common.java:1166)\r\n\tat com.lpl.qe.legacy.portfolioaccountingfeebilling.householdinggrouputility.web.cucumber.pages.Common.isElementPresentUsingXpath(Common.java:667)\r\n\tat com.lpl.qe.legacy.portfolioaccountingfeebilling.householdinggrouputility.web.cucumber.pages.Common.clickElementUsingXpath(Common.java:449)\r\n\tat com.lpl.qe.legacy.portfolioaccountingfeebilling.householdinggrouputility.web.cucumber.pages.CombinedStatementCapabilityPage.clickEditCombinedStatementButton(CombinedStatementCapabilityPage.java:680)\r\n\tat com.lpl.qe.legacy.portfolioaccountingfeebilling.householdinggrouputility.web.cucumber.steps.NewHouseholdStepDef.iclickonEditcombinedstatementButton(NewHouseholdStepDef.java:996)\r\n\tat ?.I click on Edit combined statement Button(file:///C:/Householding-CAG/src/test/resources/features/householdinggrouputility/web/Dashboard%20Gatekeeper.feature:74)\r\n"
      },
      "testClass": "io.cucumber.core.runner.PickleStepTestStep",
      "test": "Edit combinedStatement Page Navigation Validation",
      "parameters": [],
      "suite": "Sanity Test Cases for QA Pull",
      "logOutput": [],
      "resourceMetaDataList": [],
      "userInterfaces": [],
      "webservices": []
    },
    {
      "id": "I should see Edit combined statement Page_1645519599171_1",
      "testMethodId": "I should see Edit combined statement Page_1645519599171_1",
      "name": "I should see Edit combined statement Page",
      "description": "Then ",
      "configuration": false,
      "methodType": "Step",
      "startDateTime": {
        "dateTime": {
          "date": {
            "year": 2022,
            "month": 2,
            "day": 22
          },
          "time": {
            "hour": 8,
            "minute": 46,
            "second": 39,
            "nano": 171000000
          }
        },
        "offset": {
          "totalSeconds": 0
        },
        "zone": {
          "totalSeconds": 0
        }
      },
      "endDateTime": {
        "dateTime": {
          "date": {
            "year": 2022,
            "month": 2,
            "day": 22
          },
          "time": {
            "hour": 8,
            "minute": 46,
            "second": 39,
            "nano": 172000000
          }
        },
        "offset": {
          "totalSeconds": 0
        },
        "zone": {
          "totalSeconds": 0
        }
      },
      "duration": "00h:00m:00s",
      "statusEnum": "SKIPPED",
      "status": "SKIPPED",
      "testClass": "io.cucumber.core.runner.PickleStepTestStep",
      "test": "Edit combinedStatement Page Navigation Validation",
      "parameters": [],
      "suite": "Sanity Test Cases for QA Pull",
      "logOutput": [],
      "resourceMetaDataList": [],
      "userInterfaces": [],
      "webservices": []
    },
    {
      "id": "AFTERHook_1645519599173_1",
      "testMethodId": "AFTERHook_1645519599173_1",
      "name": "AFTERHook",
      "configuration": true,
      "methodType": "TestMethod",
      "startDateTime": {
        "dateTime": {
          "date": {
            "year": 2022,
            "month": 2,
            "day": 22
          },
          "time": {
            "hour": 8,
            "minute": 46,
            "second": 39,
            "nano": 173000000
          }
        },
        "offset": {
          "totalSeconds": 0
        },
        "zone": {
          "totalSeconds": 0
        }
      },
      "endDateTime": {
        "dateTime": {
          "date": {
            "year": 2022,
            "month": 2,
            "day": 22
          },
          "time": {
            "hour": 8,
            "minute": 46,
            "second": 39,
            "nano": 173000000
          }
        },
        "offset": {
          "totalSeconds": 0
        },
        "zone": {
          "totalSeconds": 0
        }
      },
      "duration": "00h:00m:00s",
      "statusEnum": "PASSED",
      "status": "PASSED",
      "testClass": "io.cucumber.core.runner.HookTestStep",
      "test": "Edit combinedStatement Page Navigation Validation",
      "parameters": [],
      "suite": "Sanity Test Cases for QA Pull",
      "logOutput": [],
      "resourceMetaDataList": [],
      "userInterfaces": [],
      "webservices": []
    }
  ],
  "bugListMap": {
    "AssertionError: User retrieves the webelement for  Edit combined statement Button is clicked element expected [true] but found [false]": [
      {
        "id": "I click on Edit combined statement Button_1645519599169_1",
        "testMethodId": "I click on Edit combined statement Button_1645519599169_1",
        "name": "I click on Edit combined statement Button",
        "description": "When ",
        "configuration": false,
        "methodType": "Step",
        "startDateTime": {
          "dateTime": {
            "date": {
              "year": 2022,
              "month": 2,
              "day": 22
            },
            "time": {
              "hour": 8,
              "minute": 46,
              "second": 39,
              "nano": 169000000
            }
          },
          "offset": {
            "totalSeconds": 0
          },
          "zone": {
            "totalSeconds": 0
          }
        },
        "endDateTime": {
          "dateTime": {
            "date": {
              "year": 2022,
              "month": 2,
              "day": 22
            },
            "time": {
              "hour": 8,
              "minute": 46,
              "second": 39,
              "nano": 171000000
            }
          },
          "offset": {
            "totalSeconds": 0
          },
          "zone": {
            "totalSeconds": 0
          }
        },
        "duration": "00h:00m:00s",
        "statusEnum": "FAILED",
        "status": "FAILED",
        "bug": {
          "message": "AssertionError: User retrieves the webelement for  Edit combined statement Button is clicked element expected [true] but found [false]",
          "stackTrace": "java.lang.AssertionError: User retrieves the webelement for  Edit combined statement Button is clicked element expected [true] but found [false]\r\n\tat org.testng.Assert.fail(Assert.java:99)\r\n\tat org.testng.Assert.failNotEquals(Assert.java:1037)\r\n\tat org.testng.Assert.assertTrue(Assert.java:45)\r\n\tat LPLCoreDriver.LPLCoreReporter.writeStepToReporter(LPLCoreReporter.java:443)\r\n\tat com.lpl.qe.legacy.portfolioaccountingfeebilling.householdinggrouputility.web.cucumber.pages.Common.writeStepToReporter(Common.java:1535)\r\n\tat com.lpl.qe.legacy.portfolioaccountingfeebilling.householdinggrouputility.web.cucumber.pages.Common.getWebElement(Common.java:1166)\r\n\tat com.lpl.qe.legacy.portfolioaccountingfeebilling.householdinggrouputility.web.cucumber.pages.Common.isElementPresentUsingXpath(Common.java:667)\r\n\tat com.lpl.qe.legacy.portfolioaccountingfeebilling.householdinggrouputility.web.cucumber.pages.Common.clickElementUsingXpath(Common.java:449)\r\n\tat com.lpl.qe.legacy.portfolioaccountingfeebilling.householdinggrouputility.web.cucumber.pages.CombinedStatementCapabilityPage.clickEditCombinedStatementButton(CombinedStatementCapabilityPage.java:680)\r\n\tat com.lpl.qe.legacy.portfolioaccountingfeebilling.householdinggrouputility.web.cucumber.steps.NewHouseholdStepDef.iclickonEditcombinedstatementButton(NewHouseholdStepDef.java:996)\r\n\tat ?.I click on Edit combined statement Button(file:///C:/Householding-CAG/src/test/resources/features/householdinggrouputility/web/Dashboard%20Gatekeeper.feature:74)\r\n"
        },
        "testClass": "io.cucumber.core.runner.PickleStepTestStep",
        "test": "Edit combinedStatement Page Navigation Validation",
        "parameters": [],
        "suite": "Sanity Test Cases for QA Pull",
        "logOutput": [],
        "resourceMetaDataList": [],
        "userInterfaces": [],
        "webservices": []
      },
      {
        "id": "I click on Edit combined statement Button_1645519599169_1",
        "testMethodId": "I click on Edit combined statement Button_1645519599169_1",
        "name": "I click on Edit combined statement Button",
        "description": "When ",
        "configuration": false,
        "methodType": "Step",
        "startDateTime": {
          "dateTime": {
            "date": {
              "year": 2022,
              "month": 2,
              "day": 22
            },
            "time": {
              "hour": 8,
              "minute": 46,
              "second": 39,
              "nano": 169000000
            }
          },
          "offset": {
            "totalSeconds": 0
          },
          "zone": {
            "totalSeconds": 0
          }
        },
        "endDateTime": {
          "dateTime": {
            "date": {
              "year": 2022,
              "month": 2,
              "day": 22
            },
            "time": {
              "hour": 8,
              "minute": 46,
              "second": 39,
              "nano": 171000000
            }
          },
          "offset": {
            "totalSeconds": 0
          },
          "zone": {
            "totalSeconds": 0
          }
        },
        "duration": "00h:00m:00s",
        "statusEnum": "FAILED",
        "status": "FAILED",
        "bug": {
          "message": "AssertionError: User retrieves the webelement for  Edit combined statement Button is clicked element expected [true] but found [false]",
          "stackTrace": "java.lang.AssertionError: User retrieves the webelement for  Edit combined statement Button is clicked element expected [true] but found [false]\r\n\tat org.testng.Assert.fail(Assert.java:99)\r\n\tat org.testng.Assert.failNotEquals(Assert.java:1037)\r\n\tat org.testng.Assert.assertTrue(Assert.java:45)\r\n\tat LPLCoreDriver.LPLCoreReporter.writeStepToReporter(LPLCoreReporter.java:443)\r\n\tat com.lpl.qe.legacy.portfolioaccountingfeebilling.householdinggrouputility.web.cucumber.pages.Common.writeStepToReporter(Common.java:1535)\r\n\tat com.lpl.qe.legacy.portfolioaccountingfeebilling.householdinggrouputility.web.cucumber.pages.Common.getWebElement(Common.java:1166)\r\n\tat com.lpl.qe.legacy.portfolioaccountingfeebilling.householdinggrouputility.web.cucumber.pages.Common.isElementPresentUsingXpath(Common.java:667)\r\n\tat com.lpl.qe.legacy.portfolioaccountingfeebilling.householdinggrouputility.web.cucumber.pages.Common.clickElementUsingXpath(Common.java:449)\r\n\tat com.lpl.qe.legacy.portfolioaccountingfeebilling.householdinggrouputility.web.cucumber.pages.CombinedStatementCapabilityPage.clickEditCombinedStatementButton(CombinedStatementCapabilityPage.java:680)\r\n\tat com.lpl.qe.legacy.portfolioaccountingfeebilling.householdinggrouputility.web.cucumber.steps.NewHouseholdStepDef.iclickonEditcombinedstatementButton(NewHouseholdStepDef.java:996)\r\n\tat ?.I click on Edit combined statement Button(file:///C:/Householding-CAG/src/test/resources/features/householdinggrouputility/web/Dashboard%20Gatekeeper.feature:74)\r\n"
        },
        "testClass": "io.cucumber.core.runner.PickleStepTestStep",
        "test": "Edit combinedStatement Page Navigation Validation",
        "parameters": [],
        "suite": "Sanity Test Cases for QA Pull",
        "logOutput": [],
        "resourceMetaDataList": [],
        "userInterfaces": [],
        "webservices": []
      }
    ]
  }
}