{
  "about": {
    "projectName": "portfolio-accounting-fee-billing",
    "team": "QE",
    "releaseVersion": "1.0",
    "executionOS": "Windows 10 10.0",
    "environment": "QA",
    "userName": "stalluri"
  },
  "name": "run_1675293629108",
  "startDateTime": {
    "dateTime": {
      "date": {
        "year": 2023,
        "month": 2,
        "day": 1
      },
      "time": {
        "hour": 23,
        "minute": 20,
        "second": 29,
        "nano": 561470300
      }
    },
    "offset": {
      "totalSeconds": 0
    },
    "zone": {
      "totalSeconds": 0
    }
  },
  "endDateTime": {
    "dateTime": {
      "date": {
        "year": 2023,
        "month": 2,
        "day": 1
      },
      "time": {
        "hour": 23,
        "minute": 20,
        "second": 36,
        "nano": 949756100
      }
    },
    "offset": {
      "totalSeconds": 0
    },
    "zone": {
      "totalSeconds": 0
    }
  },
  "duration": "00h:00m:07s",
  "statusEnum": "FAILED",
  "status": "FAILED",
  "testSuites": [
    {
      "name": "Default Suite",
      "startDateTime": {
        "dateTime": {
          "date": {
            "year": 2023,
            "month": 2,
            "day": 1
          },
          "time": {
            "hour": 23,
            "minute": 20,
            "second": 30,
            "nano": 5226800
          }
        },
        "offset": {
          "totalSeconds": 0
        },
        "zone": {
          "totalSeconds": 0
        }
      },
      "endDateTime": {
        "dateTime": {
          "date": {
            "year": 2023,
            "month": 2,
            "day": 1
          },
          "time": {
            "hour": 23,
            "minute": 20,
            "second": 36,
            "nano": 285627100
          }
        },
        "offset": {
          "totalSeconds": 0
        },
        "zone": {
          "totalSeconds": 0
        }
      },
      "duration": "00h:00m:06s",
      "statusEnum": "PASSED",
      "status": "PASSED",
      "tests": []
    },
    {
      "name": "Add group billing process",
      "startDateTime": {
        "dateTime": {
          "date": {
            "year": 2023,
            "month": 2,
            "day": 1
          },
          "time": {
            "hour": 23,
            "minute": 20,
            "second": 36,
            "nano": 286123000
          }
        },
        "offset": {
          "totalSeconds": 0
        },
        "zone": {
          "totalSeconds": 0
        }
      },
      "endDateTime": {
        "dateTime": {
          "date": {
            "year": 2023,
            "month": 2,
            "day": 1
          },
          "time": {
            "hour": 23,
            "minute": 20,
            "second": 36,
            "nano": 322955400
          }
        },
        "offset": {
          "totalSeconds": 0
        },
        "zone": {
          "totalSeconds": 0
        }
      },
      "duration": "00h:00m:00s",
      "statusEnum": "PASSED",
      "status": "PASSED",
      "tests": []
    },
    {
      "name": "Add group member process",
      "startDateTime": {
        "dateTime": {
          "date": {
            "year": 2023,
            "month": 2,
            "day": 1
          },
          "time": {
            "hour": 23,
            "minute": 20,
            "second": 36,
            "nano": 322955400
          }
        },
        "offset": {
          "totalSeconds": 0
        },
        "zone": {
          "totalSeconds": 0
        }
      },
      "endDateTime": {
        "dateTime": {
          "date": {
            "year": 2023,
            "month": 2,
            "day": 1
          },
          "time": {
            "hour": 23,
            "minute": 20,
            "second": 36,
            "nano": 323950400
          }
        },
        "offset": {
          "totalSeconds": 0
        },
        "zone": {
          "totalSeconds": 0
        }
      },
      "duration": "00h:00m:00s",
      "statusEnum": "PASSED",
      "status": "PASSED",
      "tests": []
    },
    {
      "name": "Create Group Process",
      "startDateTime": {
        "dateTime": {
          "date": {
            "year": 2023,
            "month": 2,
            "day": 1
          },
          "time": {
            "hour": 23,
            "minute": 20,
            "second": 36,
            "nano": 324947000
          }
        },
        "offset": {
          "totalSeconds": 0
        },
        "zone": {
          "totalSeconds": 0
        }
      },
      "endDateTime": {
        "dateTime": {
          "date": {
            "year": 2023,
            "month": 2,
            "day": 1
          },
          "time": {
            "hour": 23,
            "minute": 20,
            "second": 36,
            "nano": 324947000
          }
        },
        "offset": {
          "totalSeconds": 0
        },
        "zone": {
          "totalSeconds": 0
        }
      },
      "duration": "00h:00m:00s",
      "statusEnum": "PASSED",
      "status": "PASSED",
      "tests": []
    },
    {
      "name": "Create Household Group process",
      "startDateTime": {
        "dateTime": {
          "date": {
            "year": 2023,
            "month": 2,
            "day": 1
          },
          "time": {
            "hour": 23,
            "minute": 20,
            "second": 36,
            "nano": 325943500
          }
        },
        "offset": {
          "totalSeconds": 0
        },
        "zone": {
          "totalSeconds": 0
        }
      },
      "endDateTime": {
        "dateTime": {
          "date": {
            "year": 2023,
            "month": 2,
            "day": 1
          },
          "time": {
            "hour": 23,
            "minute": 20,
            "second": 36,
            "nano": 325943500
          }
        },
        "offset": {
          "totalSeconds": 0
        },
        "zone": {
          "totalSeconds": 0
        }
      },
      "duration": "00h:00m:00s",
      "statusEnum": "PASSED",
      "status": "PASSED",
      "tests": []
    },
    {
      "name": "GetbillingdetailsprocessValidation",
      "startDateTime": {
        "dateTime": {
          "date": {
            "year": 2023,
            "month": 2,
            "day": 1
          },
          "time": {
            "hour": 23,
            "minute": 20,
            "second": 36,
            "nano": 325943500
          }
        },
        "offset": {
          "totalSeconds": 0
        },
        "zone": {
          "totalSeconds": 0
        }
      },
      "endDateTime": {
        "dateTime": {
          "date": {
            "year": 2023,
            "month": 2,
            "day": 1
          },
          "time": {
            "hour": 23,
            "minute": 20,
            "second": 36,
            "nano": 326940000
          }
        },
        "offset": {
          "totalSeconds": 0
        },
        "zone": {
          "totalSeconds": 0
        }
      },
      "duration": "00h:00m:00s",
      "statusEnum": "PASSED",
      "status": "PASSED",
      "tests": []
    },
    {
      "name": "GetgroupsbyclientID",
      "startDateTime": {
        "dateTime": {
          "date": {
            "year": 2023,
            "month": 2,
            "day": 1
          },
          "time": {
            "hour": 23,
            "minute": 20,
            "second": 36,
            "nano": 326940000
          }
        },
        "offset": {
          "totalSeconds": 0
        },
        "zone": {
          "totalSeconds": 0
        }
      },
      "endDateTime": {
        "dateTime": {
          "date": {
            "year": 2023,
            "month": 2,
            "day": 1
          },
          "time": {
            "hour": 23,
            "minute": 20,
            "second": 36,
            "nano": 327936700
          }
        },
        "offset": {
          "totalSeconds": 0
        },
        "zone": {
          "totalSeconds": 0
        }
      },
      "duration": "00h:00m:00s",
      "statusEnum": "PASSED",
      "status": "PASSED",
      "tests": []
    },
    {
      "name": "GetgroupsbygroupID",
      "startDateTime": {
        "dateTime": {
          "date": {
            "year": 2023,
            "month": 2,
            "day": 1
          },
          "time": {
            "hour": 23,
            "minute": 20,
            "second": 36,
            "nano": 327936700
          }
        },
        "offset": {
          "totalSeconds": 0
        },
        "zone": {
          "totalSeconds": 0
        }
      },
      "endDateTime": {
        "dateTime": {
          "date": {
            "year": 2023,
            "month": 2,
            "day": 1
          },
          "time": {
            "hour": 23,
            "minute": 20,
            "second": 36,
            "nano": 328933400
          }
        },
        "offset": {
          "totalSeconds": 0
        },
        "zone": {
          "totalSeconds": 0
        }
      },
      "duration": "00h:00m:00s",
      "statusEnum": "PASSED",
      "status": "PASSED",
      "tests": []
    },
    {
      "name": "Smart Search Process",
      "startDateTime": {
        "dateTime": {
          "date": {
            "year": 2023,
            "month": 2,
            "day": 1
          },
          "time": {
            "hour": 23,
            "minute": 20,
            "second": 36,
            "nano": 328933400
          }
        },
        "offset": {
          "totalSeconds": 0
        },
        "zone": {
          "totalSeconds": 0
        }
      },
      "endDateTime": {
        "dateTime": {
          "date": {
            "year": 2023,
            "month": 2,
            "day": 1
          },
          "time": {
            "hour": 23,
            "minute": 20,
            "second": 36,
            "nano": 329931600
          }
        },
        "offset": {
          "totalSeconds": 0
        },
        "zone": {
          "totalSeconds": 0
        }
      },
      "duration": "00h:00m:00s",
      "statusEnum": "PASSED",
      "status": "PASSED",
      "tests": []
    },
    {
      "name": "Smart Search Process",
      "startDateTime": {
        "dateTime": {
          "date": {
            "year": 2023,
            "month": 2,
            "day": 1
          },
          "time": {
            "hour": 23,
            "minute": 20,
            "second": 36,
            "nano": 329931600
          }
        },
        "offset": {
          "totalSeconds": 0
        },
        "zone": {
          "totalSeconds": 0
        }
      },
      "endDateTime": {
        "dateTime": {
          "date": {
            "year": 2023,
            "month": 2,
            "day": 1
          },
          "time": {
            "hour": 23,
            "minute": 20,
            "second": 36,
            "nano": 444712500
          }
        },
        "offset": {
          "totalSeconds": 0
        },
        "zone": {
          "totalSeconds": 0
        }
      },
      "duration": "00h:00m:00s",
      "statusEnum": "FAILED",
      "status": "FAILED",
      "tests": [
        {
          "name": "Add group member- Status Code Validation",
          "startDateTime": {
            "dateTime": {
              "date": {
                "year": 2023,
                "month": 2,
                "day": 1
              },
              "time": {
                "hour": 23,
                "minute": 20,
                "second": 36,
                "nano": 344047300
              }
            },
            "offset": {
              "totalSeconds": 0
            },
            "zone": {
              "totalSeconds": 0
            }
          },
          "endDateTime": {
            "dateTime": {
              "date": {
                "year": 2023,
                "month": 2,
                "day": 1
              },
              "time": {
                "hour": 23,
                "minute": 20,
                "second": 36,
                "nano": 356812700
              }
            },
            "offset": {
              "totalSeconds": 0
            },
            "zone": {
              "totalSeconds": 0
            }
          },
          "duration": "00h:00m:00s",
          "statusEnum": "FAILED",
          "status": "FAILED",
          "testMethods": [
            {
              "id": "BEFOREHook_1675293636346_1",
              "testMethodId": "BEFOREHook_1675293636346_1",
              "name": "BEFOREHook",
              "configuration": true,
              "methodType": "TestMethod",
              "startDateTime": {
                "dateTime": {
                  "date": {
                    "year": 2023,
                    "month": 2,
                    "day": 1
                  },
                  "time": {
                    "hour": 23,
                    "minute": 20,
                    "second": 36,
                    "nano": 346039700
                  }
                },
                "offset": {
                  "totalSeconds": 0
                },
                "zone": {
                  "totalSeconds": 0
                }
              },
              "endDateTime": {
                "dateTime": {
                  "date": {
                    "year": 2023,
                    "month": 2,
                    "day": 1
                  },
                  "time": {
                    "hour": 23,
                    "minute": 20,
                    "second": 36,
                    "nano": 346039700
                  }
                },
                "offset": {
                  "totalSeconds": 0
                },
                "zone": {
                  "totalSeconds": 0
                }
              },
              "duration": "00h:00m:00s",
              "statusEnum": "PASSED",
              "status": "PASSED",
              "testClass": "io.cucumber.core.runner.HookTestStep",
              "test": "Add group member- Status Code Validation",
              "parameters": [],
              "suite": "Smart Search Process",
              "logOutput": [],
              "remoteExecutionEvidence": [],
              "resourceMetaDataList": [],
              "userInterfaces": [],
              "webservices": []
            },
            {
              "id": "user calls a POST request for AddgroupmemberValidation_1675293636347_1",
              "testMethodId": "user calls a POST request for AddgroupmemberValidation_1675293636347_1",
              "name": "user calls a POST request for AddgroupmemberValidation",
              "description": "When ",
              "configuration": false,
              "methodType": "Step",
              "startDateTime": {
                "dateTime": {
                  "date": {
                    "year": 2023,
                    "month": 2,
                    "day": 1
                  },
                  "time": {
                    "hour": 23,
                    "minute": 20,
                    "second": 36,
                    "nano": 347036300
                  }
                },
                "offset": {
                  "totalSeconds": 0
                },
                "zone": {
                  "totalSeconds": 0
                }
              },
              "endDateTime": {
                "dateTime": {
                  "date": {
                    "year": 2023,
                    "month": 2,
                    "day": 1
                  },
                  "time": {
                    "hour": 23,
                    "minute": 20,
                    "second": 36,
                    "nano": 348815200
                  }
                },
                "offset": {
                  "totalSeconds": 0
                },
                "zone": {
                  "totalSeconds": 0
                }
              },
              "duration": "00h:00m:00s",
              "statusEnum": "FAILED",
              "status": "FAILED",
              "bug": {
                "message": "AssertionError: Calling POST Rest API method expected [true] but found [false]",
                "stackTrace": "java.lang.AssertionError: Calling POST Rest API method expected [true] but found [false]\r\n\tat org.testng.Assert.fail(Assert.java:99)\r\n\tat org.testng.Assert.failNotEquals(Assert.java:1037)\r\n\tat org.testng.Assert.assertTrue(Assert.java:45)\r\n\tat LPLCoreDriver.LPLCoreReporter.writeStepToReporter(LPLCoreReporter.java:400)\r\n\tat com.lpl.qe.legacy.portfolioaccountingfeebilling.adiet.webservice.LPLAPICommon.getResponseForPostMethod(LPLAPICommon.java:163)\r\n\tat com.lpl.qe.legacy.portfolioaccountingfeebilling.adiet.webservice.LPLAPICommon.getRestResponse(LPLAPICommon.java:79)\r\n\tat com.lpl.qe.legacy.portfolioaccountingfeebilling.householdinggrouputility.webservice.cucumber.steps.CommonStepDef.makeRestServiceCall(CommonStepDef.java:106)\r\n\tat ✽.user calls a POST request for AddgroupmemberValidation(file:///C:/UIAutomationProject/portfolio-accounting-fee-billing/src/test/resources/features/householdinggrouputility/webservice/Addgroupmember.feature:6)\r\n"
              },
              "testClass": "io.cucumber.core.runner.PickleStepTestStep",
              "test": "Add group member- Status Code Validation",
              "parameters": [],
              "suite": "Smart Search Process",
              "logOutput": [],
              "remoteExecutionEvidence": [],
              "resourceMetaDataList": [],
              "userInterfaces": [],
              "webservices": []
            },
            {
              "id": "user should see 201 for status code_1675293636350_1",
              "testMethodId": "user should see 201 for status code_1675293636350_1",
              "name": "user should see 201 for status code",
              "description": "Then ",
              "configuration": false,
              "methodType": "Step",
              "startDateTime": {
                "dateTime": {
                  "date": {
                    "year": 2023,
                    "month": 2,
                    "day": 1
                  },
                  "time": {
                    "hour": 23,
                    "minute": 20,
                    "second": 36,
                    "nano": 350368900
                  }
                },
                "offset": {
                  "totalSeconds": 0
                },
                "zone": {
                  "totalSeconds": 0
                }
              },
              "endDateTime": {
                "dateTime": {
                  "date": {
                    "year": 2023,
                    "month": 2,
                    "day": 1
                  },
                  "time": {
                    "hour": 23,
                    "minute": 20,
                    "second": 36,
                    "nano": 351093900
                  }
                },
                "offset": {
                  "totalSeconds": 0
                },
                "zone": {
                  "totalSeconds": 0
                }
              },
              "duration": "00h:00m:00s",
              "statusEnum": "SKIPPED",
              "status": "SKIPPED",
              "testClass": "io.cucumber.core.runner.PickleStepTestStep",
              "test": "Add group member- Status Code Validation",
              "parameters": [],
              "suite": "Smart Search Process",
              "logOutput": [],
              "remoteExecutionEvidence": [],
              "resourceMetaDataList": [],
              "userInterfaces": [],
              "webservices": []
            },
            {
              "id": "AFTERHook_1675293636352_1",
              "testMethodId": "AFTERHook_1675293636352_1",
              "name": "AFTERHook",
              "configuration": true,
              "methodType": "TestMethod",
              "startDateTime": {
                "dateTime": {
                  "date": {
                    "year": 2023,
                    "month": 2,
                    "day": 1
                  },
                  "time": {
                    "hour": 23,
                    "minute": 20,
                    "second": 36,
                    "nano": 352447900
                  }
                },
                "offset": {
                  "totalSeconds": 0
                },
                "zone": {
                  "totalSeconds": 0
                }
              },
              "endDateTime": {
                "dateTime": {
                  "date": {
                    "year": 2023,
                    "month": 2,
                    "day": 1
                  },
                  "time": {
                    "hour": 23,
                    "minute": 20,
                    "second": 36,
                    "nano": 352447900
                  }
                },
                "offset": {
                  "totalSeconds": 0
                },
                "zone": {
                  "totalSeconds": 0
                }
              },
              "duration": "00h:00m:00s",
              "statusEnum": "PASSED",
              "status": "PASSED",
              "testClass": "io.cucumber.core.runner.HookTestStep",
              "test": "Add group member- Status Code Validation",
              "parameters": [],
              "suite": "Smart Search Process",
              "logOutput": [],
              "remoteExecutionEvidence": [],
              "resourceMetaDataList": [],
              "userInterfaces": [],
              "webservices": []
            }
          ]
        }
      ]
    }
  ],
  "testMethodList": [
    {
      "id": "BEFOREHook_1675293636346_1",
      "testMethodId": "BEFOREHook_1675293636346_1",
      "name": "BEFOREHook",
      "configuration": true,
      "methodType": "TestMethod",
      "startDateTime": {
        "dateTime": {
          "date": {
            "year": 2023,
            "month": 2,
            "day": 1
          },
          "time": {
            "hour": 23,
            "minute": 20,
            "second": 36,
            "nano": 346039700
          }
        },
        "offset": {
          "totalSeconds": 0
        },
        "zone": {
          "totalSeconds": 0
        }
      },
      "endDateTime": {
        "dateTime": {
          "date": {
            "year": 2023,
            "month": 2,
            "day": 1
          },
          "time": {
            "hour": 23,
            "minute": 20,
            "second": 36,
            "nano": 346039700
          }
        },
        "offset": {
          "totalSeconds": 0
        },
        "zone": {
          "totalSeconds": 0
        }
      },
      "duration": "00h:00m:00s",
      "statusEnum": "PASSED",
      "status": "PASSED",
      "testClass": "io.cucumber.core.runner.HookTestStep",
      "test": "Add group member- Status Code Validation",
      "parameters": [],
      "suite": "Smart Search Process",
      "logOutput": [],
      "remoteExecutionEvidence": [],
      "resourceMetaDataList": [],
      "userInterfaces": [],
      "webservices": []
    },
    {
      "id": "user calls a POST request for AddgroupmemberValidation_1675293636347_1",
      "testMethodId": "user calls a POST request for AddgroupmemberValidation_1675293636347_1",
      "name": "user calls a POST request for AddgroupmemberValidation",
      "description": "When ",
      "configuration": false,
      "methodType": "Step",
      "startDateTime": {
        "dateTime": {
          "date": {
            "year": 2023,
            "month": 2,
            "day": 1
          },
          "time": {
            "hour": 23,
            "minute": 20,
            "second": 36,
            "nano": 347036300
          }
        },
        "offset": {
          "totalSeconds": 0
        },
        "zone": {
          "totalSeconds": 0
        }
      },
      "endDateTime": {
        "dateTime": {
          "date": {
            "year": 2023,
            "month": 2,
            "day": 1
          },
          "time": {
            "hour": 23,
            "minute": 20,
            "second": 36,
            "nano": 348815200
          }
        },
        "offset": {
          "totalSeconds": 0
        },
        "zone": {
          "totalSeconds": 0
        }
      },
      "duration": "00h:00m:00s",
      "statusEnum": "FAILED",
      "status": "FAILED",
      "bug": {
        "message": "AssertionError: Calling POST Rest API method expected [true] but found [false]",
        "stackTrace": "java.lang.AssertionError: Calling POST Rest API method expected [true] but found [false]\r\n\tat org.testng.Assert.fail(Assert.java:99)\r\n\tat org.testng.Assert.failNotEquals(Assert.java:1037)\r\n\tat org.testng.Assert.assertTrue(Assert.java:45)\r\n\tat LPLCoreDriver.LPLCoreReporter.writeStepToReporter(LPLCoreReporter.java:400)\r\n\tat com.lpl.qe.legacy.portfolioaccountingfeebilling.adiet.webservice.LPLAPICommon.getResponseForPostMethod(LPLAPICommon.java:163)\r\n\tat com.lpl.qe.legacy.portfolioaccountingfeebilling.adiet.webservice.LPLAPICommon.getRestResponse(LPLAPICommon.java:79)\r\n\tat com.lpl.qe.legacy.portfolioaccountingfeebilling.householdinggrouputility.webservice.cucumber.steps.CommonStepDef.makeRestServiceCall(CommonStepDef.java:106)\r\n\tat ✽.user calls a POST request for AddgroupmemberValidation(file:///C:/UIAutomationProject/portfolio-accounting-fee-billing/src/test/resources/features/householdinggrouputility/webservice/Addgroupmember.feature:6)\r\n"
      },
      "testClass": "io.cucumber.core.runner.PickleStepTestStep",
      "test": "Add group member- Status Code Validation",
      "parameters": [],
      "suite": "Smart Search Process",
      "logOutput": [],
      "remoteExecutionEvidence": [],
      "resourceMetaDataList": [],
      "userInterfaces": [],
      "webservices": []
    },
    {
      "id": "user should see 201 for status code_1675293636350_1",
      "testMethodId": "user should see 201 for status code_1675293636350_1",
      "name": "user should see 201 for status code",
      "description": "Then ",
      "configuration": false,
      "methodType": "Step",
      "startDateTime": {
        "dateTime": {
          "date": {
            "year": 2023,
            "month": 2,
            "day": 1
          },
          "time": {
            "hour": 23,
            "minute": 20,
            "second": 36,
            "nano": 350368900
          }
        },
        "offset": {
          "totalSeconds": 0
        },
        "zone": {
          "totalSeconds": 0
        }
      },
      "endDateTime": {
        "dateTime": {
          "date": {
            "year": 2023,
            "month": 2,
            "day": 1
          },
          "time": {
            "hour": 23,
            "minute": 20,
            "second": 36,
            "nano": 351093900
          }
        },
        "offset": {
          "totalSeconds": 0
        },
        "zone": {
          "totalSeconds": 0
        }
      },
      "duration": "00h:00m:00s",
      "statusEnum": "SKIPPED",
      "status": "SKIPPED",
      "testClass": "io.cucumber.core.runner.PickleStepTestStep",
      "test": "Add group member- Status Code Validation",
      "parameters": [],
      "suite": "Smart Search Process",
      "logOutput": [],
      "remoteExecutionEvidence": [],
      "resourceMetaDataList": [],
      "userInterfaces": [],
      "webservices": []
    },
    {
      "id": "AFTERHook_1675293636352_1",
      "testMethodId": "AFTERHook_1675293636352_1",
      "name": "AFTERHook",
      "configuration": true,
      "methodType": "TestMethod",
      "startDateTime": {
        "dateTime": {
          "date": {
            "year": 2023,
            "month": 2,
            "day": 1
          },
          "time": {
            "hour": 23,
            "minute": 20,
            "second": 36,
            "nano": 352447900
          }
        },
        "offset": {
          "totalSeconds": 0
        },
        "zone": {
          "totalSeconds": 0
        }
      },
      "endDateTime": {
        "dateTime": {
          "date": {
            "year": 2023,
            "month": 2,
            "day": 1
          },
          "time": {
            "hour": 23,
            "minute": 20,
            "second": 36,
            "nano": 352447900
          }
        },
        "offset": {
          "totalSeconds": 0
        },
        "zone": {
          "totalSeconds": 0
        }
      },
      "duration": "00h:00m:00s",
      "statusEnum": "PASSED",
      "status": "PASSED",
      "testClass": "io.cucumber.core.runner.HookTestStep",
      "test": "Add group member- Status Code Validation",
      "parameters": [],
      "suite": "Smart Search Process",
      "logOutput": [],
      "remoteExecutionEvidence": [],
      "resourceMetaDataList": [],
      "userInterfaces": [],
      "webservices": []
    },
    {
      "id": "BEFOREHook_1675293636346_1",
      "testMethodId": "BEFOREHook_1675293636346_1",
      "name": "BEFOREHook",
      "configuration": true,
      "methodType": "TestMethod",
      "startDateTime": {
        "dateTime": {
          "date": {
            "year": 2023,
            "month": 2,
            "day": 1
          },
          "time": {
            "hour": 23,
            "minute": 20,
            "second": 36,
            "nano": 346039700
          }
        },
        "offset": {
          "totalSeconds": 0
        },
        "zone": {
          "totalSeconds": 0
        }
      },
      "endDateTime": {
        "dateTime": {
          "date": {
            "year": 2023,
            "month": 2,
            "day": 1
          },
          "time": {
            "hour": 23,
            "minute": 20,
            "second": 36,
            "nano": 346039700
          }
        },
        "offset": {
          "totalSeconds": 0
        },
        "zone": {
          "totalSeconds": 0
        }
      },
      "duration": "00h:00m:00s",
      "statusEnum": "PASSED",
      "status": "PASSED",
      "testClass": "io.cucumber.core.runner.HookTestStep",
      "test": "Add group member- Status Code Validation",
      "parameters": [],
      "suite": "Smart Search Process",
      "logOutput": [],
      "remoteExecutionEvidence": [],
      "resourceMetaDataList": [],
      "userInterfaces": [],
      "webservices": []
    },
    {
      "id": "user calls a POST request for AddgroupmemberValidation_1675293636347_1",
      "testMethodId": "user calls a POST request for AddgroupmemberValidation_1675293636347_1",
      "name": "user calls a POST request for AddgroupmemberValidation",
      "description": "When ",
      "configuration": false,
      "methodType": "Step",
      "startDateTime": {
        "dateTime": {
          "date": {
            "year": 2023,
            "month": 2,
            "day": 1
          },
          "time": {
            "hour": 23,
            "minute": 20,
            "second": 36,
            "nano": 347036300
          }
        },
        "offset": {
          "totalSeconds": 0
        },
        "zone": {
          "totalSeconds": 0
        }
      },
      "endDateTime": {
        "dateTime": {
          "date": {
            "year": 2023,
            "month": 2,
            "day": 1
          },
          "time": {
            "hour": 23,
            "minute": 20,
            "second": 36,
            "nano": 348815200
          }
        },
        "offset": {
          "totalSeconds": 0
        },
        "zone": {
          "totalSeconds": 0
        }
      },
      "duration": "00h:00m:00s",
      "statusEnum": "FAILED",
      "status": "FAILED",
      "bug": {
        "message": "AssertionError: Calling POST Rest API method expected [true] but found [false]",
        "stackTrace": "java.lang.AssertionError: Calling POST Rest API method expected [true] but found [false]\r\n\tat org.testng.Assert.fail(Assert.java:99)\r\n\tat org.testng.Assert.failNotEquals(Assert.java:1037)\r\n\tat org.testng.Assert.assertTrue(Assert.java:45)\r\n\tat LPLCoreDriver.LPLCoreReporter.writeStepToReporter(LPLCoreReporter.java:400)\r\n\tat com.lpl.qe.legacy.portfolioaccountingfeebilling.adiet.webservice.LPLAPICommon.getResponseForPostMethod(LPLAPICommon.java:163)\r\n\tat com.lpl.qe.legacy.portfolioaccountingfeebilling.adiet.webservice.LPLAPICommon.getRestResponse(LPLAPICommon.java:79)\r\n\tat com.lpl.qe.legacy.portfolioaccountingfeebilling.householdinggrouputility.webservice.cucumber.steps.CommonStepDef.makeRestServiceCall(CommonStepDef.java:106)\r\n\tat ✽.user calls a POST request for AddgroupmemberValidation(file:///C:/UIAutomationProject/portfolio-accounting-fee-billing/src/test/resources/features/householdinggrouputility/webservice/Addgroupmember.feature:6)\r\n"
      },
      "testClass": "io.cucumber.core.runner.PickleStepTestStep",
      "test": "Add group member- Status Code Validation",
      "parameters": [],
      "suite": "Smart Search Process",
      "logOutput": [],
      "remoteExecutionEvidence": [],
      "resourceMetaDataList": [],
      "userInterfaces": [],
      "webservices": []
    },
    {
      "id": "user should see 201 for status code_1675293636350_1",
      "testMethodId": "user should see 201 for status code_1675293636350_1",
      "name": "user should see 201 for status code",
      "description": "Then ",
      "configuration": false,
      "methodType": "Step",
      "startDateTime": {
        "dateTime": {
          "date": {
            "year": 2023,
            "month": 2,
            "day": 1
          },
          "time": {
            "hour": 23,
            "minute": 20,
            "second": 36,
            "nano": 350368900
          }
        },
        "offset": {
          "totalSeconds": 0
        },
        "zone": {
          "totalSeconds": 0
        }
      },
      "endDateTime": {
        "dateTime": {
          "date": {
            "year": 2023,
            "month": 2,
            "day": 1
          },
          "time": {
            "hour": 23,
            "minute": 20,
            "second": 36,
            "nano": 351093900
          }
        },
        "offset": {
          "totalSeconds": 0
        },
        "zone": {
          "totalSeconds": 0
        }
      },
      "duration": "00h:00m:00s",
      "statusEnum": "SKIPPED",
      "status": "SKIPPED",
      "testClass": "io.cucumber.core.runner.PickleStepTestStep",
      "test": "Add group member- Status Code Validation",
      "parameters": [],
      "suite": "Smart Search Process",
      "logOutput": [],
      "remoteExecutionEvidence": [],
      "resourceMetaDataList": [],
      "userInterfaces": [],
      "webservices": []
    },
    {
      "id": "AFTERHook_1675293636352_1",
      "testMethodId": "AFTERHook_1675293636352_1",
      "name": "AFTERHook",
      "configuration": true,
      "methodType": "TestMethod",
      "startDateTime": {
        "dateTime": {
          "date": {
            "year": 2023,
            "month": 2,
            "day": 1
          },
          "time": {
            "hour": 23,
            "minute": 20,
            "second": 36,
            "nano": 352447900
          }
        },
        "offset": {
          "totalSeconds": 0
        },
        "zone": {
          "totalSeconds": 0
        }
      },
      "endDateTime": {
        "dateTime": {
          "date": {
            "year": 2023,
            "month": 2,
            "day": 1
          },
          "time": {
            "hour": 23,
            "minute": 20,
            "second": 36,
            "nano": 352447900
          }
        },
        "offset": {
          "totalSeconds": 0
        },
        "zone": {
          "totalSeconds": 0
        }
      },
      "duration": "00h:00m:00s",
      "statusEnum": "PASSED",
      "status": "PASSED",
      "testClass": "io.cucumber.core.runner.HookTestStep",
      "test": "Add group member- Status Code Validation",
      "parameters": [],
      "suite": "Smart Search Process",
      "logOutput": [],
      "remoteExecutionEvidence": [],
      "resourceMetaDataList": [],
      "userInterfaces": [],
      "webservices": []
    }
  ],
  "bugListMap": {
    "AssertionError: Calling POST Rest API method expected [true] but found [false]": [
      {
        "id": "user calls a POST request for AddgroupmemberValidation_1675293636347_1",
        "testMethodId": "user calls a POST request for AddgroupmemberValidation_1675293636347_1",
        "name": "user calls a POST request for AddgroupmemberValidation",
        "description": "When ",
        "configuration": false,
        "methodType": "Step",
        "startDateTime": {
          "dateTime": {
            "date": {
              "year": 2023,
              "month": 2,
              "day": 1
            },
            "time": {
              "hour": 23,
              "minute": 20,
              "second": 36,
              "nano": 347036300
            }
          },
          "offset": {
            "totalSeconds": 0
          },
          "zone": {
            "totalSeconds": 0
          }
        },
        "endDateTime": {
          "dateTime": {
            "date": {
              "year": 2023,
              "month": 2,
              "day": 1
            },
            "time": {
              "hour": 23,
              "minute": 20,
              "second": 36,
              "nano": 348815200
            }
          },
          "offset": {
            "totalSeconds": 0
          },
          "zone": {
            "totalSeconds": 0
          }
        },
        "duration": "00h:00m:00s",
        "statusEnum": "FAILED",
        "status": "FAILED",
        "bug": {
          "message": "AssertionError: Calling POST Rest API method expected [true] but found [false]",
          "stackTrace": "java.lang.AssertionError: Calling POST Rest API method expected [true] but found [false]\r\n\tat org.testng.Assert.fail(Assert.java:99)\r\n\tat org.testng.Assert.failNotEquals(Assert.java:1037)\r\n\tat org.testng.Assert.assertTrue(Assert.java:45)\r\n\tat LPLCoreDriver.LPLCoreReporter.writeStepToReporter(LPLCoreReporter.java:400)\r\n\tat com.lpl.qe.legacy.portfolioaccountingfeebilling.adiet.webservice.LPLAPICommon.getResponseForPostMethod(LPLAPICommon.java:163)\r\n\tat com.lpl.qe.legacy.portfolioaccountingfeebilling.adiet.webservice.LPLAPICommon.getRestResponse(LPLAPICommon.java:79)\r\n\tat com.lpl.qe.legacy.portfolioaccountingfeebilling.householdinggrouputility.webservice.cucumber.steps.CommonStepDef.makeRestServiceCall(CommonStepDef.java:106)\r\n\tat ✽.user calls a POST request for AddgroupmemberValidation(file:///C:/UIAutomationProject/portfolio-accounting-fee-billing/src/test/resources/features/householdinggrouputility/webservice/Addgroupmember.feature:6)\r\n"
        },
        "testClass": "io.cucumber.core.runner.PickleStepTestStep",
        "test": "Add group member- Status Code Validation",
        "parameters": [],
        "suite": "Smart Search Process",
        "logOutput": [],
        "remoteExecutionEvidence": [],
        "resourceMetaDataList": [],
        "userInterfaces": [],
        "webservices": []
      },
      {
        "id": "user calls a POST request for AddgroupmemberValidation_1675293636347_1",
        "testMethodId": "user calls a POST request for AddgroupmemberValidation_1675293636347_1",
        "name": "user calls a POST request for AddgroupmemberValidation",
        "description": "When ",
        "configuration": false,
        "methodType": "Step",
        "startDateTime": {
          "dateTime": {
            "date": {
              "year": 2023,
              "month": 2,
              "day": 1
            },
            "time": {
              "hour": 23,
              "minute": 20,
              "second": 36,
              "nano": 347036300
            }
          },
          "offset": {
            "totalSeconds": 0
          },
          "zone": {
            "totalSeconds": 0
          }
        },
        "endDateTime": {
          "dateTime": {
            "date": {
              "year": 2023,
              "month": 2,
              "day": 1
            },
            "time": {
              "hour": 23,
              "minute": 20,
              "second": 36,
              "nano": 348815200
            }
          },
          "offset": {
            "totalSeconds": 0
          },
          "zone": {
            "totalSeconds": 0
          }
        },
        "duration": "00h:00m:00s",
        "statusEnum": "FAILED",
        "status": "FAILED",
        "bug": {
          "message": "AssertionError: Calling POST Rest API method expected [true] but found [false]",
          "stackTrace": "java.lang.AssertionError: Calling POST Rest API method expected [true] but found [false]\r\n\tat org.testng.Assert.fail(Assert.java:99)\r\n\tat org.testng.Assert.failNotEquals(Assert.java:1037)\r\n\tat org.testng.Assert.assertTrue(Assert.java:45)\r\n\tat LPLCoreDriver.LPLCoreReporter.writeStepToReporter(LPLCoreReporter.java:400)\r\n\tat com.lpl.qe.legacy.portfolioaccountingfeebilling.adiet.webservice.LPLAPICommon.getResponseForPostMethod(LPLAPICommon.java:163)\r\n\tat com.lpl.qe.legacy.portfolioaccountingfeebilling.adiet.webservice.LPLAPICommon.getRestResponse(LPLAPICommon.java:79)\r\n\tat com.lpl.qe.legacy.portfolioaccountingfeebilling.householdinggrouputility.webservice.cucumber.steps.CommonStepDef.makeRestServiceCall(CommonStepDef.java:106)\r\n\tat ✽.user calls a POST request for AddgroupmemberValidation(file:///C:/UIAutomationProject/portfolio-accounting-fee-billing/src/test/resources/features/householdinggrouputility/webservice/Addgroupmember.feature:6)\r\n"
        },
        "testClass": "io.cucumber.core.runner.PickleStepTestStep",
        "test": "Add group member- Status Code Validation",
        "parameters": [],
        "suite": "Smart Search Process",
        "logOutput": [],
        "remoteExecutionEvidence": [],
        "resourceMetaDataList": [],
        "userInterfaces": [],
        "webservices": []
      }
    ]
  },
  "violationsListMap": {}
}